"cuenta_mesa_id","created_at","estado","fecha_hora_fin","fecha_hora_ini","monto_total","num_comensales","updated_at","cliente_id","mesa_id","tenant_id"
"1","2024-02-09 21:47:00","CERRADA","2024-02-10 00:34:03.692887","2024-02-09 21:47:00","301.00",5,"2024-02-10 00:34:03.692887","14","12","1"
"2","2023-09-08 12:35:00","CERRADA","2023-09-08 13:58:51.631085","2023-09-08 12:35:00","204.00",1,"2023-09-08 13:58:51.631085","218","1","1"
"3","2024-09-06 12:48:00","CERRADA","2024-09-06 15:24:41.898613","2024-09-06 12:48:00","164.00",4,"2024-09-06 15:24:41.898613","281","7","1"
"4","2024-01-08 12:24:00","CERRADA","2024-01-08 13:35:36.357913","2024-01-08 12:24:00","186.00",3,"2024-01-08 13:35:36.357913","176","5","1"
"5","2023-07-16 19:05:00","CERRADA","2023-07-16 21:11:14.692545","2023-07-16 19:05:00","106.00",5,"2023-07-16 21:11:14.692545","1","10","1"
"6","2025-06-02 00:00:00","CERRADA","2025-06-02 00:00:00","2025-06-02 00:00:00","221.00",6,"2025-06-02 00:00:00","1","10","1"
"7","2024-06-28 14:10:00","CERRADA","2024-06-28 15:54:25.302963","2024-06-28 14:10:00","230.00",2,"2024-06-28 15:54:25.302963","121","14","1"
"8","2025-02-14 13:10:00","CERRADA","2025-02-14 15:05:28.273525","2025-02-14 13:10:00","176.00",2,"2025-02-14 15:05:28.273525","138","12","1"
"9","2023-08-04 14:25:00","CERRADA","2023-08-04 15:57:07.734307","2023-08-04 14:25:00","193.00",6,"2023-08-04 15:57:07.734307","287","4","1"
"10","2024-01-05 21:29:00","CERRADA","2024-01-05 22:46:08.675451","2024-01-05 21:29:00","221.00",6,"2024-01-05 22:46:08.675451","292","15","1"
"11","2025-01-24 14:14:00","CERRADA","2025-01-24 17:13:40.745602","2025-01-24 14:14:00","87.00",5,"2025-01-24 17:13:40.745602","289","9","1"
"12","2023-12-22 19:38:00","CERRADA","2023-12-22 20:45:37.399484","2023-12-22 19:38:00","219.00",1,"2023-12-22 20:45:37.399484","254","2","1"
"13","2024-12-19 21:07:00","CERRADA","2024-12-19 23:28:48.314657","2024-12-19 21:07:00","253.00",5,"2024-12-19 23:28:48.314657","241","9","1"
"14","2023-07-29 21:56:00","CERRADA","2023-07-30 00:22:21.700816","2023-07-29 21:56:00","216.00",6,"2023-07-30 00:22:21.700816","138","13","1"
"15","2024-11-02 14:53:00","CERRADA","2024-11-02 17:09:40.436363","2024-11-02 14:53:00","127.00",3,"2024-11-02 17:09:40.436363","1","13","1"
"16","2024-12-05 12:38:00","CERRADA","2024-12-05 14:16:53.92361","2024-12-05 12:38:00","173.00",3,"2024-12-05 14:16:53.92361","80","6","1"
"17","2024-02-02 12:05:00","CERRADA","2024-02-02 14:32:49.734683","2024-02-02 12:05:00","136.00",5,"2024-02-02 14:32:49.734683","187","15","1"
"18","2023-10-11 13:16:00","CERRADA","2023-10-11 15:19:19.251269","2023-10-11 13:16:00","224.00",3,"2023-10-11 15:19:19.251269","1","13","1"
"19","2025-06-02 00:00:00","CERRADA","2025-06-02 00:00:00","2025-06-02 00:00:00","281.00",4,"2025-06-02 00:00:00","110","15","1"
"20","2023-08-11 13:37:00","CERRADA","2023-08-11 15:03:25.565168","2023-08-11 13:37:00","242.00",4,"2023-08-11 15:03:25.565168","63","4","1"
"21","2023-07-04 13:17:00","CERRADA","2023-07-04 15:37:16.640004","2023-07-04 13:17:00","231.00",2,"2023-07-04 15:37:16.640004","32","4","1"
"22","2024-02-05 13:06:00","CERRADA","2024-02-05 14:17:37.901862","2024-02-05 13:06:00","553.00",8,"2024-02-05 14:17:37.901862","69","12","1"
"23","2023-07-27 12:03:00","CERRADA","2023-07-27 13:51:18.873231","2023-07-27 12:03:00","306.00",8,"2023-07-27 13:51:18.873231","218","7","1"
"24","2023-12-15 13:17:00","CERRADA","2023-12-15 15:12:30.922092","2023-12-15 13:17:00","284.00",4,"2023-12-15 15:12:30.922092","57","4","1"
"25","2024-12-20 20:53:00","CERRADA","2024-12-20 21:54:46.256567","2024-12-20 20:53:00","232.00",8,"2024-12-20 21:54:46.256567","1","2","1"
"26","2024-10-11 12:10:00","CERRADA","2024-10-11 13:55:28.606457","2024-10-11 12:10:00","101.00",7,"2024-10-11 13:55:28.606457","123","3","1"
"27","2024-03-22 20:42:00","CERRADA","2024-03-22 23:08:12.539582","2024-03-22 20:42:00","118.00",8,"2024-03-22 23:08:12.539582","1","5","1"
"28","2025-06-02 00:00:00","CERRADA","2025-06-02 00:00:00","2025-06-02 00:00:00","237.00",1,"2025-06-02 00:00:00","153","4","1"
"29","2024-12-08 12:43:00","CERRADA","2024-12-08 15:26:25.098254","2024-12-08 12:43:00","141.00",1,"2024-12-08 15:26:25.098254","273","3","1"
"30","2025-02-28 20:33:00","CERRADA","2025-02-28 22:10:57.862891","2025-02-28 20:33:00","232.00",1,"2025-02-28 22:10:57.862891","293","4","1"
"31","2024-07-12 19:20:00","CERRADA","2024-07-12 22:11:28.931988","2024-07-12 19:20:00","167.00",5,"2024-07-12 22:11:28.931988","162","4","1"
"32","2025-02-27 12:34:00","CERRADA","2025-02-27 13:59:34.711048","2025-02-27 12:34:00","81.00",8,"2025-02-27 13:59:34.711048","1","1","1"
"33","2024-12-09 21:19:00","CERRADA","2024-12-09 23:32:24.079913","2024-12-09 21:19:00","142.00",2,"2024-12-09 23:32:24.079913","180","15","1"
"34","2025-06-02 00:00:00","CERRADA","2025-06-02 00:00:00","2025-06-02 00:00:00","240.00",1,"2025-06-02 00:00:00","1","11","1"
"35","2024-08-08 13:43:00","CERRADA","2024-08-08 15:59:06.513304","2024-08-08 13:43:00","276.00",3,"2024-08-08 15:59:06.513304","56","12","1"
"36","2023-09-04 12:00:00","CERRADA","2023-09-04 13:40:01.607078","2023-09-04 12:00:00","295.00",1,"2023-09-04 13:40:01.607078","252","5","1"
"37","2024-12-17 12:04:00","CERRADA","2024-12-17 14:57:24.366761","2024-12-17 12:04:00","185.00",8,"2024-12-17 14:57:24.366761","136","3","1"
"38","2024-07-14 12:19:00","CERRADA","2024-07-14 14:02:45.49091","2024-07-14 12:19:00","255.00",1,"2024-07-14 14:02:45.49091","78","9","1"
"39","2024-07-07 14:49:00","CERRADA","2024-07-07 16:56:11.161338","2024-07-07 14:49:00","159.00",1,"2024-07-07 16:56:11.161338","1","14","1"
"40","2024-01-30 13:56:00","CERRADA","2024-01-30 15:45:28.519755","2024-01-30 13:56:00","279.00",3,"2024-01-30 15:45:28.519755","1","10","1"
"41","2025-04-17 14:10:00","CERRADA","2025-04-17 16:44:29.096466","2025-04-17 14:10:00","243.00",7,"2025-04-17 16:44:29.096466","172","13","1"
"42","2024-01-19 14:19:00","CERRADA","2024-01-19 16:57:27.861943","2024-01-19 14:19:00","562.00",8,"2024-01-19 16:57:27.861943","21","14","1"
"43","2025-04-11 12:49:00","CERRADA","2025-04-11 14:22:29.699948","2025-04-11 12:49:00","198.00",1,"2025-04-11 14:22:29.699948","1","4","1"
"44","2023-06-30 13:37:00","CERRADA","2023-06-30 16:32:30.247073","2023-06-30 13:37:00","76.00",6,"2023-06-30 16:32:30.247073","206","11","1"
"45","2024-05-20 20:32:00","CERRADA","2024-05-20 21:45:52.649645","2024-05-20 20:32:00","108.00",7,"2024-05-20 21:45:52.649645","57","10","1"
"46","2023-07-17 20:43:00","CERRADA","2023-07-17 23:09:19.895994","2023-07-17 20:43:00","98.00",5,"2023-07-17 23:09:19.895994","1","4","1"
"47","2024-06-14 14:39:00","CERRADA","2024-06-14 16:16:40.192644","2024-06-14 14:39:00","157.00",4,"2024-06-14 16:16:40.192644","1","11","1"
"48","2024-11-08 19:44:00","CERRADA","2024-11-08 21:19:28.717458","2024-11-08 19:44:00","188.00",5,"2024-11-08 21:19:28.717458","1","12","1"
"49","2025-06-02 00:00:00","CERRADA","2025-06-02 00:00:00","2025-06-02 00:00:00","87.00",7,"2025-06-02 00:00:00","217","11","1"
"50","2025-01-15 19:28:00","CERRADA","2025-01-15 21:49:04.516079","2025-01-15 19:28:00","65.00",7,"2025-01-15 21:49:04.516079","148","4","1"
"51","2024-03-22 14:05:00","CERRADA","2024-03-22 16:43:12.648945","2024-03-22 14:05:00","131.00",2,"2024-03-22 16:43:12.648945","88","11","1"
"52","2024-07-18 13:30:00","CERRADA","2024-07-18 15:43:21.172606","2024-07-18 13:30:00","218.00",5,"2024-07-18 15:43:21.172606","1","11","1"
"53","2025-03-07 19:31:00","CERRADA","2025-03-07 21:18:57.500613","2025-03-07 19:31:00","277.00",7,"2025-03-07 21:18:57.500613","1","8","1"
"54","2024-08-16 21:33:00","CERRADA","2024-08-16 23:28:44.759169","2024-08-16 21:33:00","307.00",2,"2024-08-16 23:28:44.759169","4","15","1"
"55","2024-09-19 20:20:00","CERRADA","2024-09-19 23:14:00.285181","2024-09-19 20:20:00","464.00",3,"2024-09-19 23:14:00.285181","64","8","1"
"56","2024-12-20 19:28:00","CERRADA","2024-12-20 20:59:06.179149","2024-12-20 19:28:00","236.00",7,"2024-12-20 20:59:06.179149","1","10","1"
"57","2025-03-07 21:18:00","CERRADA","2025-03-07 22:46:08.353762","2025-03-07 21:18:00","88.00",8,"2025-03-07 22:46:08.353762","143","13","1"
"58","2023-11-03 21:13:00","CERRADA","2023-11-03 22:20:42.447725","2023-11-03 21:13:00","319.00",3,"2023-11-03 22:20:42.447725","278","2","1"
"59","2023-08-04 20:44:00","CERRADA","2023-08-04 21:46:20.630089","2023-08-04 20:44:00","315.00",7,"2023-08-04 21:46:20.630089","279","8","1"
"60","2024-10-04 19:54:00","CERRADA","2024-10-04 22:40:59.819102","2024-10-04 19:54:00","193.00",7,"2024-10-04 22:40:59.819102","1","10","1"
"61","2024-10-18 12:24:00","CERRADA","2024-10-18 14:04:20.132715","2024-10-18 12:24:00","100.00",4,"2024-10-18 14:04:20.132715","1","9","1"
"62","2024-09-22 20:01:00","CERRADA","2024-09-22 22:49:49.887811","2024-09-22 20:01:00","106.00",3,"2024-09-22 22:49:49.887811","209","12","1"
"63","2023-08-18 19:20:00","CERRADA","2023-08-18 20:45:23.954046","2023-08-18 19:20:00","201.00",7,"2023-08-18 20:45:23.954046","15","2","1"
"64","2024-02-15 21:34:00","CERRADA","2024-02-15 22:40:15.016379","2024-02-15 21:34:00","116.00",7,"2024-02-15 22:40:15.016379","196","5","1"
"65","2025-06-02 00:00:00","CERRADA","2025-06-02 00:00:00","2025-06-02 00:00:00","199.00",2,"2025-06-02 00:00:00","1","4","1"
"66","2024-12-30 14:49:00","CERRADA","2024-12-30 16:33:16.045255","2024-12-30 14:49:00","76.00",2,"2024-12-30 16:33:16.045255","66","8","1"
"67","2024-08-19 20:43:00","CERRADA","2024-08-19 23:31:57.788288","2024-08-19 20:43:00","282.00",3,"2024-08-19 23:31:57.788288","60","13","1"
"68","2023-09-14 21:38:00","CERRADA","2023-09-15 00:14:39.801338","2023-09-14 21:38:00","145.00",4,"2023-09-15 00:14:39.801338","103","2","1"
"69","2024-05-24 12:32:00","CERRADA","2024-05-24 14:49:42.311429","2024-05-24 12:32:00","151.00",1,"2024-05-24 14:49:42.311429","1","10","1"
"70","2023-09-22 19:45:00","CERRADA","2023-09-22 21:03:21.536273","2023-09-22 19:45:00","176.00",8,"2023-09-22 21:03:21.536273","217","14","1"
"71","2025-02-21 19:29:00","CERRADA","2025-02-21 21:21:16.13635","2025-02-21 19:29:00","62.00",5,"2025-02-21 21:21:16.13635","269","11","1"
"72","2023-09-01 19:36:00","CERRADA","2023-09-01 21:49:14.38827","2023-09-01 19:36:00","172.00",4,"2023-09-01 21:49:14.38827","139","6","1"
"73","2023-12-08 14:21:00","CERRADA","2023-12-08 15:54:33.541114","2023-12-08 14:21:00","518.00",6,"2023-12-08 15:54:33.541114","16","8","1"
"74","2024-12-12 19:31:00","CERRADA","2024-12-12 21:37:37.268723","2024-12-12 19:31:00","113.00",1,"2024-12-12 21:37:37.268723","143","9","1"
"75","2024-07-02 19:44:00","CERRADA","2024-07-02 21:13:11.79718","2024-07-02 19:44:00","150.00",8,"2024-07-02 21:13:11.79718","245","11","1"
"76","2024-08-10 14:44:00","CERRADA","2024-08-10 16:38:26.965893","2024-08-10 14:44:00","224.00",6,"2024-08-10 16:38:26.965893","190","8","1"
"77","2024-04-26 21:11:00","CERRADA","2024-04-26 22:33:59.095006","2024-04-26 21:11:00","131.00",4,"2024-04-26 22:33:59.095006","120","2","1"
"78","2023-08-12 13:19:00","CERRADA","2023-08-12 14:20:41.868244","2023-08-12 13:19:00","262.00",5,"2023-08-12 14:20:41.868244","143","12","1"
"79","2024-12-20 21:55:00","CERRADA","2024-12-21 00:25:20.103666","2024-12-20 21:55:00","313.00",1,"2024-12-21 00:25:20.103666","142","1","1"
"80","2024-09-27 12:16:00","CERRADA","2024-09-27 15:08:55.657897","2024-09-27 12:16:00","478.00",5,"2024-09-27 15:08:55.657897","8","10","1"
"81","2023-08-18 13:09:00","CERRADA","2023-08-18 15:46:20.222949","2023-08-18 13:09:00","60.00",8,"2023-08-18 15:46:20.222949","35","7","1"
"82","2023-10-06 20:50:00","CERRADA","2023-10-06 23:04:12.612138","2023-10-06 20:50:00","204.00",4,"2023-10-06 23:04:12.612138","1","2","1"
"83","2024-08-30 19:19:00","CERRADA","2024-08-30 21:27:14.132188","2024-08-30 19:19:00","129.00",8,"2024-08-30 21:27:14.132188","1","7","1"
"84","2025-03-07 13:15:00","CERRADA","2025-03-07 14:35:51.457548","2025-03-07 13:15:00","289.00",4,"2025-03-07 14:35:51.457548","52","13","1"
"85","2025-06-02 00:00:00","CERRADA","2025-06-02 00:00:00","2025-06-02 00:00:00","141.00",8,"2025-06-02 00:00:00","3","7","1"
"86","2024-02-27 21:51:00","CERRADA","2024-02-28 00:43:02.412901","2024-02-27 21:51:00","223.00",4,"2024-02-28 00:43:02.412901","1","2","1"
"87","2024-07-29 14:38:00","CERRADA","2024-07-29 17:07:52.495599","2024-07-29 14:38:00","231.00",3,"2024-07-29 17:07:52.495599","280","4","1"
"88","2024-09-23 14:32:00","CERRADA","2024-09-23 16:36:47.867251","2024-09-23 14:32:00","189.00",2,"2024-09-23 16:36:47.867251","149","8","1"
"89","2024-07-27 21:53:00","CERRADA","2024-07-28 00:36:15.721484","2024-07-27 21:53:00","551.00",7,"2024-07-28 00:36:15.721484","22","15","1"
"90","2025-01-17 19:33:00","CERRADA","2025-01-17 21:51:10.868324","2025-01-17 19:33:00","296.00",5,"2025-01-17 21:51:10.868324","12","13","1"
"91","2025-03-13 19:22:00","CERRADA","2025-03-13 21:11:00.106273","2025-03-13 19:22:00","270.00",7,"2025-03-13 21:11:00.106273","1","3","1"
"92","2024-05-10 21:25:00","CERRADA","2024-05-11 00:02:37.67545","2024-05-10 21:25:00","64.00",3,"2024-05-11 00:02:37.67545","55","14","1"
"93","2024-02-16 19:55:00","CERRADA","2024-02-16 21:56:45.093017","2024-02-16 19:55:00","115.00",6,"2024-02-16 21:56:45.093017","234","2","1"
"94","2024-08-02 20:48:00","CERRADA","2024-08-02 22:47:49.150337","2024-08-02 20:48:00","45.00",8,"2024-08-02 22:47:49.150337","1","11","1"
"95","2024-12-20 21:31:00","CERRADA","2024-12-20 22:45:34.2678","2024-12-20 21:31:00","177.00",5,"2024-12-20 22:45:34.2678","28","4","1"
"96","2025-05-30 20:26:00","CERRADA","2025-05-30 21:37:11.106249","2025-05-30 20:26:00","153.00",4,"2025-05-30 21:37:11.106249","1","10","1"
"97","2024-09-16 13:31:00","CERRADA","2024-09-16 16:22:55.102032","2024-09-16 13:31:00","180.00",2,"2024-09-16 16:22:55.102032","1","15","1"
"98","2024-09-27 19:12:00","CERRADA","2024-09-27 22:02:37.45068","2024-09-27 19:12:00","151.00",8,"2024-09-27 22:02:37.45068","141","7","1"
"99","2024-03-10 14:59:00","CERRADA","2024-03-10 17:33:31.565322","2024-03-10 14:59:00","280.00",2,"2024-03-10 17:33:31.565322","71","14","1"
"100","2025-01-24 13:28:00","CERRADA","2025-01-24 15:32:37.780159","2025-01-24 13:28:00","372.00",5,"2025-01-24 15:32:37.780159","3","5","1"
"101","2024-09-10 21:15:00","CERRADA","2024-09-10 23:23:36.943022","2024-09-10 21:15:00","156.00",7,"2024-09-10 23:23:36.943022","284","13","1"
"102","2024-09-28 19:42:00","CERRADA","2024-09-28 22:17:05.234357","2024-09-28 19:42:00","94.00",6,"2024-09-28 22:17:05.234357","212","1","1"
"103","2023-10-13 12:55:00","CERRADA","2023-10-13 15:36:24.283846","2023-10-13 12:55:00","225.00",1,"2023-10-13 15:36:24.283846","79","8","1"
"104","2024-07-25 12:30:00","CERRADA","2024-07-25 15:03:46.982097","2024-07-25 12:30:00","286.00",3,"2024-07-25 15:03:46.982097","235","1","1"
"105","2024-05-03 19:20:00","CERRADA","2024-05-03 21:35:12.954089","2024-05-03 19:20:00","156.00",2,"2024-05-03 21:35:12.954089","205","11","1"
"106","2025-02-28 14:14:00","CERRADA","2025-02-28 16:43:36.717841","2025-02-28 14:14:00","145.00",1,"2025-02-28 16:43:36.717841","1","8","1"
"107","2024-08-30 12:02:00","CERRADA","2024-08-30 13:40:55.497601","2024-08-30 12:02:00","355.00",2,"2024-08-30 13:40:55.497601","52","13","1"
"108","2023-11-03 21:50:00","CERRADA","2023-11-03 23:11:36.40958","2023-11-03 21:50:00","124.00",7,"2023-11-03 23:11:36.40958","185","6","1"
"109","2024-08-23 21:16:00","CERRADA","2024-08-23 23:11:08.907594","2024-08-23 21:16:00","282.00",4,"2024-08-23 23:11:08.907594","197","10","1"
"110","2025-06-02 00:00:00","CERRADA","2025-06-02 00:00:00","2025-06-02 00:00:00","176.00",5,"2025-06-02 00:00:00","240","15","1"
"111","2023-12-22 12:15:00","CERRADA","2023-12-22 14:00:45.822943","2023-12-22 12:15:00","49.00",5,"2023-12-22 14:00:45.822943","130","8","1"
"112","2023-06-24 14:00:00","CERRADA","2023-06-24 16:07:54.688922","2023-06-24 14:00:00","147.00",5,"2023-06-24 16:07:54.688922","153","12","1"
"113","2024-08-21 13:40:00","CERRADA","2024-08-21 15:02:48.950323","2024-08-21 13:40:00","458.00",8,"2024-08-21 15:02:48.950323","27","15","1"
"114","2025-03-05 19:02:00","CERRADA","2025-03-05 21:11:32.931399","2025-03-05 19:02:00","132.00",2,"2025-03-05 21:11:32.931399","72","11","1"
"115","2024-07-01 20:56:00","CERRADA","2024-07-01 23:52:34.724985","2024-07-01 20:56:00","252.00",5,"2024-07-01 23:52:34.724985","48","15","1"
"116","2024-02-20 14:47:00","CERRADA","2024-02-20 17:31:26.858107","2024-02-20 14:47:00","116.00",3,"2024-02-20 17:31:26.858107","141","14","1"
"117","2023-12-24 21:43:00","CERRADA","2023-12-25 00:40:35.584148","2023-12-24 21:43:00","65.00",2,"2023-12-25 00:40:35.584148","1","8","1"
"118","2023-12-02 12:29:00","CERRADA","2023-12-02 14:13:13.816742","2023-12-02 12:29:00","130.00",6,"2023-12-02 14:13:13.816742","1","13","1"
"119","2025-06-02 00:00:00","CERRADA","2025-06-02 00:00:00","2025-06-02 00:00:00","53.00",7,"2025-06-02 00:00:00","1","5","1"
"120","2025-03-28 21:19:00","CERRADA","2025-03-28 23:36:54.524013","2025-03-28 21:19:00","126.00",4,"2025-03-28 23:36:54.524013","1","6","1"
"121","2024-12-18 13:24:00","CERRADA","2024-12-18 15:18:26.23505","2024-12-18 13:24:00","392.00",5,"2024-12-18 15:18:26.23505","25","1","1"
"122","2024-07-30 20:26:00","CERRADA","2024-07-30 23:18:41.182073","2024-07-30 20:26:00","376.00",3,"2024-07-30 23:18:41.182073","278","7","1"
"123","2024-08-30 12:43:00","CERRADA","2024-08-30 14:27:04.811701","2024-08-30 12:43:00","173.00",8,"2024-08-30 14:27:04.811701","191","4","1"
"124","2023-08-04 12:54:00","CERRADA","2023-08-04 15:32:54.17579","2023-08-04 12:54:00","141.00",6,"2023-08-04 15:32:54.17579","1","11","1"
"125","2023-07-23 13:50:00","CERRADA","2023-07-23 15:57:44.961427","2023-07-23 13:50:00","479.00",1,"2023-07-23 15:57:44.961427","110","11","1"
"126","2024-12-26 12:17:00","CERRADA","2024-12-26 15:00:00.52411","2024-12-26 12:17:00","274.00",4,"2024-12-26 15:00:00.52411","285","4","1"
"127","2023-12-01 13:00:00","CERRADA","2023-12-01 14:42:59.34441","2023-12-01 13:00:00","282.00",5,"2023-12-01 14:42:59.34441","68","9","1"
"128","2023-12-23 19:33:00","CERRADA","2023-12-23 20:46:38.275009","2023-12-23 19:33:00","112.00",6,"2023-12-23 20:46:38.275009","1","10","1"
"129","2024-11-08 13:39:00","CERRADA","2024-11-08 14:44:12.228266","2024-11-08 13:39:00","98.00",6,"2024-11-08 14:44:12.228266","231","13","1"
"130","2024-08-13 19:27:00","CERRADA","2024-08-13 21:49:19.901972","2024-08-13 19:27:00","161.00",5,"2024-08-13 21:49:19.901972","1","14","1"
"131","2024-08-26 20:40:00","CERRADA","2024-08-26 22:50:14.625758","2024-08-26 20:40:00","110.00",2,"2024-08-26 22:50:14.625758","229","2","1"
"132","2024-09-13 21:07:00","CERRADA","2024-09-13 23:49:20.107709","2024-09-13 21:07:00","299.00",5,"2024-09-13 23:49:20.107709","197","10","1"
"133","2024-08-16 14:52:00","CERRADA","2024-08-16 16:46:25.192101","2024-08-16 14:52:00","69.00",4,"2024-08-16 16:46:25.192101","284","12","1"
"134","2024-04-17 13:43:00","CERRADA","2024-04-17 16:33:45.492257","2024-04-17 13:43:00","239.00",7,"2024-04-17 16:33:45.492257","50","6","1"
"135","2023-09-08 13:35:00","CERRADA","2023-09-08 14:42:11.863041","2023-09-08 13:35:00","321.00",7,"2023-09-08 14:42:11.863041","45","2","1"
"136","2025-04-18 21:48:00","CERRADA","2025-04-18 23:38:45.145361","2025-04-18 21:48:00","103.00",6,"2025-04-18 23:38:45.145361","1","9","1"
"137","2025-06-02 00:00:00","CERRADA","2025-06-02 00:00:00","2025-06-02 00:00:00","89.00",5,"2025-06-02 00:00:00","1","1","1"
"138","2023-09-27 19:54:00","CERRADA","2023-09-27 22:01:18.953053","2023-09-27 19:54:00","420.00",6,"2023-09-27 22:01:18.953053","57","6","1"
"139","2025-02-14 14:01:00","CERRADA","2025-02-14 15:22:38.995718","2025-02-14 14:01:00","140.00",1,"2025-02-14 15:22:38.995718","1","10","1"
"140","2024-05-31 20:42:00","CERRADA","2024-05-31 22:30:05.647277","2024-05-31 20:42:00","130.00",6,"2024-05-31 22:30:05.647277","160","15","1"
"141","2024-06-21 14:19:00","CERRADA","2024-06-21 16:45:35.490968","2024-06-21 14:19:00","351.00",4,"2024-06-21 16:45:35.490968","17","2","1"
"142","2023-07-28 12:43:00","CERRADA","2023-07-28 13:52:47.386998","2023-07-28 12:43:00","108.00",2,"2023-07-28 13:52:47.386998","1","10","1"
"143","2024-08-02 12:22:00","CERRADA","2024-08-02 14:13:35.37816","2024-08-02 12:22:00","153.00",8,"2024-08-02 14:13:35.37816","219","8","1"
"144","2023-07-21 12:00:00","CERRADA","2023-07-21 13:24:31.846495","2023-07-21 12:00:00","120.00",5,"2023-07-21 13:24:31.846495","251","9","1"
"145","2024-08-23 21:27:00","CERRADA","2024-08-23 22:48:05.002574","2024-08-23 21:27:00","45.00",3,"2024-08-23 22:48:05.002574","1","13","1"
"146","2023-08-18 19:01:00","CERRADA","2023-08-18 20:56:10.230603","2023-08-18 19:01:00","156.00",6,"2023-08-18 20:56:10.230603","119","9","1"
"147","2025-01-10 14:07:00","CERRADA","2025-01-10 15:55:36.232611","2025-01-10 14:07:00","144.00",7,"2025-01-10 15:55:36.232611","162","10","1"
"148","2025-06-02 00:00:00","CERRADA","2025-06-02 00:00:00","2025-06-02 00:00:00","238.00",8,"2025-06-02 00:00:00","1","3","1"
"149","2024-05-17 12:32:00","CERRADA","2024-05-17 14:47:59.217602","2024-05-17 12:32:00","294.00",5,"2024-05-17 14:47:59.217602","204","14","1"
"150","2024-05-26 13:15:00","CERRADA","2024-05-26 14:27:20.1926","2024-05-26 13:15:00","410.00",6,"2024-05-26 14:27:20.1926","101","15","1"
"151","2025-04-04 21:31:00","CERRADA","2025-04-04 23:26:40.462093","2025-04-04 21:31:00","182.00",3,"2025-04-04 23:26:40.462093","90","10","1"
"152","2025-03-07 19:28:00","CERRADA","2025-03-07 21:43:45.972864","2025-03-07 19:28:00","176.00",6,"2025-03-07 21:43:45.972864","298","8","1"
"153","2024-05-31 19:02:00","CERRADA","2024-05-31 20:08:49.608366","2024-05-31 19:02:00","160.00",1,"2024-05-31 20:08:49.608366","1","10","1"
"154","2025-02-21 20:35:00","CERRADA","2025-02-21 23:29:30.466632","2025-02-21 20:35:00","141.00",2,"2025-02-21 23:29:30.466632","1","2","1"
"155","2024-04-26 12:28:00","CERRADA","2024-04-26 13:40:25.213516","2024-04-26 12:28:00","60.00",4,"2024-04-26 13:40:25.213516","23","8","1"
"156","2024-12-30 19:28:00","CERRADA","2024-12-30 21:30:53.293583","2024-12-30 19:28:00","109.00",2,"2024-12-30 21:30:53.293583","1","6","1"
"157","2024-07-05 20:03:00","CERRADA","2024-07-05 22:37:42.433907","2024-07-05 20:03:00","72.00",5,"2024-07-05 22:37:42.433907","188","6","1"
"158","2024-12-24 21:54:00","CERRADA","2024-12-25 00:12:47.261422","2024-12-24 21:54:00","354.00",2,"2024-12-25 00:12:47.261422","35","6","1"
"159","2024-05-10 14:19:00","CERRADA","2024-05-10 17:15:07.414855","2024-05-10 14:19:00","146.00",3,"2024-05-10 17:15:07.414855","1","14","1"
"160","2024-04-19 14:52:00","CERRADA","2024-04-19 16:07:20.115102","2024-04-19 14:52:00","85.00",2,"2024-04-19 16:07:20.115102","202","3","1"
"161","2024-11-08 13:13:00","CERRADA","2024-11-08 14:54:00.472885","2024-11-08 13:13:00","110.00",7,"2024-11-08 14:54:00.472885","271","2","1"
"162","2023-07-20 20:49:00","CERRADA","2023-07-20 22:53:46.349461","2023-07-20 20:49:00","152.00",4,"2023-07-20 22:53:46.349461","1","4","1"
"163","2025-02-28 13:11:00","CERRADA","2025-02-28 15:50:45.684408","2025-02-28 13:11:00","112.00",6,"2025-02-28 15:50:45.684408","271","1","1"
"164","2024-08-23 21:15:00","CERRADA","2024-08-24 00:11:21.037945","2024-08-23 21:15:00","374.00",3,"2024-08-24 00:11:21.037945","1","13","1"
"165","2024-04-13 13:23:00","CERRADA","2024-04-13 15:44:23.80914","2024-04-13 13:23:00","134.00",4,"2024-04-13 15:44:23.80914","231","4","1"
"166","2024-06-28 13:52:00","CERRADA","2024-06-28 15:15:57.823666","2024-06-28 13:52:00","240.00",5,"2024-06-28 15:15:57.823666","227","8","1"
"167","2024-12-21 12:18:00","CERRADA","2024-12-21 13:28:03.900903","2024-12-21 12:18:00","187.00",8,"2024-12-21 13:28:03.900903","130","1","1"
"168","2024-08-23 19:56:00","CERRADA","2024-08-23 21:37:57.012563","2024-08-23 19:56:00","260.00",3,"2024-08-23 21:37:57.012563","232","15","1"
"169","2024-07-02 12:20:00","CERRADA","2024-07-02 15:11:41.946514","2024-07-02 12:20:00","263.00",6,"2024-07-02 15:11:41.946514","29","7","1"
"170","2023-08-03 21:53:00","CERRADA","2023-08-03 23:09:39.307381","2023-08-03 21:53:00","270.00",6,"2023-08-03 23:09:39.307381","1","11","1"
"171","2023-08-25 13:35:00","CERRADA","2023-08-25 16:27:49.626835","2023-08-25 13:35:00","272.00",1,"2023-08-25 16:27:49.626835","231","10","1"
"172","2024-08-02 21:50:00","CERRADA","2024-08-03 00:04:44.236092","2024-08-02 21:50:00","58.00",5,"2024-08-03 00:04:44.236092","218","2","1"
"173","2025-06-02 00:00:00","CERRADA","2025-06-02 00:00:00","2025-06-02 00:00:00","114.00",1,"2025-06-02 00:00:00","257","10","1"
"174","2025-04-12 14:04:00","CERRADA","2025-04-12 16:58:24.506481","2025-04-12 14:04:00","334.00",3,"2025-04-12 16:58:24.506481","294","7","1"
"175","2024-07-05 19:23:00","CERRADA","2024-07-05 20:53:26.28188","2024-07-05 19:23:00","153.00",1,"2024-07-05 20:53:26.28188","261","9","1"
"176","2025-04-04 21:48:00","CERRADA","2025-04-04 23:27:54.13398","2025-04-04 21:48:00","140.00",4,"2025-04-04 23:27:54.13398","36","6","1"
"177","2025-05-09 21:11:00","CERRADA","2025-05-09 23:48:22.783309","2025-05-09 21:11:00","144.00",3,"2025-05-09 23:48:22.783309","281","6","1"
"178","2023-12-29 12:20:00","CERRADA","2023-12-29 15:12:00.271056","2023-12-29 12:20:00","182.00",5,"2023-12-29 15:12:00.271056","236","1","1"
"179","2023-07-09 14:55:00","CERRADA","2023-07-09 17:28:42.059282","2023-07-09 14:55:00","235.00",5,"2023-07-09 17:28:42.059282","280","8","1"
"180","2023-10-07 19:47:00","CERRADA","2023-10-07 21:39:46.103763","2023-10-07 19:47:00","339.00",5,"2023-10-07 21:39:46.103763","1","6","1"
"181","2024-10-22 20:17:00","CERRADA","2024-10-22 22:53:08.266229","2024-10-22 20:17:00","48.00",3,"2024-10-22 22:53:08.266229","1","6","1"
"182","2024-12-13 14:42:00","CERRADA","2024-12-13 16:17:28.607635","2024-12-13 14:42:00","250.00",3,"2024-12-13 16:17:28.607635","42","7","1"
"183","2024-05-31 14:39:00","CERRADA","2024-05-31 17:38:46.684304","2024-05-31 14:39:00","116.00",8,"2024-05-31 17:38:46.684304","220","3","1"
"184","2024-06-14 13:01:00","CERRADA","2024-06-14 14:18:08.012172","2024-06-14 13:01:00","283.00",7,"2024-06-14 14:18:08.012172","31","2","1"
"185","2023-08-11 14:24:00","CERRADA","2023-08-11 17:17:56.163206","2023-08-11 14:24:00","201.00",3,"2023-08-11 17:17:56.163206","226","1","1"
"186","2024-06-21 20:08:00","CERRADA","2024-06-21 22:11:32.111147","2024-06-21 20:08:00","382.00",8,"2024-06-21 22:11:32.111147","80","11","1"
"187","2023-06-28 19:58:00","CERRADA","2023-06-28 22:05:24.043517","2023-06-28 19:58:00","54.00",2,"2023-06-28 22:05:24.043517","144","4","1"
"188","2024-08-07 13:07:00","CERRADA","2024-08-07 14:23:17.244608","2024-08-07 13:07:00","305.00",8,"2024-08-07 14:23:17.244608","135","12","1"
"189","2023-08-30 14:42:00","CERRADA","2023-08-30 16:23:41.462122","2023-08-30 14:42:00","470.00",8,"2023-08-30 16:23:41.462122","90","15","1"
"190","2023-11-10 21:11:00","CERRADA","2023-11-10 23:46:14.613964","2023-11-10 21:11:00","223.00",5,"2023-11-10 23:46:14.613964","279","5","1"
"191","2024-12-30 20:23:00","CERRADA","2024-12-30 22:19:05.322043","2024-12-30 20:23:00","256.00",3,"2024-12-30 22:19:05.322043","64","4","1"
"192","2023-08-11 21:30:00","CERRADA","2023-08-11 23:33:05.008715","2023-08-11 21:30:00","126.00",2,"2023-08-11 23:33:05.008715","1","3","1"
"193","2023-10-08 19:29:00","CERRADA","2023-10-08 21:50:36.784733","2023-10-08 19:29:00","226.00",2,"2023-10-08 21:50:36.784733","1","14","1"
"194","2023-10-13 12:53:00","CERRADA","2023-10-13 14:07:53.960069","2023-10-13 12:53:00","54.00",3,"2023-10-13 14:07:53.960069","284","11","1"
"195","2025-05-30 20:57:00","CERRADA","2025-05-30 22:31:05.147834","2025-05-30 20:57:00","152.00",6,"2025-05-30 22:31:05.147834","86","3","1"
"196","2023-10-08 12:32:00","CERRADA","2023-10-08 14:48:55.109477","2023-10-08 12:32:00","397.00",5,"2023-10-08 14:48:55.109477","102","11","1"
"197","2025-04-06 14:53:00","CERRADA","2025-04-06 17:43:52.294022","2025-04-06 14:53:00","244.00",3,"2025-04-06 17:43:52.294022","299","3","1"
"198","2025-06-02 00:00:00","CERRADA","2025-06-02 00:00:00","2025-06-02 00:00:00","518.00",1,"2025-06-02 00:00:00","16","2","1"
"199","2024-10-11 19:19:00","CERRADA","2024-10-11 21:13:25.517757","2024-10-11 19:19:00","210.00",5,"2024-10-11 21:13:25.517757","281","5","1"
"200","2024-10-11 13:20:00","CERRADA","2024-10-11 16:03:22.692553","2024-10-11 13:20:00","220.00",7,"2024-10-11 16:03:22.692553","82","8","1"
"201","2024-07-21 19:07:00","CERRADA","2024-07-21 20:39:05.796056","2024-07-21 19:07:00","214.00",3,"2024-07-21 20:39:05.796056","178","7","1"
"202","2024-06-29 13:52:00","CERRADA","2024-06-29 15:31:17.53791","2024-06-29 13:52:00","370.00",5,"2024-06-29 15:31:17.53791","51","1","1"
"203","2024-10-24 14:31:00","CERRADA","2024-10-24 15:33:46.869347","2024-10-24 14:31:00","149.00",3,"2024-10-24 15:33:46.869347","162","4","1"
"204","2024-02-09 12:18:00","CERRADA","2024-02-09 14:17:23.238265","2024-02-09 12:18:00","225.00",8,"2024-02-09 14:17:23.238265","1","9","1"
"205","2024-03-22 19:08:00","CERRADA","2024-03-22 21:53:53.681263","2024-03-22 19:08:00","89.00",8,"2024-03-22 21:53:53.681263","1","11","1"
"206","2024-07-19 14:35:00","CERRADA","2024-07-19 16:09:37.932219","2024-07-19 14:35:00","238.00",1,"2024-07-19 16:09:37.932219","208","6","1"
"207","2025-06-02 00:00:00","CERRADA","2025-06-02 00:00:00","2025-06-02 00:00:00","195.00",5,"2025-06-02 00:00:00","232","13","1"
"208","2023-12-22 12:02:00","CERRADA","2023-12-22 13:06:40.180557","2023-12-22 12:02:00","304.00",3,"2023-12-22 13:06:40.180557","189","13","1"
"209","2023-11-01 14:59:00","CERRADA","2023-11-01 17:12:34.090472","2023-11-01 14:59:00","158.00",8,"2023-11-01 17:12:34.090472","244","9","1"
"210","2024-11-02 21:36:00","CERRADA","2024-11-02 23:11:58.492066","2024-11-02 21:36:00","113.00",6,"2024-11-02 23:11:58.492066","155","10","1"
"211","2025-04-25 14:50:00","CERRADA","2025-04-25 17:37:51.12315","2025-04-25 14:50:00","117.00",6,"2025-04-25 17:37:51.12315","1","6","1"
"212","2025-02-07 20:36:00","CERRADA","2025-02-07 22:03:18.311222","2025-02-07 20:36:00","70.00",1,"2025-02-07 22:03:18.311222","1","11","1"
"213","2023-12-31 21:07:00","CERRADA","2023-12-31 22:29:53.64716","2023-12-31 21:07:00","67.00",7,"2023-12-31 22:29:53.64716","247","3","1"
"214","2025-05-09 20:58:00","CERRADA","2025-05-09 22:54:35.55934","2025-05-09 20:58:00","169.00",7,"2025-05-09 22:54:35.55934","216","3","1"
"215","2025-06-02 00:00:00","CERRADA","2025-06-02 00:00:00","2025-06-02 00:00:00","188.00",1,"2025-06-02 00:00:00","1","12","1"
"216","2024-12-13 21:43:00","CERRADA","2024-12-14 00:00:11.82552","2024-12-13 21:43:00","224.00",6,"2024-12-14 00:00:11.82552","90","8","1"
"217","2024-08-15 14:45:00","CERRADA","2024-08-15 16:09:52.400123","2024-08-15 14:45:00","97.00",4,"2024-08-15 16:09:52.400123","249","4","1"
"218","2024-12-26 14:18:00","CERRADA","2024-12-26 15:32:37.493561","2024-12-26 14:18:00","105.00",6,"2024-12-26 15:32:37.493561","164","8","1"
"219","2024-05-20 14:02:00","CERRADA","2024-05-20 15:36:30.93846","2024-05-20 14:02:00","105.00",7,"2024-05-20 15:36:30.93846","196","15","1"
"220","2025-04-04 13:52:00","CERRADA","2025-04-04 15:56:37.761051","2025-04-04 13:52:00","56.00",8,"2025-04-04 15:56:37.761051","179","15","1"
"221","2023-10-20 13:15:00","CERRADA","2023-10-20 14:21:05.511096","2023-10-20 13:15:00","207.00",5,"2023-10-20 14:21:05.511096","1","12","1"
"222","2023-07-28 19:06:00","CERRADA","2023-07-28 21:27:44.582303","2023-07-28 19:06:00","276.00",4,"2023-07-28 21:27:44.582303","1","4","1"
"223","2024-07-22 19:30:00","CERRADA","2024-07-22 21:48:03.878581","2024-07-22 19:30:00","342.00",3,"2024-07-22 21:48:03.878581","283","15","1"
"224","2024-03-20 12:41:00","CERRADA","2024-03-20 14:49:53.760143","2024-03-20 12:41:00","238.00",6,"2024-03-20 14:49:53.760143","1","5","1"
"225","2024-08-02 12:53:00","CERRADA","2024-08-02 14:40:38.360935","2024-08-02 12:53:00","466.00",3,"2024-08-02 14:40:38.360935","21","15","1"
"226","2023-06-16 14:18:00","CERRADA","2023-06-16 16:12:31.313363","2023-06-16 14:18:00","337.00",1,"2023-06-16 16:12:31.313363","150","15","1"
"227","2024-07-01 14:10:00","CERRADA","2024-07-01 16:37:44.058483","2024-07-01 14:10:00","266.00",3,"2024-07-01 16:37:44.058483","270","8","1"
"228","2024-04-05 13:39:00","CERRADA","2024-04-05 16:21:44.254831","2024-04-05 13:39:00","115.00",6,"2024-04-05 16:21:44.254831","97","1","1"
"229","2024-11-15 12:11:00","CERRADA","2024-11-15 15:08:48.133386","2024-11-15 12:11:00","239.00",7,"2024-11-15 15:08:48.133386","1","14","1"
"230","2024-06-28 14:19:00","CERRADA","2024-06-28 16:28:53.717411","2024-06-28 14:19:00","134.00",5,"2024-06-28 16:28:53.717411","129","1","1"
"231","2025-05-16 19:19:00","CERRADA","2025-05-16 20:38:09.961142","2025-05-16 19:19:00","243.00",6,"2025-05-16 20:38:09.961142","135","11","1"
"232","2025-06-02 00:00:00","CERRADA","2025-06-02 00:00:00","2025-06-02 00:00:00","154.00",2,"2025-06-02 00:00:00","161","12","1"
"233","2024-07-31 20:51:00","CERRADA","2024-07-31 23:10:41.479963","2024-07-31 20:51:00","103.00",6,"2024-07-31 23:10:41.479963","234","12","1"
"234","2024-11-22 12:58:00","CERRADA","2024-11-22 15:05:42.0148","2024-11-22 12:58:00","237.00",2,"2024-11-22 15:05:42.0148","128","11","1"
"235","2025-06-02 00:00:00","CERRADA","2025-06-02 00:00:00","2025-06-02 00:00:00","152.00",4,"2025-06-02 00:00:00","282","15","1"
"236","2023-07-28 19:36:00","CERRADA","2023-07-28 20:42:55.704823","2023-07-28 19:36:00","288.00",8,"2023-07-28 20:42:55.704823","252","2","1"
"237","2024-07-12 13:37:00","CERRADA","2024-07-12 14:45:45.812587","2024-07-12 13:37:00","345.00",1,"2024-07-12 14:45:45.812587","159","12","1"
"238","2023-08-11 14:26:00","CERRADA","2023-08-11 15:47:35.865553","2023-08-11 14:26:00","74.00",1,"2023-08-11 15:47:35.865553","34","9","1"
"239","2024-09-03 19:05:00","CERRADA","2024-09-03 21:26:55.65855","2024-09-03 19:05:00","131.00",7,"2024-09-03 21:26:55.65855","217","6","1"
"240","2023-10-06 20:08:00","CERRADA","2023-10-06 22:35:20.578615","2023-10-06 20:08:00","200.00",6,"2023-10-06 22:35:20.578615","278","3","1"
"241","2024-04-05 19:34:00","CERRADA","2024-04-05 21:19:30.79057","2024-04-05 19:34:00","409.00",1,"2024-04-05 21:19:30.79057","3","13","1"
"242","2024-03-15 12:02:00","CERRADA","2024-03-15 14:39:08.242921","2024-03-15 12:02:00","200.00",3,"2024-03-15 14:39:08.242921","237","6","1"
"243","2023-08-11 20:43:00","CERRADA","2023-08-11 23:07:23.661121","2023-08-11 20:43:00","174.00",4,"2023-08-11 23:07:23.661121","10","4","1"
"244","2024-02-02 12:08:00","CERRADA","2024-02-02 14:08:28.050112","2024-02-02 12:08:00","302.00",8,"2024-02-02 14:08:28.050112","24","7","1"
"245","2024-12-02 20:14:00","CERRADA","2024-12-02 22:03:37.633486","2024-12-02 20:14:00","392.00",6,"2024-12-02 22:03:37.633486","296","6","1"
"246","2025-03-04 12:22:00","CERRADA","2025-03-04 15:14:59.422151","2025-03-04 12:22:00","159.00",3,"2025-03-04 15:14:59.422151","287","10","1"
"247","2024-07-26 20:30:00","CERRADA","2024-07-26 21:58:54.970961","2024-07-26 20:30:00","58.00",7,"2024-07-26 21:58:54.970961","270","6","1"
"248","2023-08-04 20:33:00","CERRADA","2023-08-04 21:49:05.467808","2023-08-04 20:33:00","289.00",8,"2023-08-04 21:49:05.467808","75","13","1"
"249","2024-12-04 13:03:00","CERRADA","2024-12-04 14:35:12.923433","2024-12-04 13:03:00","180.00",2,"2024-12-04 14:35:12.923433","106","6","1"
"250","2023-12-11 21:35:00","CERRADA","2023-12-11 23:01:02.518956","2023-12-11 21:35:00","331.00",2,"2023-12-11 23:01:02.518956","22","14","1"
"251","2024-01-04 12:47:00","CERRADA","2024-01-04 15:46:56.918451","2024-01-04 12:47:00","100.00",1,"2024-01-04 15:46:56.918451","172","5","1"
"252","2024-07-12 14:24:00","CERRADA","2024-07-12 16:19:57.003318","2024-07-12 14:24:00","379.00",4,"2024-07-12 16:19:57.003318","126","12","1"
"253","2024-11-08 21:30:00","CERRADA","2024-11-09 00:01:23.728579","2024-11-08 21:30:00","165.00",6,"2024-11-09 00:01:23.728579","159","5","1"
"254","2024-08-02 21:09:00","CERRADA","2024-08-02 22:10:56.783287","2024-08-02 21:09:00","422.00",6,"2024-08-02 22:10:56.783287","106","6","1"
"255","2024-04-05 19:36:00","CERRADA","2024-04-05 22:16:00.21155","2024-04-05 19:36:00","125.00",7,"2024-04-05 22:16:00.21155","298","12","1"
"256","2025-03-20 21:50:00","CERRADA","2025-03-20 23:32:15.668412","2025-03-20 21:50:00","221.00",8,"2025-03-20 23:32:15.668412","174","5","1"
"257","2024-12-08 20:02:00","CERRADA","2024-12-08 22:42:41.293154","2024-12-08 20:02:00","221.00",3,"2024-12-08 22:42:41.293154","281","8","1"
"258","2024-08-02 12:45:00","CERRADA","2024-08-02 14:03:07.413455","2024-08-02 12:45:00","528.00",1,"2024-08-02 14:03:07.413455","26","13","1"
"259","2025-02-23 19:42:00","CERRADA","2025-02-23 21:40:32.551565","2025-02-23 19:42:00","82.00",1,"2025-02-23 21:40:32.551565","235","6","1"
"260","2023-08-23 12:32:00","CERRADA","2023-08-23 15:09:34.731991","2023-08-23 12:32:00","350.00",1,"2023-08-23 15:09:34.731991","284","7","1"
"261","2024-12-22 14:52:00","CERRADA","2024-12-22 16:34:31.975926","2024-12-22 14:52:00","452.00",2,"2024-12-22 16:34:31.975926","93","2","1"
"262","2024-07-26 21:14:00","CERRADA","2024-07-26 22:49:59.81741","2024-07-26 21:14:00","133.00",6,"2024-07-26 22:49:59.81741","1","2","1"
"263","2023-09-08 19:03:00","CERRADA","2023-09-08 21:19:24.586144","2023-09-08 19:03:00","77.00",1,"2023-09-08 21:19:24.586144","1","2","1"
"264","2025-03-23 12:57:00","CERRADA","2025-03-23 15:00:22.746137","2025-03-23 12:57:00","124.00",7,"2025-03-23 15:00:22.746137","44","8","1"
"265","2024-08-08 20:36:00","CERRADA","2024-08-08 22:54:58.386531","2024-08-08 20:36:00","149.00",8,"2024-08-08 22:54:58.386531","110","15","1"
"266","2025-01-24 19:59:00","CERRADA","2025-01-24 21:08:13.949938","2025-01-24 19:59:00","94.00",4,"2025-01-24 21:08:13.949938","163","1","1"
"267","2025-04-25 21:08:00","CERRADA","2025-04-25 23:42:51.586214","2025-04-25 21:08:00","145.00",7,"2025-04-25 23:42:51.586214","125","10","1"
"268","2023-07-28 12:21:00","CERRADA","2023-07-28 14:33:37.214951","2023-07-28 12:21:00","169.00",6,"2023-07-28 14:33:37.214951","42","9","1"
"269","2023-07-02 19:31:00","CERRADA","2023-07-02 20:58:22.596407","2023-07-02 19:31:00","151.00",6,"2023-07-02 20:58:22.596407","205","13","1"
"270","2025-05-02 20:18:00","CERRADA","2025-05-02 22:53:45.997251","2025-05-02 20:18:00","433.00",3,"2025-05-02 22:53:45.997251","194","7","1"
"271","2024-06-25 21:24:00","CERRADA","2024-06-25 23:02:00.083247","2024-06-25 21:24:00","304.00",3,"2024-06-25 23:02:00.083247","44","5","1"
"272","2024-07-04 13:27:00","CERRADA","2024-07-04 15:20:51.674475","2024-07-04 13:27:00","182.00",8,"2024-07-04 15:20:51.674475","4","5","1"
"273","2023-12-01 14:55:00","CERRADA","2023-12-01 16:41:13.713005","2023-12-01 14:55:00","75.00",1,"2023-12-01 16:41:13.713005","210","2","1"
"274","2024-12-25 20:33:00","CERRADA","2024-12-25 21:53:20.997048","2024-12-25 20:33:00","193.00",2,"2024-12-25 21:53:20.997048","200","13","1"
"275","2024-08-08 14:26:00","CERRADA","2024-08-08 16:01:58.216228","2024-08-08 14:26:00","87.00",5,"2024-08-08 16:01:58.216228","73","5","1"
"276","2024-02-09 20:12:00","CERRADA","2024-02-09 22:06:56.603757","2024-02-09 20:12:00","153.00",5,"2024-02-09 22:06:56.603757","1","6","1"
"277","2025-02-28 19:21:00","CERRADA","2025-02-28 21:12:40.436791","2025-02-28 19:21:00","344.00",6,"2025-02-28 21:12:40.436791","5","7","1"
"278","2024-04-05 13:30:00","CERRADA","2024-04-05 15:07:42.119625","2024-04-05 13:30:00","254.00",3,"2024-04-05 15:07:42.119625","1","11","1"
"279","2025-05-13 13:20:00","CERRADA","2025-05-13 15:05:07.598177","2025-05-13 13:20:00","116.00",5,"2025-05-13 15:05:07.598177","1","6","1"
"280","2023-12-26 13:43:00","CERRADA","2023-12-26 16:15:06.848936","2023-12-26 13:43:00","377.00",6,"2023-12-26 16:15:06.848936","1","7","1"
"281","2024-08-23 12:52:00","CERRADA","2024-08-23 15:33:44.073096","2024-08-23 12:52:00","176.00",4,"2024-08-23 15:33:44.073096","238","12","1"
"282","2023-12-22 13:45:00","CERRADA","2023-12-22 15:35:46.521277","2023-12-22 13:45:00","120.00",8,"2023-12-22 15:35:46.521277","1","11","1"
"283","2025-01-24 21:26:00","CERRADA","2025-01-24 23:31:14.245464","2025-01-24 21:26:00","349.00",8,"2025-01-24 23:31:14.245464","231","10","1"
"284","2023-09-21 14:10:00","CERRADA","2023-09-21 16:27:38.398905","2023-09-21 14:10:00","137.00",2,"2023-09-21 16:27:38.398905","1","6","1"
"285","2024-08-16 13:32:00","CERRADA","2024-08-16 16:01:37.341799","2024-08-16 13:32:00","97.00",6,"2024-08-16 16:01:37.341799","206","13","1"
"286","2024-06-21 20:44:00","CERRADA","2024-06-21 22:44:03.353628","2024-06-21 20:44:00","93.00",8,"2024-06-21 22:44:03.353628","296","4","1"
"287","2024-04-05 12:53:00","CERRADA","2024-04-05 15:45:52.868339","2024-04-05 12:53:00","53.00",2,"2024-04-05 15:45:52.868339","14","8","1"
"288","2024-01-05 12:28:00","CERRADA","2024-01-05 14:54:38.356392","2024-01-05 12:28:00","121.00",8,"2024-01-05 14:54:38.356392","161","6","1"
"289","2025-05-30 21:06:00","CERRADA","2025-05-30 23:27:15.403197","2025-05-30 21:06:00","218.00",1,"2025-05-30 23:27:15.403197","36","5","1"
"290","2024-12-20 19:14:00","CERRADA","2024-12-20 21:49:43.841676","2024-12-20 19:14:00","48.00",3,"2024-12-20 21:49:43.841676","126","9","1"
"291","2024-07-12 13:28:00","CERRADA","2024-07-12 15:39:03.86274","2024-07-12 13:28:00","37.00",7,"2024-07-12 15:39:03.86274","97","11","1"
"292","2025-06-02 00:00:00","CERRADA","2025-06-02 00:00:00","2025-06-02 00:00:00","376.00",5,"2025-06-02 00:00:00","111","4","1"
"293","2024-11-23 19:39:00","CERRADA","2024-11-23 21:26:06.316841","2024-11-23 19:39:00","323.00",8,"2024-11-23 21:26:06.316841","60","5","1"
"294","2025-02-28 14:58:00","CERRADA","2025-02-28 17:11:44.288513","2025-02-28 14:58:00","245.00",8,"2025-02-28 17:11:44.288513","182","14","1"
"295","2024-12-02 13:32:00","CERRADA","2024-12-02 15:18:36.935539","2024-12-02 13:32:00","501.00",2,"2024-12-02 15:18:36.935539","70","6","1"
"296","2023-12-15 21:59:00","CERRADA","2023-12-16 00:58:59.276778","2023-12-15 21:59:00","99.00",7,"2023-12-16 00:58:59.276778","296","7","1"
"297","2023-12-15 12:55:00","CERRADA","2023-12-15 14:38:05.08204","2023-12-15 12:55:00","150.00",3,"2023-12-15 14:38:05.08204","252","5","1"
"298","2025-01-03 21:31:00","CERRADA","2025-01-03 23:20:52.539134","2025-01-03 21:31:00","377.00",7,"2025-01-03 23:20:52.539134","71","4","1"
"299","2023-08-25 13:18:00","CERRADA","2023-08-25 14:21:55.404625","2023-08-25 13:18:00","56.00",3,"2023-08-25 14:21:55.404625","1","8","1"
"300","2025-01-01 20:32:00","CERRADA","2025-01-01 21:45:35.119166","2025-01-01 20:32:00","136.00",8,"2025-01-01 21:45:35.119166","149","3","1"
"301","2024-12-08 21:28:00","CERRADA","2024-12-08 23:33:33.743578","2024-12-08 21:28:00","131.00",6,"2024-12-08 23:33:33.743578","280","14","1"
"302","2024-08-01 14:55:00","CERRADA","2024-08-01 17:33:00.445813","2024-08-01 14:55:00","48.00",4,"2024-08-01 17:33:00.445813","1","2","1"
"303","2024-01-02 14:55:00","CERRADA","2024-01-02 17:20:17.428508","2024-01-02 14:55:00","224.00",4,"2024-01-02 17:20:17.428508","62","13","1"
"304","2023-12-30 20:22:00","CERRADA","2023-12-30 22:25:52.421741","2023-12-30 20:22:00","344.00",3,"2023-12-30 22:25:52.421741","86","10","1"
"305","2024-03-29 20:57:00","CERRADA","2024-03-29 23:18:30.955075","2024-03-29 20:57:00","128.00",5,"2024-03-29 23:18:30.955075","88","6","1"
"306","2024-07-11 13:09:00","CERRADA","2024-07-11 15:34:22.042912","2024-07-11 13:09:00","162.00",1,"2024-07-11 15:34:22.042912","212","15","1"
"307","2024-10-18 21:26:00","CERRADA","2024-10-18 23:11:01.24076","2024-10-18 21:26:00","111.00",7,"2024-10-18 23:11:01.24076","1","13","1"
"308","2025-05-13 19:20:00","CERRADA","2025-05-13 21:29:50.079922","2025-05-13 19:20:00","102.00",5,"2025-05-13 21:29:50.079922","49","7","1"
"309","2024-09-13 12:50:00","CERRADA","2024-09-13 14:54:07.856144","2024-09-13 12:50:00","236.00",2,"2024-09-13 14:54:07.856144","1","14","1"
"310","2024-10-25 14:35:00","CERRADA","2024-10-25 16:44:21.12221","2024-10-25 14:35:00","270.00",4,"2024-10-25 16:44:21.12221","221","14","1"
"311","2025-06-02 00:00:00","CERRADA","2025-06-02 00:00:00","2025-06-02 00:00:00","151.00",6,"2025-06-02 00:00:00","250","13","1"
"312","2023-06-02 21:58:00","CERRADA","2023-06-02 23:13:49.774229","2023-06-02 21:58:00","256.00",8,"2023-06-02 23:13:49.774229","1","8","1"
"313","2023-08-05 21:57:00","CERRADA","2023-08-06 00:14:52.160706","2023-08-05 21:57:00","352.00",5,"2023-08-06 00:14:52.160706","83","14","1"
"314","2024-08-14 12:13:00","CERRADA","2024-08-14 14:10:13.008299","2024-08-14 12:13:00","199.00",4,"2024-08-14 14:10:13.008299","158","12","1"
"315","2023-06-16 12:55:00","CERRADA","2023-06-16 14:45:40.660323","2023-06-16 12:55:00","483.00",8,"2023-06-16 14:45:40.660323","117","9","1"
"316","2023-08-01 14:56:00","CERRADA","2023-08-01 16:31:54.638357","2023-08-01 14:56:00","373.00",7,"2023-08-01 16:31:54.638357","38","4","1"
"317","2023-08-11 21:10:00","CERRADA","2023-08-11 23:02:48.71583","2023-08-11 21:10:00","145.00",3,"2023-08-11 23:02:48.71583","70","11","1"
"318","2025-02-21 12:57:00","CERRADA","2025-02-21 14:09:03.34881","2025-02-21 12:57:00","570.00",7,"2025-02-21 14:09:03.34881","79","15","1"
"319","2024-05-26 13:15:00","CERRADA","2024-05-26 14:48:14.16713","2024-05-26 13:15:00","64.00",7,"2024-05-26 14:48:14.16713","1","10","1"
"320","2025-05-09 14:13:00","CERRADA","2025-05-09 16:15:07.79372","2025-05-09 14:13:00","186.00",5,"2025-05-09 16:15:07.79372","285","10","1"
"321","2024-08-02 21:38:00","CERRADA","2024-08-02 22:46:31.286412","2024-08-02 21:38:00","72.00",1,"2024-08-02 22:46:31.286412","202","5","1"
"322","2024-04-26 20:26:00","CERRADA","2024-04-26 22:09:50.969733","2024-04-26 20:26:00","278.00",6,"2024-04-26 22:09:50.969733","1","1","1"
"323","2023-07-23 12:59:00","CERRADA","2023-07-23 14:06:15.375789","2023-07-23 12:59:00","96.00",2,"2023-07-23 14:06:15.375789","243","13","1"
"324","2025-03-06 19:44:00","CERRADA","2025-03-06 21:32:16.397357","2025-03-06 19:44:00","212.00",5,"2025-03-06 21:32:16.397357","1","9","1"
"325","2024-07-15 13:34:00","CERRADA","2024-07-15 15:13:12.602133","2024-07-15 13:34:00","308.00",3,"2024-07-15 15:13:12.602133","277","10","1"
"326","2024-08-02 12:29:00","CERRADA","2024-08-02 14:42:28.53692","2024-08-02 12:29:00","613.00",7,"2024-08-02 14:42:28.53692","35","5","1"
"327","2025-06-02 00:00:00","CERRADA","2025-06-02 00:00:00","2025-06-02 00:00:00","217.00",1,"2025-06-02 00:00:00","91","2","1"
"328","2024-06-21 14:46:00","CERRADA","2024-06-21 17:32:22.18627","2024-06-21 14:46:00","114.00",3,"2024-06-21 17:32:22.18627","1","5","1"
"329","2024-08-16 21:36:00","CERRADA","2024-08-16 23:51:18.236397","2024-08-16 21:36:00","162.00",6,"2024-08-16 23:51:18.236397","1","1","1"
"330","2024-07-25 14:49:00","CERRADA","2024-07-25 16:01:20.915388","2024-07-25 14:49:00","352.00",1,"2024-07-25 16:01:20.915388","263","6","1"
"331","2023-07-17 12:30:00","CERRADA","2023-07-17 14:13:40.630774","2023-07-17 12:30:00","507.00",1,"2023-07-17 14:13:40.630774","61","4","1"
"332","2024-12-19 21:26:00","CERRADA","2024-12-19 22:52:56.510259","2024-12-19 21:26:00","301.00",1,"2024-12-19 22:52:56.510259","1","3","1"
"333","2025-01-10 12:11:00","CERRADA","2025-01-10 13:37:46.932439","2025-01-10 12:11:00","212.00",2,"2025-01-10 13:37:46.932439","165","5","1"
"334","2024-09-20 14:20:00","CERRADA","2024-09-20 15:30:21.975762","2024-09-20 14:20:00","366.00",2,"2024-09-20 15:30:21.975762","25","7","1"
"335","2024-12-30 13:29:00","CERRADA","2024-12-30 15:13:11.570119","2024-12-30 13:29:00","364.00",5,"2024-12-30 15:13:11.570119","190","4","1"
"336","2024-12-12 12:59:00","CERRADA","2024-12-12 14:48:12.259989","2024-12-12 12:59:00","38.00",4,"2024-12-12 14:48:12.259989","1","13","1"
"337","2024-05-10 21:46:00","CERRADA","2024-05-10 23:22:54.07659","2024-05-10 21:46:00","220.00",1,"2024-05-10 23:22:54.07659","179","11","1"
"338","2023-08-02 14:05:00","CERRADA","2023-08-02 15:10:16.081913","2023-08-02 14:05:00","107.00",8,"2023-08-02 15:10:16.081913","123","7","1"
"339","2024-07-13 20:08:00","CERRADA","2024-07-13 22:24:27.952896","2024-07-13 20:08:00","106.00",6,"2024-07-13 22:24:27.952896","268","7","1"
"340","2025-06-02 00:00:00","CERRADA","2025-06-02 00:00:00","2025-06-02 00:00:00","241.00",7,"2025-06-02 00:00:00","292","1","1"
"341","2024-03-08 13:49:00","CERRADA","2024-03-08 16:21:25.055665","2024-03-08 13:49:00","137.00",8,"2024-03-08 16:21:25.055665","169","6","1"
"342","2024-08-27 13:28:00","CERRADA","2024-08-27 15:04:59.815571","2024-08-27 13:28:00","140.00",8,"2024-08-27 15:04:59.815571","56","3","1"
"343","2025-05-09 20:02:00","CERRADA","2025-05-09 21:27:48.149684","2025-05-09 20:02:00","269.00",3,"2025-05-09 21:27:48.149684","63","2","1"
"344","2025-05-30 20:03:00","CERRADA","2025-05-30 22:24:15.720314","2025-05-30 20:03:00","61.00",2,"2025-05-30 22:24:15.720314","1","3","1"
"345","2024-09-13 12:29:00","CERRADA","2024-09-13 13:41:13.73291","2024-09-13 12:29:00","376.00",7,"2024-09-13 13:41:13.73291","91","1","1"
"346","2023-08-04 13:12:00","CERRADA","2023-08-04 15:50:50.448589","2023-08-04 13:12:00","136.00",1,"2023-08-04 15:50:50.448589","1","2","1"
"347","2023-08-18 21:28:00","CERRADA","2023-08-19 00:05:06.95039","2023-08-18 21:28:00","184.00",5,"2023-08-19 00:05:06.95039","45","10","1"
"348","2024-09-20 19:52:00","CERRADA","2024-09-20 22:18:55.902099","2024-09-20 19:52:00","290.00",1,"2024-09-20 22:18:55.902099","171","2","1"
"349","2023-12-01 14:17:00","CERRADA","2023-12-01 16:10:31.282301","2023-12-01 14:17:00","162.00",7,"2023-12-01 16:10:31.282301","197","11","1"
"350","2024-10-25 12:05:00","CERRADA","2024-10-25 13:38:34.38711","2024-10-25 12:05:00","207.00",5,"2024-10-25 13:38:34.38711","127","11","1"
"351","2025-03-08 12:24:00","CERRADA","2025-03-08 14:57:49.793521","2025-03-08 12:24:00","181.00",4,"2025-03-08 14:57:49.793521","104","11","1"
"352","2024-05-19 19:17:00","CERRADA","2024-05-19 20:38:34.674291","2024-05-19 19:17:00","202.00",8,"2024-05-19 20:38:34.674291","280","13","1"
"353","2023-07-31 14:49:00","CERRADA","2023-07-31 16:59:04.720223","2023-07-31 14:49:00","238.00",5,"2023-07-31 16:59:04.720223","114","1","1"
"354","2025-04-04 21:03:00","CERRADA","2025-04-04 23:34:41.158011","2025-04-04 21:03:00","361.00",4,"2025-04-04 23:34:41.158011","83","2","1"
"355","2024-05-30 13:11:00","CERRADA","2024-05-30 14:39:23.168156","2024-05-30 13:11:00","242.00",7,"2024-05-30 14:39:23.168156","1","10","1"
"356","2025-05-22 20:09:00","CERRADA","2025-05-22 22:16:34.384014","2025-05-22 20:09:00","141.00",1,"2025-05-22 22:16:34.384014","185","15","1"
"357","2023-12-01 13:38:00","CERRADA","2023-12-01 15:04:15.42438","2023-12-01 13:38:00","112.00",5,"2023-12-01 15:04:15.42438","254","9","1"
"358","2023-08-13 12:01:00","CERRADA","2023-08-13 13:18:43.526537","2023-08-13 12:01:00","320.00",4,"2023-08-13 13:18:43.526537","2","6","1"
"359","2024-11-21 14:45:00","CERRADA","2024-11-21 17:38:01.847137","2024-11-21 14:45:00","122.00",2,"2024-11-21 17:38:01.847137","74","13","1"
"360","2024-08-03 21:31:00","CERRADA","2024-08-03 23:48:54.097913","2024-08-03 21:31:00","281.00",5,"2024-08-03 23:48:54.097913","53","6","1"
"361","2024-01-16 19:19:00","CERRADA","2024-01-16 21:47:04.763808","2024-01-16 19:19:00","140.00",6,"2024-01-16 21:47:04.763808","289","12","1"
"362","2025-05-20 20:02:00","CERRADA","2025-05-20 21:23:50.988643","2025-05-20 20:02:00","414.00",1,"2025-05-20 21:23:50.988643","92","12","1"
"363","2024-10-25 13:22:00","CERRADA","2024-10-25 16:19:53.133516","2024-10-25 13:22:00","232.00",2,"2024-10-25 16:19:53.133516","115","11","1"
"364","2024-12-06 12:22:00","CERRADA","2024-12-06 13:52:47.937179","2024-12-06 12:22:00","511.00",6,"2024-12-06 13:52:47.937179","47","14","1"
"365","2024-08-23 19:31:00","CERRADA","2024-08-23 22:16:48.74874","2024-08-23 19:31:00","787.00",7,"2024-08-23 22:16:48.74874","2","1","1"
"366","2025-01-13 13:28:00","CERRADA","2025-01-13 14:36:50.707605","2025-01-13 13:28:00","247.00",8,"2025-01-13 14:36:50.707605","194","2","1"
"367","2024-08-26 13:56:00","CERRADA","2024-08-26 15:41:03.296765","2024-08-26 13:56:00","259.00",1,"2024-08-26 15:41:03.296765","1","5","1"
"368","2024-05-17 19:45:00","CERRADA","2024-05-17 20:48:43.151069","2024-05-17 19:45:00","147.00",2,"2024-05-17 20:48:43.151069","282","15","1"
"369","2023-11-10 13:26:00","CERRADA","2023-11-10 15:49:39.816267","2023-11-10 13:26:00","387.00",7,"2023-11-10 15:49:39.816267","1","3","1"
"370","2024-12-05 20:53:00","CERRADA","2024-12-05 22:51:54.827586","2024-12-05 20:53:00","171.00",5,"2024-12-05 22:51:54.827586","278","5","1"
"371","2024-03-29 19:12:00","CERRADA","2024-03-29 20:23:38.305662","2024-03-29 19:12:00","469.00",2,"2024-03-29 20:23:38.305662","3","7","1"
"372","2023-09-29 19:57:00","CERRADA","2023-09-29 22:16:19.488394","2023-09-29 19:57:00","43.00",8,"2023-09-29 22:16:19.488394","151","2","1"
"373","2024-06-15 19:02:00","CERRADA","2024-06-15 20:33:35.73096","2024-06-15 19:02:00","224.00",3,"2024-06-15 20:33:35.73096","280","7","1"
"374","2025-01-03 21:06:00","CERRADA","2025-01-03 22:16:17.092645","2025-01-03 21:06:00","96.00",5,"2025-01-03 22:16:17.092645","117","14","1"
"375","2024-12-20 20:26:00","CERRADA","2024-12-20 23:21:52.519469","2024-12-20 20:26:00","127.00",4,"2024-12-20 23:21:52.519469","279","7","1"
"376","2024-10-04 21:02:00","CERRADA","2024-10-04 23:02:15.130586","2024-10-04 21:02:00","180.00",4,"2024-10-04 23:02:15.130586","245","10","1"
"377","2023-10-03 13:13:00","CERRADA","2023-10-03 15:50:00.917193","2023-10-03 13:13:00","139.00",3,"2023-10-03 15:50:00.917193","1","13","1"
"378","2023-12-25 20:16:00","CERRADA","2023-12-25 21:54:22.196319","2023-12-25 20:16:00","71.00",7,"2023-12-25 21:54:22.196319","218","2","1"
"379","2024-12-27 14:33:00","CERRADA","2024-12-27 16:27:58.731704","2024-12-27 14:33:00","182.00",7,"2024-12-27 16:27:58.731704","36","2","1"
"380","2023-12-29 20:48:00","CERRADA","2023-12-29 23:43:46.787986","2023-12-29 20:48:00","92.00",7,"2023-12-29 23:43:46.787986","1","13","1"
"381","2024-03-20 19:16:00","CERRADA","2024-03-20 21:01:57.913005","2024-03-20 19:16:00","181.00",2,"2024-03-20 21:01:57.913005","56","10","1"
"382","2024-03-15 21:44:00","CERRADA","2024-03-15 23:32:12.383268","2024-03-15 21:44:00","144.00",3,"2024-03-15 23:32:12.383268","244","1","1"
"383","2023-07-22 14:01:00","CERRADA","2023-07-22 15:41:32.635786","2023-07-22 14:01:00","105.00",4,"2023-07-22 15:41:32.635786","171","12","1"
"384","2024-10-17 13:08:00","CERRADA","2024-10-17 14:44:03.459222","2024-10-17 13:08:00","130.00",5,"2024-10-17 14:44:03.459222","1","5","1"
"385","2024-03-03 12:12:00","CERRADA","2024-03-03 14:05:00.359506","2024-03-03 12:12:00","241.00",6,"2024-03-03 14:05:00.359506","1","13","1"
"386","2024-11-11 20:50:00","CERRADA","2024-11-11 22:09:04.601587","2024-11-11 20:50:00","221.00",8,"2024-11-11 22:09:04.601587","1","7","1"
"387","2024-07-19 13:53:00","CERRADA","2024-07-19 14:59:54.918114","2024-07-19 13:53:00","146.00",3,"2024-07-19 14:59:54.918114","261","7","1"
"388","2025-05-23 19:32:00","CERRADA","2025-05-23 21:19:37.984398","2025-05-23 19:32:00","367.00",6,"2025-05-23 21:19:37.984398","27","15","1"
"389","2024-02-09 13:55:00","CERRADA","2024-02-09 15:51:56.992481","2024-02-09 13:55:00","355.00",1,"2024-02-09 15:51:56.992481","1","11","1"
"390","2025-06-02 00:00:00","CERRADA","2025-06-02 00:00:00","2025-06-02 00:00:00","58.00",5,"2025-06-02 00:00:00","178","3","1"
"391","2025-06-02 00:00:00","CERRADA","2025-06-02 00:00:00","2025-06-02 00:00:00","93.00",4,"2025-06-02 00:00:00","1","14","1"
"392","2024-09-29 20:51:00","CERRADA","2024-09-29 21:52:00.938835","2024-09-29 20:51:00","120.00",1,"2024-09-29 21:52:00.938835","1","13","1"
"393","2024-08-08 19:16:00","CERRADA","2024-08-08 20:42:11.105189","2024-08-08 19:16:00","160.00",5,"2024-08-08 20:42:11.105189","158","12","1"
"394","2025-01-24 21:53:00","CERRADA","2025-01-25 00:33:43.524619","2025-01-24 21:53:00","233.00",7,"2025-01-25 00:33:43.524619","268","14","1"
"395","2024-10-11 21:20:00","CERRADA","2024-10-12 00:03:22.739522","2024-10-11 21:20:00","162.00",2,"2024-10-12 00:03:22.739522","146","5","1"
"396","2024-11-12 20:25:00","CERRADA","2024-11-12 22:44:15.818331","2024-11-12 20:25:00","88.00",3,"2024-11-12 22:44:15.818331","154","4","1"
"397","2024-04-05 19:47:00","CERRADA","2024-04-05 20:51:14.296835","2024-04-05 19:47:00","358.00",8,"2024-04-05 20:51:14.296835","15","11","1"
"398","2024-12-18 21:50:00","CERRADA","2024-12-18 23:47:05.293452","2024-12-18 21:50:00","301.00",4,"2024-12-18 23:47:05.293452","294","14","1"
"399","2023-11-23 13:18:00","CERRADA","2023-11-23 14:29:42.742059","2023-11-23 13:18:00","98.00",5,"2023-11-23 14:29:42.742059","1","6","1"
"400","2025-04-28 13:22:00","CERRADA","2025-04-28 14:48:47.961063","2025-04-28 13:22:00","100.00",3,"2025-04-28 14:48:47.961063","134","12","1"
"401","2024-07-21 19:03:00","CERRADA","2024-07-21 21:46:58.032262","2024-07-21 19:03:00","109.00",6,"2024-07-21 21:46:58.032262","1","7","1"
"402","2024-11-01 20:19:00","CERRADA","2024-11-01 22:08:34.372229","2024-11-01 20:19:00","349.00",4,"2024-11-01 22:08:34.372229","38","8","1"
"403","2023-12-29 19:09:00","CERRADA","2023-12-29 20:46:57.960895","2023-12-29 19:09:00","278.00",3,"2023-12-29 20:46:57.960895","1","3","1"
"404","2025-03-09 12:00:00","CERRADA","2025-03-09 13:54:14.783246","2025-03-09 12:00:00","216.00",6,"2025-03-09 13:54:14.783246","43","8","1"
"405","2024-10-15 13:39:00","CERRADA","2024-10-15 15:31:02.722183","2024-10-15 13:39:00","61.00",3,"2024-10-15 15:31:02.722183","88","10","1"
"406","2023-08-09 12:57:00","CERRADA","2023-08-09 14:35:39.934564","2023-08-09 12:57:00","142.00",7,"2023-08-09 14:35:39.934564","221","8","1"
"407","2025-04-25 13:44:00","CERRADA","2025-04-25 16:29:14.292974","2025-04-25 13:44:00","224.00",1,"2025-04-25 16:29:14.292974","1","4","1"
"408","2023-08-24 19:46:00","CERRADA","2023-08-24 21:48:26.076568","2023-08-24 19:46:00","475.00",5,"2023-08-24 21:48:26.076568","54","7","1"
"409","2024-05-17 13:10:00","CERRADA","2024-05-17 16:03:46.207347","2024-05-17 13:10:00","147.00",3,"2024-05-17 16:03:46.207347","224","15","1"
"410","2024-01-26 13:46:00","CERRADA","2024-01-26 14:48:37.775559","2024-01-26 13:46:00","299.00",1,"2024-01-26 14:48:37.775559","1","7","1"
"411","2024-12-20 20:03:00","CERRADA","2024-12-20 22:14:16.253289","2024-12-20 20:03:00","56.00",1,"2024-12-20 22:14:16.253289","65","6","1"
"412","2023-07-21 19:07:00","CERRADA","2023-07-21 21:12:40.43317","2023-07-21 19:07:00","250.00",1,"2023-07-21 21:12:40.43317","57","11","1"
"413","2024-12-05 14:39:00","CERRADA","2024-12-05 16:51:40.567226","2024-12-05 14:39:00","291.00",1,"2024-12-05 16:51:40.567226","80","4","1"
"414","2024-07-22 20:12:00","CERRADA","2024-07-22 22:45:21.304199","2024-07-22 20:12:00","344.00",2,"2024-07-22 22:45:21.304199","55","9","1"
"415","2025-06-02 00:00:00","CERRADA","2025-06-02 00:00:00","2025-06-02 00:00:00","311.00",6,"2025-06-02 00:00:00","1","4","1"
"416","2023-07-09 20:42:00","CERRADA","2023-07-09 22:41:17.549008","2023-07-09 20:42:00","108.00",4,"2023-07-09 22:41:17.549008","1","6","1"
"417","2023-09-13 19:18:00","CERRADA","2023-09-13 20:49:41.700164","2023-09-13 19:18:00","188.00",2,"2023-09-13 20:49:41.700164","1","13","1"
"418","2024-03-29 19:47:00","CERRADA","2024-03-29 21:00:54.487586","2024-03-29 19:47:00","322.00",1,"2024-03-29 21:00:54.487586","91","14","1"
"419","2023-06-11 13:21:00","CERRADA","2023-06-11 15:03:54.197311","2023-06-11 13:21:00","168.00",1,"2023-06-11 15:03:54.197311","1","15","1"
"420","2024-08-17 19:29:00","CERRADA","2024-08-17 21:01:37.198253","2024-08-17 19:29:00","100.00",2,"2024-08-17 21:01:37.198253","139","15","1"
"421","2025-06-02 00:00:00","CERRADA","2025-06-02 00:00:00","2025-06-02 00:00:00","309.00",7,"2025-06-02 00:00:00","246","13","1"
"422","2024-08-01 20:43:00","CERRADA","2024-08-01 22:35:34.772196","2024-08-01 20:43:00","321.00",2,"2024-08-01 22:35:34.772196","1","3","1"
"423","2025-05-02 13:30:00","CERRADA","2025-05-02 16:20:26.865497","2025-05-02 13:30:00","57.00",1,"2025-05-02 16:20:26.865497","185","10","1"
"424","2023-08-11 21:55:00","CERRADA","2023-08-12 00:16:21.088231","2023-08-11 21:55:00","135.00",1,"2023-08-12 00:16:21.088231","212","8","1"
"425","2025-04-17 21:44:00","CERRADA","2025-04-17 23:58:11.320916","2025-04-17 21:44:00","220.00",4,"2025-04-17 23:58:11.320916","1","10","1"
"426","2025-04-11 20:57:00","CERRADA","2025-04-11 23:55:32.099698","2025-04-11 20:57:00","331.00",6,"2025-04-11 23:55:32.099698","129","8","1"
"427","2024-08-21 14:15:00","CERRADA","2024-08-21 15:54:42.442866","2024-08-21 14:15:00","452.00",8,"2024-08-21 15:54:42.442866","82","9","1"
"428","2024-07-18 19:51:00","CERRADA","2024-07-18 21:59:45.8515","2024-07-18 19:51:00","155.00",7,"2024-07-18 21:59:45.8515","261","4","1"
"429","2023-10-01 12:06:00","CERRADA","2023-10-01 13:54:24.765545","2023-10-01 12:06:00","172.00",6,"2023-10-01 13:54:24.765545","257","8","1"
"430","2025-02-09 20:35:00","CERRADA","2025-02-09 21:59:49.328992","2025-02-09 20:35:00","87.00",2,"2025-02-09 21:59:49.328992","283","1","1"
"431","2024-01-16 20:38:00","CERRADA","2024-01-16 22:34:46.562504","2024-01-16 20:38:00","222.00",1,"2024-01-16 22:34:46.562504","176","6","1"
"432","2025-04-11 21:51:00","CERRADA","2025-04-11 23:26:02.281659","2025-04-11 21:51:00","116.00",2,"2025-04-11 23:26:02.281659","233","2","1"
"433","2024-10-18 21:26:00","CERRADA","2024-10-18 22:38:50.12284","2024-10-18 21:26:00","233.00",3,"2024-10-18 22:38:50.12284","56","1","1"
"434","2024-01-12 21:21:00","CERRADA","2024-01-12 22:33:55.91338","2024-01-12 21:21:00","170.00",7,"2024-01-12 22:33:55.91338","98","2","1"
"435","2024-09-12 13:31:00","CERRADA","2024-09-12 14:31:31.230919","2024-09-12 13:31:00","428.00",8,"2024-09-12 14:31:31.230919","65","13","1"
"436","2025-01-24 13:44:00","CERRADA","2025-01-24 15:53:25.591577","2025-01-24 13:44:00","143.00",7,"2025-01-24 15:53:25.591577","285","15","1"
"437","2025-04-05 20:56:00","CERRADA","2025-04-05 22:42:09.570999","2025-04-05 20:56:00","138.00",7,"2025-04-05 22:42:09.570999","67","2","1"
"438","2024-03-08 14:28:00","CERRADA","2024-03-08 17:04:34.537182","2024-03-08 14:28:00","142.00",4,"2024-03-08 17:04:34.537182","1","15","1"
"439","2025-05-30 13:12:00","CERRADA","2025-05-30 14:37:09.931413","2025-05-30 13:12:00","121.00",6,"2025-05-30 14:37:09.931413","264","5","1"
"440","2025-05-29 20:34:00","CERRADA","2025-05-29 22:57:19.046211","2025-05-29 20:34:00","124.00",3,"2025-05-29 22:57:19.046211","178","15","1"
"441","2025-01-03 21:45:00","CERRADA","2025-01-03 23:35:05.841119","2025-01-03 21:45:00","270.00",6,"2025-01-03 23:35:05.841119","61","13","1"
"442","2024-08-07 12:24:00","CERRADA","2024-08-07 13:41:26.352324","2024-08-07 12:24:00","161.00",5,"2024-08-07 13:41:26.352324","1","14","1"
"443","2024-07-21 21:50:00","CERRADA","2024-07-21 23:25:25.012075","2024-07-21 21:50:00","359.00",3,"2024-07-21 23:25:25.012075","104","5","1"
"444","2024-09-13 21:35:00","CERRADA","2024-09-14 00:18:46.858693","2024-09-13 21:35:00","303.00",6,"2024-09-14 00:18:46.858693","1","1","1"
"445","2024-02-02 21:18:00","CERRADA","2024-02-02 23:41:09.139742","2024-02-02 21:18:00","169.00",7,"2024-02-02 23:41:09.139742","1","9","1"
"446","2025-05-09 12:47:00","CERRADA","2025-05-09 14:17:09.656124","2025-05-09 12:47:00","170.00",7,"2025-05-09 14:17:09.656124","197","7","1"
"447","2025-03-11 20:34:00","CERRADA","2025-03-11 23:02:36.840234","2025-03-11 20:34:00","220.00",4,"2025-03-11 23:02:36.840234","228","14","1"
"448","2023-07-30 21:32:00","CERRADA","2023-07-30 22:46:19.347441","2023-07-30 21:32:00","398.00",8,"2023-07-30 22:46:19.347441","101","5","1"
"449","2023-10-13 12:21:00","CERRADA","2023-10-13 14:16:57.585635","2023-10-13 12:21:00","97.00",5,"2023-10-13 14:16:57.585635","144","9","1"
"450","2024-05-03 21:39:00","CERRADA","2024-05-04 00:20:10.607865","2024-05-03 21:39:00","184.00",3,"2024-05-04 00:20:10.607865","1","1","1"
"451","2023-08-15 13:11:00","CERRADA","2023-08-15 15:13:28.365269","2023-08-15 13:11:00","171.00",6,"2023-08-15 15:13:28.365269","295","9","1"
"452","2024-12-13 13:56:00","CERRADA","2024-12-13 15:21:36.147433","2024-12-13 13:56:00","119.00",7,"2024-12-13 15:21:36.147433","1","3","1"
"453","2025-02-28 21:00:00","CERRADA","2025-02-28 22:13:45.99805","2025-02-28 21:00:00","167.00",4,"2025-02-28 22:13:45.99805","186","5","1"
"454","2023-07-12 12:24:00","CERRADA","2023-07-12 13:54:47.452008","2023-07-12 12:24:00","372.00",4,"2023-07-12 13:54:47.452008","125","15","1"
"455","2024-11-09 12:18:00","CERRADA","2024-11-09 15:05:47.627584","2024-11-09 12:18:00","355.00",6,"2024-11-09 15:05:47.627584","14","15","1"
"456","2023-11-20 20:00:00","CERRADA","2023-11-20 22:15:13.918147","2023-11-20 20:00:00","64.00",2,"2023-11-20 22:15:13.918147","265","2","1"
"457","2023-09-22 21:49:00","CERRADA","2023-09-22 23:41:13.711891","2023-09-22 21:49:00","267.00",7,"2023-09-22 23:41:13.711891","111","14","1"
"458","2023-06-30 12:04:00","CERRADA","2023-06-30 13:10:30.73011","2023-06-30 12:04:00","47.00",3,"2023-06-30 13:10:30.73011","1","2","1"
"459","2025-01-10 19:24:00","CERRADA","2025-01-10 21:18:08.104779","2025-01-10 19:24:00","247.00",2,"2025-01-10 21:18:08.104779","1","9","1"
"460","2025-06-02 00:00:00","CERRADA","2025-06-02 00:00:00","2025-06-02 00:00:00","173.00",7,"2025-06-02 00:00:00","163","1","1"
"461","2024-03-24 12:18:00","CERRADA","2024-03-24 14:49:49.974535","2024-03-24 12:18:00","211.00",2,"2024-03-24 14:49:49.974535","39","6","1"
"462","2024-12-04 19:50:00","CERRADA","2024-12-04 22:25:41.889212","2024-12-04 19:50:00","374.00",1,"2024-12-04 22:25:41.889212","204","14","1"
"463","2023-06-16 12:02:00","CERRADA","2023-06-16 13:02:36.214841","2023-06-16 12:02:00","78.00",6,"2023-06-16 13:02:36.214841","75","5","1"
"464","2024-04-12 21:22:00","CERRADA","2024-04-12 22:47:24.505989","2024-04-12 21:22:00","113.00",2,"2024-04-12 22:47:24.505989","277","9","1"
"465","2023-11-17 14:12:00","CERRADA","2023-11-17 15:25:45.282303","2023-11-17 14:12:00","246.00",3,"2023-11-17 15:25:45.282303","1","14","1"
"466","2024-12-20 14:42:00","CERRADA","2024-12-20 15:50:05.011853","2024-12-20 14:42:00","46.00",1,"2024-12-20 15:50:05.011853","292","14","1"
"467","2024-06-07 12:18:00","CERRADA","2024-06-07 14:32:20.513596","2024-06-07 12:18:00","128.00",6,"2024-06-07 14:32:20.513596","299","8","1"
"468","2024-09-06 21:37:00","CERRADA","2024-09-06 22:55:17.243727","2024-09-06 21:37:00","327.00",8,"2024-09-06 22:55:17.243727","1","6","1"
"469","2023-06-09 21:47:00","CERRADA","2023-06-10 00:03:54.037519","2023-06-09 21:47:00","191.00",3,"2023-06-10 00:03:54.037519","163","7","1"
"470","2024-10-11 14:31:00","CERRADA","2024-10-11 16:37:12.037148","2024-10-11 14:31:00","189.00",6,"2024-10-11 16:37:12.037148","186","3","1"
"471","2023-12-23 21:04:00","CERRADA","2023-12-23 23:31:17.462644","2023-12-23 21:04:00","347.00",5,"2023-12-23 23:31:17.462644","43","14","1"
"472","2025-01-17 13:58:00","CERRADA","2025-01-17 15:02:23.925427","2025-01-17 13:58:00","189.00",1,"2025-01-17 15:02:23.925427","1","14","1"
"473","2024-06-14 20:46:00","CERRADA","2024-06-14 23:28:51.58191","2024-06-14 20:46:00","215.00",3,"2024-06-14 23:28:51.58191","278","8","1"
"474","2024-07-12 13:54:00","CERRADA","2024-07-12 16:49:40.801932","2024-07-12 13:54:00","68.00",2,"2024-07-12 16:49:40.801932","258","9","1"
"475","2024-12-15 20:42:00","CERRADA","2024-12-15 23:26:39.80511","2024-12-15 20:42:00","293.00",3,"2024-12-15 23:26:39.80511","1","11","1"
"476","2024-08-12 14:14:00","CERRADA","2024-08-12 15:19:08.220774","2024-08-12 14:14:00","69.00",1,"2024-08-12 15:19:08.220774","249","6","1"
"477","2024-12-09 14:06:00","CERRADA","2024-12-09 16:30:26.901021","2024-12-09 14:06:00","130.00",8,"2024-12-09 16:30:26.901021","186","7","1"
"478","2025-06-02 00:00:00","CERRADA","2025-06-02 00:00:00","2025-06-02 00:00:00","237.00",5,"2025-06-02 00:00:00","142","14","1"
"479","2024-08-21 14:52:00","CERRADA","2024-08-21 17:36:07.579837","2024-08-21 14:52:00","296.00",5,"2024-08-21 17:36:07.579837","1","2","1"
"480","2024-10-27 13:04:00","CERRADA","2024-10-27 15:05:44.697167","2024-10-27 13:04:00","239.00",1,"2024-10-27 15:05:44.697167","248","15","1"
"481","2024-06-06 21:14:00","CERRADA","2024-06-06 23:03:45.218533","2024-06-06 21:14:00","290.00",3,"2024-06-06 23:03:45.218533","78","3","1"
"482","2024-08-04 12:15:00","CERRADA","2024-08-04 13:20:10.639186","2024-08-04 12:15:00","54.00",8,"2024-08-04 13:20:10.639186","60","8","1"
"483","2025-06-02 00:00:00","CERRADA","2025-06-02 00:00:00","2025-06-02 00:00:00","228.00",1,"2025-06-02 00:00:00","84","3","1"
"484","2023-09-01 19:55:00","CERRADA","2023-09-01 21:52:48.012473","2023-09-01 19:55:00","445.00",5,"2023-09-01 21:52:48.012473","11","15","1"
"485","2025-06-02 00:00:00","CERRADA","2025-06-02 00:00:00","2025-06-02 00:00:00","189.00",3,"2025-06-02 00:00:00","212","10","1"
"486","2024-07-26 13:33:00","CERRADA","2024-07-26 16:16:09.060182","2024-07-26 13:33:00","153.00",2,"2024-07-26 16:16:09.060182","234","10","1"
"487","2025-02-14 20:38:00","CERRADA","2025-02-14 21:42:41.063258","2025-02-14 20:38:00","90.00",3,"2025-02-14 21:42:41.063258","216","14","1"
"488","2023-12-08 20:52:00","CERRADA","2023-12-08 21:52:08.641482","2023-12-08 20:52:00","280.00",2,"2023-12-08 21:52:08.641482","1","9","1"
"489","2024-11-22 21:33:00","CERRADA","2024-11-22 23:24:28.485104","2024-11-22 21:33:00","173.00",7,"2024-11-22 23:24:28.485104","1","11","1"
"490","2024-05-31 21:36:00","CERRADA","2024-05-31 22:47:43.56174","2024-05-31 21:36:00","226.00",7,"2024-05-31 22:47:43.56174","1","8","1"
"491","2023-09-01 19:16:00","CERRADA","2023-09-01 20:38:40.951299","2023-09-01 19:16:00","181.00",4,"2023-09-01 20:38:40.951299","246","13","1"
"492","2024-11-15 21:51:00","CERRADA","2024-11-15 23:28:54.492345","2024-11-15 21:51:00","180.00",2,"2024-11-15 23:28:54.492345","5","10","1"
"493","2024-02-24 14:39:00","CERRADA","2024-02-24 16:12:04.035909","2024-02-24 14:39:00","563.00",5,"2024-02-24 16:12:04.035909","81","7","1"
"494","2023-12-08 14:19:00","CERRADA","2023-12-08 16:28:19.088302","2023-12-08 14:19:00","336.00",8,"2023-12-08 16:28:19.088302","106","7","1"
"495","2025-06-02 00:00:00","CERRADA","2025-06-02 00:00:00","2025-06-02 00:00:00","362.00",3,"2025-06-02 00:00:00","1","7","1"
"496","2023-11-17 12:52:00","CERRADA","2023-11-17 14:09:26.364738","2023-11-17 12:52:00","299.00",1,"2023-11-17 14:09:26.364738","175","13","1"
"497","2023-08-11 20:02:00","CERRADA","2023-08-11 22:28:56.361937","2023-08-11 20:02:00","144.00",2,"2023-08-11 22:28:56.361937","1","7","1"
"498","2025-06-02 00:00:00","CERRADA","2025-06-02 00:00:00","2025-06-02 00:00:00","209.00",5,"2025-06-02 00:00:00","1","7","1"
"499","2023-07-06 21:14:00","CERRADA","2023-07-06 23:27:49.367897","2023-07-06 21:14:00","121.00",4,"2023-07-06 23:27:49.367897","267","5","1"
"500","2023-08-10 14:42:00","CERRADA","2023-08-10 16:29:25.030443","2023-08-10 14:42:00","120.00",1,"2023-08-10 16:29:25.030443","186","4","1"
"501","2023-09-08 20:58:00","CERRADA","2023-09-08 23:07:57.11339","2023-09-08 20:58:00","198.00",2,"2023-09-08 23:07:57.11339","267","1","1"
"502","2024-09-09 14:11:00","CERRADA","2024-09-09 15:59:51.369308","2024-09-09 14:11:00","140.00",4,"2024-09-09 15:59:51.369308","143","4","1"
"503","2024-05-15 14:56:00","CERRADA","2024-05-15 17:00:32.904404","2024-05-15 14:56:00","321.00",5,"2024-05-15 17:00:32.904404","39","9","1"
"504","2024-06-28 14:49:00","CERRADA","2024-06-28 16:44:03.708691","2024-06-28 14:49:00","363.00",8,"2024-06-28 16:44:03.708691","1","5","1"
"505","2024-02-23 13:43:00","CERRADA","2024-02-23 16:07:08.467929","2024-02-23 13:43:00","302.00",2,"2024-02-23 16:07:08.467929","16","8","1"
"506","2024-11-15 14:15:00","CERRADA","2024-11-15 15:49:28.484997","2024-11-15 14:15:00","131.00",6,"2024-11-15 15:49:28.484997","1","7","1"
"507","2024-12-04 14:11:00","CERRADA","2024-12-04 17:04:39.250385","2024-12-04 14:11:00","233.00",3,"2024-12-04 17:04:39.250385","177","2","1"
"508","2024-01-28 13:14:00","CERRADA","2024-01-28 14:38:19.919223","2024-01-28 13:14:00","168.00",4,"2024-01-28 14:38:19.919223","99","8","1"
"509","2023-10-02 21:31:00","CERRADA","2023-10-02 23:44:39.554222","2023-10-02 21:31:00","64.00",2,"2023-10-02 23:44:39.554222","184","3","1"
"510","2024-10-11 20:55:00","CERRADA","2024-10-11 22:27:58.077837","2024-10-11 20:55:00","193.00",1,"2024-10-11 22:27:58.077837","1","9","1"
"511","2024-12-15 19:30:00","CERRADA","2024-12-15 22:22:45.511834","2024-12-15 19:30:00","147.00",7,"2024-12-15 22:22:45.511834","263","5","1"
"512","2024-09-12 19:20:00","CERRADA","2024-09-12 21:42:42.315953","2024-09-12 19:20:00","254.00",3,"2024-09-12 21:42:42.315953","179","7","1"
"513","2024-05-03 13:35:00","CERRADA","2024-05-03 15:06:32.513049","2024-05-03 13:35:00","69.00",2,"2024-05-03 15:06:32.513049","109","7","1"
"514","2024-10-25 14:23:00","CERRADA","2024-10-25 17:05:31.147828","2024-10-25 14:23:00","74.00",3,"2024-10-25 17:05:31.147828","177","6","1"
"515","2025-01-11 21:17:00","CERRADA","2025-01-11 23:53:29.430583","2025-01-11 21:17:00","418.00",3,"2025-01-11 23:53:29.430583","94","10","1"
"516","2023-08-03 19:08:00","CERRADA","2023-08-03 22:07:28.044746","2023-08-03 19:08:00","304.00",3,"2023-08-03 22:07:28.044746","197","4","1"
"517","2024-10-18 20:03:00","CERRADA","2024-10-18 21:50:48.493693","2024-10-18 20:03:00","184.00",6,"2024-10-18 21:50:48.493693","1","9","1"
"518","2024-12-01 14:16:00","CERRADA","2024-12-01 15:59:18.926552","2024-12-01 14:16:00","48.00",5,"2024-12-01 15:59:18.926552","32","4","1"
"519","2024-08-02 20:12:00","CERRADA","2024-08-02 22:21:13.347046","2024-08-02 20:12:00","270.00",1,"2024-08-02 22:21:13.347046","133","6","1"
"520","2024-05-31 21:28:00","CERRADA","2024-06-01 00:14:45.353634","2024-05-31 21:28:00","195.00",5,"2024-06-01 00:14:45.353634","277","3","1"
"521","2023-11-20 19:40:00","CERRADA","2023-11-20 21:53:28.632995","2023-11-20 19:40:00","349.00",3,"2023-11-20 21:53:28.632995","148","8","1"
"522","2024-05-24 14:45:00","CERRADA","2024-05-24 16:17:05.801214","2024-05-24 14:45:00","356.00",3,"2024-05-24 16:17:05.801214","38","2","1"
"523","2024-06-07 19:26:00","CERRADA","2024-06-07 20:46:04.690371","2024-06-07 19:26:00","323.00",8,"2024-06-07 20:46:04.690371","140","15","1"
"524","2025-04-11 21:05:00","CERRADA","2025-04-11 22:30:16.114739","2025-04-11 21:05:00","204.00",4,"2025-04-11 22:30:16.114739","1","3","1"
"525","2024-12-20 20:48:00","CERRADA","2024-12-20 23:47:31.298866","2024-12-20 20:48:00","352.00",8,"2024-12-20 23:47:31.298866","50","2","1"
"526","2024-04-19 19:40:00","CERRADA","2024-04-19 20:55:10.164292","2024-04-19 19:40:00","285.00",7,"2024-04-19 20:55:10.164292","81","2","1"
"527","2025-04-11 19:29:00","CERRADA","2025-04-11 22:25:59.867127","2025-04-11 19:29:00","307.00",1,"2025-04-11 22:25:59.867127","89","1","1"
"528","2023-10-18 13:37:00","CERRADA","2023-10-18 15:48:42.606232","2023-10-18 13:37:00","126.00",8,"2023-10-18 15:48:42.606232","141","9","1"
"529","2024-07-24 19:19:00","CERRADA","2024-07-24 21:02:53.639918","2024-07-24 19:19:00","301.00",5,"2024-07-24 21:02:53.639918","290","7","1"
"530","2024-11-18 14:18:00","CERRADA","2024-11-18 16:14:18.225278","2024-11-18 14:18:00","282.00",1,"2024-11-18 16:14:18.225278","157","1","1"
"531","2024-04-05 14:38:00","CERRADA","2024-04-05 16:05:44.750833","2024-04-05 14:38:00","96.00",8,"2024-04-05 16:05:44.750833","253","13","1"
"532","2024-12-27 21:47:00","CERRADA","2024-12-28 00:04:31.133755","2024-12-27 21:47:00","239.00",7,"2024-12-28 00:04:31.133755","193","4","1"
"533","2023-08-25 20:51:00","CERRADA","2023-08-25 23:14:16.256823","2023-08-25 20:51:00","357.00",5,"2023-08-25 23:14:16.256823","1","4","1"
"534","2024-08-02 13:18:00","CERRADA","2024-08-02 14:31:14.565724","2024-08-02 13:18:00","75.00",5,"2024-08-02 14:31:14.565724","274","13","1"
"535","2023-12-15 20:01:00","CERRADA","2023-12-15 21:23:18.750707","2023-12-15 20:01:00","196.00",8,"2023-12-15 21:23:18.750707","233","5","1"
"536","2023-08-16 13:21:00","CERRADA","2023-08-16 15:11:25.749795","2023-08-16 13:21:00","207.00",8,"2023-08-16 15:11:25.749795","139","3","1"
"537","2024-07-18 13:03:00","CERRADA","2024-07-18 14:34:58.825763","2024-07-18 13:03:00","272.00",6,"2024-07-18 14:34:58.825763","1","8","1"
"538","2023-12-15 19:53:00","CERRADA","2023-12-15 20:54:30.831513","2023-12-15 19:53:00","210.00",3,"2023-12-15 20:54:30.831513","280","8","1"
"539","2024-06-30 21:02:00","CERRADA","2024-06-30 22:25:54.095109","2024-06-30 21:02:00","287.00",4,"2024-06-30 22:25:54.095109","1","12","1"
"540","2024-10-04 14:10:00","CERRADA","2024-10-04 16:25:29.98263","2024-10-04 14:10:00","80.00",4,"2024-10-04 16:25:29.98263","50","9","1"
"541","2024-08-16 12:55:00","CERRADA","2024-08-16 15:15:00.202447","2024-08-16 12:55:00","176.00",2,"2024-08-16 15:15:00.202447","283","9","1"
"542","2024-05-03 20:07:00","CERRADA","2024-05-03 21:54:29.819762","2024-05-03 20:07:00","143.00",7,"2024-05-03 21:54:29.819762","1","4","1"
"543","2025-05-09 12:15:00","CERRADA","2025-05-09 13:33:55.428885","2025-05-09 12:15:00","813.00",8,"2025-05-09 13:33:55.428885","23","10","1"
"544","2023-08-04 20:50:00","CERRADA","2023-08-04 22:02:53.219926","2023-08-04 20:50:00","248.00",1,"2023-08-04 22:02:53.219926","175","15","1"
"545","2024-08-24 19:22:00","CERRADA","2024-08-24 21:48:55.673937","2024-08-24 19:22:00","162.00",6,"2024-08-24 21:48:55.673937","164","9","1"
"546","2024-12-27 13:36:00","CERRADA","2024-12-27 14:58:23.712448","2024-12-27 13:36:00","327.00",8,"2024-12-27 14:58:23.712448","22","8","1"
"547","2023-08-11 14:34:00","CERRADA","2023-08-11 16:18:03.21149","2023-08-11 14:34:00","84.00",3,"2023-08-11 16:18:03.21149","241","5","1"
"548","2023-06-21 20:15:00","CERRADA","2023-06-21 21:53:28.997479","2023-06-21 20:15:00","155.00",3,"2023-06-21 21:53:28.997479","261","7","1"
"549","2023-12-15 20:09:00","CERRADA","2023-12-15 22:22:33.882545","2023-12-15 20:09:00","243.00",7,"2023-12-15 22:22:33.882545","277","14","1"
"550","2024-07-18 13:55:00","CERRADA","2024-07-18 14:58:45.171028","2024-07-18 13:55:00","337.00",2,"2024-07-18 14:58:45.171028","166","2","1"
"551","2025-01-06 19:33:00","CERRADA","2025-01-06 21:47:52.587485","2025-01-06 19:33:00","593.00",1,"2025-01-06 21:47:52.587485","100","2","1"
"552","2025-06-02 00:00:00","CERRADA","2025-06-02 00:00:00","2025-06-02 00:00:00","434.00",4,"2025-06-02 00:00:00","27","6","1"
"553","2024-06-07 19:52:00","CERRADA","2024-06-07 21:36:17.294286","2024-06-07 19:52:00","170.00",1,"2024-06-07 21:36:17.294286","1","8","1"
"554","2023-08-13 13:33:00","CERRADA","2023-08-13 14:44:39.258601","2023-08-13 13:33:00","284.00",1,"2023-08-13 14:44:39.258601","138","9","1"
"555","2023-12-22 21:11:00","CERRADA","2023-12-22 23:18:00.649056","2023-12-22 21:11:00","133.00",4,"2023-12-22 23:18:00.649056","274","7","1"
"556","2025-04-25 12:10:00","CERRADA","2025-04-25 14:45:05.723504","2025-04-25 12:10:00","323.00",6,"2025-04-25 14:45:05.723504","56","13","1"
"557","2024-11-29 14:57:00","CERRADA","2024-11-29 16:34:49.115972","2024-11-29 14:57:00","310.00",3,"2024-11-29 16:34:49.115972","260","6","1"
"558","2024-07-28 21:20:00","CERRADA","2024-07-28 23:33:00.576266","2024-07-28 21:20:00","186.00",6,"2024-07-28 23:33:00.576266","1","6","1"
"559","2024-06-04 19:00:00","CERRADA","2024-06-04 21:27:09.455604","2024-06-04 19:00:00","439.00",5,"2024-06-04 21:27:09.455604","111","7","1"
"560","2024-11-15 12:19:00","CERRADA","2024-11-15 15:17:07.639862","2024-11-15 12:19:00","176.00",1,"2024-11-15 15:17:07.639862","1","10","1"
"561","2024-12-20 20:09:00","CERRADA","2024-12-20 21:20:18.867318","2024-12-20 20:09:00","155.00",5,"2024-12-20 21:20:18.867318","163","1","1"
"562","2024-08-11 14:05:00","CERRADA","2024-08-11 16:13:27.507548","2024-08-11 14:05:00","219.00",5,"2024-08-11 16:13:27.507548","81","3","1"
"563","2024-12-29 21:36:00","CERRADA","2024-12-30 00:14:20.509907","2024-12-29 21:36:00","264.00",2,"2024-12-30 00:14:20.509907","113","12","1"
"564","2023-08-21 14:22:00","CERRADA","2023-08-21 17:07:34.506019","2023-08-21 14:22:00","150.00",7,"2023-08-21 17:07:34.506019","155","1","1"
"565","2025-03-31 21:49:00","CERRADA","2025-04-01 00:04:51.794067","2025-03-31 21:49:00","416.00",4,"2025-04-01 00:04:51.794067","63","14","1"
"566","2024-12-06 21:14:00","CERRADA","2024-12-06 22:32:23.021875","2024-12-06 21:14:00","223.00",6,"2024-12-06 22:32:23.021875","270","1","1"
"567","2024-01-19 13:08:00","CERRADA","2024-01-19 14:48:20.410882","2024-01-19 13:08:00","248.00",2,"2024-01-19 14:48:20.410882","203","8","1"
"568","2024-03-01 21:08:00","CERRADA","2024-03-01 23:39:26.637021","2024-03-01 21:08:00","308.00",7,"2024-03-01 23:39:26.637021","27","9","1"
"569","2025-04-04 21:33:00","CERRADA","2025-04-04 23:02:32.970052","2025-04-04 21:33:00","217.00",7,"2025-04-04 23:02:32.970052","103","8","1"
"570","2023-09-25 14:12:00","CERRADA","2023-09-25 15:50:29.316213","2023-09-25 14:12:00","333.00",2,"2023-09-25 15:50:29.316213","222","6","1"
"571","2023-11-22 19:39:00","CERRADA","2023-11-22 20:56:29.893021","2023-11-22 19:39:00","598.00",5,"2023-11-22 20:56:29.893021","14","13","1"
"572","2023-11-08 12:47:00","CERRADA","2023-11-08 13:53:32.673696","2023-11-08 12:47:00","94.00",6,"2023-11-08 13:53:32.673696","121","4","1"
"573","2024-03-22 12:19:00","CERRADA","2024-03-22 14:13:00.443309","2024-03-22 12:19:00","205.00",3,"2024-03-22 14:13:00.443309","1","15","1"
"574","2023-12-29 20:30:00","CERRADA","2023-12-29 22:44:45.902349","2023-12-29 20:30:00","170.00",4,"2023-12-29 22:44:45.902349","109","12","1"
"575","2024-06-21 12:16:00","CERRADA","2024-06-21 13:36:26.301459","2024-06-21 12:16:00","263.00",1,"2024-06-21 13:36:26.301459","1","12","1"
"576","2025-06-02 00:00:00","CERRADA","2025-06-02 00:00:00","2025-06-02 00:00:00","277.00",8,"2025-06-02 00:00:00","140","1","1"
"577","2025-03-28 20:45:00","CERRADA","2025-03-28 21:56:57.146725","2025-03-28 20:45:00","268.00",5,"2025-03-28 21:56:57.146725","57","1","1"
"578","2023-12-22 21:01:00","CERRADA","2023-12-22 22:05:46.217303","2023-12-22 21:01:00","209.00",3,"2023-12-22 22:05:46.217303","274","2","1"
"579","2024-08-18 21:22:00","CERRADA","2024-08-18 23:04:38.722559","2024-08-18 21:22:00","123.00",6,"2024-08-18 23:04:38.722559","1","5","1"
"580","2025-03-07 12:35:00","CERRADA","2025-03-07 15:28:53.638212","2025-03-07 12:35:00","126.00",1,"2025-03-07 15:28:53.638212","258","5","1"
"581","2025-04-04 20:43:00","CERRADA","2025-04-04 22:56:29.628432","2025-04-04 20:43:00","268.00",7,"2025-04-04 22:56:29.628432","176","15","1"
"582","2025-01-10 20:21:00","CERRADA","2025-01-10 22:14:54.018134","2025-01-10 20:21:00","371.00",4,"2025-01-10 22:14:54.018134","118","7","1"
"583","2023-10-27 20:58:00","CERRADA","2023-10-27 22:14:13.817956","2023-10-27 20:58:00","311.00",4,"2023-10-27 22:14:13.817956","72","10","1"
"584","2025-04-03 14:04:00","CERRADA","2025-04-03 16:10:52.850146","2025-04-03 14:04:00","96.00",3,"2025-04-03 16:10:52.850146","1","13","1"
"585","2024-07-22 14:56:00","CERRADA","2024-07-22 17:52:44.851453","2024-07-22 14:56:00","124.00",3,"2024-07-22 17:52:44.851453","1","2","1"
"586","2025-06-02 00:00:00","CERRADA","2025-06-02 00:00:00","2025-06-02 00:00:00","283.00",8,"2025-06-02 00:00:00","1","5","1"
"587","2025-06-02 00:00:00","CERRADA","2025-06-02 00:00:00","2025-06-02 00:00:00","208.00",5,"2025-06-02 00:00:00","1","10","1"
"588","2025-06-02 00:00:00","CERRADA","2025-06-02 00:00:00","2025-06-02 00:00:00","203.00",8,"2025-06-02 00:00:00","246","3","1"
"589","2024-12-04 13:48:00","CERRADA","2024-12-04 15:12:32.847161","2024-12-04 13:48:00","316.00",1,"2024-12-04 15:12:32.847161","18","7","1"
"590","2025-05-09 13:27:00","CERRADA","2025-05-09 15:15:35.040731","2025-05-09 13:27:00","272.00",8,"2025-05-09 15:15:35.040731","226","14","1"
"591","2024-07-09 20:34:00","CERRADA","2024-07-09 22:37:01.659828","2024-07-09 20:34:00","253.00",6,"2024-07-09 22:37:01.659828","196","12","1"
"592","2024-11-22 12:56:00","CERRADA","2024-11-22 15:55:30.021875","2024-11-22 12:56:00","176.00",1,"2024-11-22 15:55:30.021875","1","13","1"
"593","2024-12-27 12:12:00","CERRADA","2024-12-27 13:46:56.491408","2024-12-27 12:12:00","97.00",1,"2024-12-27 13:46:56.491408","204","12","1"
"594","2024-07-20 21:33:00","CERRADA","2024-07-21 00:21:26.464656","2024-07-20 21:33:00","50.00",5,"2024-07-21 00:21:26.464656","157","13","1"
"595","2023-12-03 21:34:00","CERRADA","2023-12-03 22:50:14.208054","2023-12-03 21:34:00","115.00",2,"2023-12-03 22:50:14.208054","233","2","1"
"596","2024-09-13 13:56:00","CERRADA","2024-09-13 15:50:33.719095","2024-09-13 13:56:00","290.00",3,"2024-09-13 15:50:33.719095","232","1","1"
"597","2023-09-08 14:05:00","CERRADA","2023-09-08 16:07:51.484604","2023-09-08 14:05:00","486.00",2,"2023-09-08 16:07:51.484604","85","12","1"
"598","2024-07-28 14:36:00","CERRADA","2024-07-28 17:20:33.398906","2024-07-28 14:36:00","153.00",3,"2024-07-28 17:20:33.398906","263","10","1"
"599","2023-12-02 14:19:00","CERRADA","2023-12-02 16:46:37.164579","2023-12-02 14:19:00","280.00",3,"2023-12-02 16:46:37.164579","1","3","1"
"600","2023-09-30 12:39:00","CERRADA","2023-09-30 15:10:50.849811","2023-09-30 12:39:00","195.00",3,"2023-09-30 15:10:50.849811","1","5","1"
"601","2024-12-09 19:15:00","CERRADA","2024-12-09 20:41:01.491676","2024-12-09 19:15:00","156.00",8,"2024-12-09 20:41:01.491676","256","14","1"
"602","2023-08-22 20:17:00","CERRADA","2023-08-22 22:31:22.31548","2023-08-22 20:17:00","198.00",8,"2023-08-22 22:31:22.31548","234","7","1"
"603","2023-11-03 13:54:00","CERRADA","2023-11-03 14:57:53.51106","2023-11-03 13:54:00","88.00",3,"2023-11-03 14:57:53.51106","108","1","1"
"604","2023-07-28 13:43:00","CERRADA","2023-07-28 15:17:07.539923","2023-07-28 13:43:00","204.00",2,"2023-07-28 15:17:07.539923","154","6","1"
"605","2024-09-10 12:05:00","CERRADA","2024-09-10 14:37:13.286278","2024-09-10 12:05:00","122.00",3,"2024-09-10 14:37:13.286278","295","13","1"
"606","2024-08-12 19:08:00","CERRADA","2024-08-12 20:22:38.567256","2024-08-12 19:08:00","202.00",2,"2024-08-12 20:22:38.567256","196","14","1"
"607","2024-07-22 12:36:00","CERRADA","2024-07-22 15:03:34.045342","2024-07-22 12:36:00","225.00",7,"2024-07-22 15:03:34.045342","1","6","1"
"608","2024-08-12 20:36:00","CERRADA","2024-08-12 23:35:24.175216","2024-08-12 20:36:00","428.00",5,"2024-08-12 23:35:24.175216","46","8","1"
"609","2024-11-15 13:56:00","CERRADA","2024-11-15 16:09:07.721456","2024-11-15 13:56:00","137.00",8,"2024-11-15 16:09:07.721456","68","10","1"
"610","2023-06-30 21:54:00","CERRADA","2023-06-30 23:18:52.782022","2023-06-30 21:54:00","370.00",2,"2023-06-30 23:18:52.782022","101","1","1"
"611","2024-05-10 13:00:00","CERRADA","2024-05-10 15:16:52.451838","2024-05-10 13:00:00","40.00",1,"2024-05-10 15:16:52.451838","214","7","1"
"612","2024-04-12 12:07:00","CERRADA","2024-04-12 14:29:18.017678","2024-04-12 12:07:00","81.00",2,"2024-04-12 14:29:18.017678","132","13","1"
"613","2023-12-01 21:30:00","CERRADA","2023-12-02 00:19:56.373983","2023-12-01 21:30:00","144.00",1,"2023-12-02 00:19:56.373983","293","10","1"
"614","2024-10-11 20:57:00","CERRADA","2024-10-11 22:37:12.789513","2024-10-11 20:57:00","206.00",3,"2024-10-11 22:37:12.789513","1","11","1"
"615","2024-11-22 14:35:00","CERRADA","2024-11-22 16:39:18.375425","2024-11-22 14:35:00","278.00",1,"2024-11-22 16:39:18.375425","1","7","1"
"616","2023-08-08 12:21:00","CERRADA","2023-08-08 15:19:02.055136","2023-08-08 12:21:00","221.00",6,"2023-08-08 15:19:02.055136","171","13","1"
"617","2023-12-15 14:45:00","CERRADA","2023-12-15 17:27:56.300239","2023-12-15 14:45:00","290.00",7,"2023-12-15 17:27:56.300239","86","10","1"
"618","2024-10-22 14:13:00","CERRADA","2024-10-22 16:16:00.723022","2024-10-22 14:13:00","152.00",2,"2024-10-22 16:16:00.723022","141","7","1"
"619","2023-12-25 12:51:00","CERRADA","2023-12-25 14:48:55.174976","2023-12-25 12:51:00","86.00",1,"2023-12-25 14:48:55.174976","193","13","1"
"620","2024-11-22 12:52:00","CERRADA","2024-11-22 15:49:52.369012","2024-11-22 12:52:00","158.00",8,"2024-11-22 15:49:52.369012","99","6","1"
"621","2024-09-20 12:00:00","CERRADA","2024-09-20 13:37:19.065489","2024-09-20 12:00:00","213.00",1,"2024-09-20 13:37:19.065489","69","4","1"
"622","2023-07-21 21:19:00","CERRADA","2023-07-21 22:21:41.85788","2023-07-21 21:19:00","144.00",8,"2023-07-21 22:21:41.85788","46","6","1"
"623","2024-12-26 14:49:00","CERRADA","2024-12-26 16:41:56.032484","2024-12-26 14:49:00","63.00",4,"2024-12-26 16:41:56.032484","1","11","1"
"624","2023-09-29 20:06:00","CERRADA","2023-09-29 21:30:47.357133","2023-09-29 20:06:00","181.00",5,"2023-09-29 21:30:47.357133","78","3","1"
"625","2025-05-23 13:04:00","CERRADA","2025-05-23 14:41:21.91843","2025-05-23 13:04:00","258.00",3,"2025-05-23 14:41:21.91843","165","5","1"
"626","2023-07-28 21:03:00","CERRADA","2023-07-28 22:15:42.673816","2023-07-28 21:03:00","210.00",8,"2023-07-28 22:15:42.673816","1","9","1"
"627","2025-05-23 21:44:00","CERRADA","2025-05-23 23:37:30.021112","2025-05-23 21:44:00","185.00",3,"2025-05-23 23:37:30.021112","220","7","1"
"628","2025-06-01 12:59:00","CERRADA","2025-06-01 15:29:41.349136","2025-06-01 12:59:00","165.00",4,"2025-06-01 15:29:41.349136","172","14","1"
"629","2023-09-15 21:49:00","CERRADA","2023-09-15 23:44:50.855262","2023-09-15 21:49:00","363.00",8,"2023-09-15 23:44:50.855262","69","2","1"
"630","2024-06-14 21:21:00","CERRADA","2024-06-14 23:55:39.206686","2024-06-14 21:21:00","503.00",5,"2024-06-14 23:55:39.206686","116","3","1"
"631","2023-07-07 19:29:00","CERRADA","2023-07-07 22:10:29.51709","2023-07-07 19:29:00","203.00",8,"2023-07-07 22:10:29.51709","1","8","1"
"632","2024-11-08 12:20:00","CERRADA","2024-11-08 14:26:44.278993","2024-11-08 12:20:00","303.00",3,"2024-11-08 14:26:44.278993","180","10","1"
"633","2024-07-19 13:35:00","CERRADA","2024-07-19 14:54:04.946085","2024-07-19 13:35:00","224.00",8,"2024-07-19 14:54:04.946085","156","9","1"
"634","2025-05-16 19:36:00","CERRADA","2025-05-16 22:10:28.752748","2025-05-16 19:36:00","523.00",4,"2025-05-16 22:10:28.752748","35","6","1"
"635","2025-05-30 20:38:00","CERRADA","2025-05-30 22:33:32.940727","2025-05-30 20:38:00","172.00",2,"2025-05-30 22:33:32.940727","122","3","1"
"636","2024-07-26 20:49:00","CERRADA","2024-07-26 23:27:23.033247","2024-07-26 20:49:00","332.00",5,"2024-07-26 23:27:23.033247","229","3","1"
"637","2023-10-22 21:51:00","CERRADA","2023-10-22 22:51:01.327251","2023-10-22 21:51:00","173.00",4,"2023-10-22 22:51:01.327251","33","2","1"
"638","2024-07-05 13:43:00","CERRADA","2024-07-05 16:28:17.462539","2024-07-05 13:43:00","228.00",5,"2024-07-05 16:28:17.462539","78","8","1"
"639","2024-05-19 20:32:00","CERRADA","2024-05-19 22:20:30.221396","2024-05-19 20:32:00","88.00",7,"2024-05-19 22:20:30.221396","157","15","1"
"640","2024-12-15 20:52:00","CERRADA","2024-12-15 23:49:26.612854","2024-12-15 20:52:00","147.00",6,"2024-12-15 23:49:26.612854","152","1","1"
"641","2024-02-02 21:20:00","CERRADA","2024-02-02 23:45:24.770292","2024-02-02 21:20:00","222.00",1,"2024-02-02 23:45:24.770292","146","14","1"
"642","2025-06-02 00:00:00","CERRADA","2025-06-02 00:00:00","2025-06-02 00:00:00","139.00",4,"2025-06-02 00:00:00","224","9","1"
"643","2025-06-02 00:00:00","CERRADA","2025-06-02 00:00:00","2025-06-02 00:00:00","152.00",5,"2025-06-02 00:00:00","1","3","1"
"644","2023-10-20 19:57:00","CERRADA","2023-10-20 22:31:40.284657","2023-10-20 19:57:00","138.00",2,"2023-10-20 22:31:40.284657","225","3","1"
"645","2024-09-13 19:24:00","CERRADA","2024-09-13 21:06:38.21206","2024-09-13 19:24:00","104.00",3,"2024-09-13 21:06:38.21206","219","10","1"
"646","2024-12-30 20:23:00","CERRADA","2024-12-30 21:27:00.925508","2024-12-30 20:23:00","521.00",8,"2024-12-30 21:27:00.925508","5","10","1"
"647","2023-09-29 12:09:00","CERRADA","2023-09-29 14:36:37.33538","2023-09-29 12:09:00","134.00",6,"2023-09-29 14:36:37.33538","249","12","1"
"648","2024-08-18 21:47:00","CERRADA","2024-08-19 00:06:38.905962","2024-08-18 21:47:00","285.00",2,"2024-08-19 00:06:38.905962","145","8","1"
"649","2025-02-21 12:30:00","CERRADA","2025-02-21 14:24:29.050357","2025-02-21 12:30:00","229.00",5,"2025-02-21 14:24:29.050357","278","13","1"
"650","2024-08-09 14:18:00","CERRADA","2024-08-09 15:38:06.058772","2024-08-09 14:18:00","236.00",6,"2024-08-09 15:38:06.058772","1","10","1"
"651","2023-08-03 20:03:00","CERRADA","2023-08-03 22:21:45.503182","2023-08-03 20:03:00","202.00",5,"2023-08-03 22:21:45.503182","157","12","1"
"652","2023-08-25 14:16:00","CERRADA","2023-08-25 15:31:54.279092","2023-08-25 14:16:00","530.00",8,"2023-08-25 15:31:54.279092","15","5","1"
"653","2025-02-14 13:42:00","CERRADA","2025-02-14 15:35:35.902807","2025-02-14 13:42:00","187.00",2,"2025-02-14 15:35:35.902807","133","1","1"
"654","2024-10-11 12:21:00","CERRADA","2024-10-11 15:19:05.315935","2024-10-11 12:21:00","184.00",4,"2024-10-11 15:19:05.315935","1","5","1"
"655","2024-10-21 19:15:00","CERRADA","2024-10-21 21:34:16.804478","2024-10-21 19:15:00","277.00",3,"2024-10-21 21:34:16.804478","1","10","1"
"656","2023-07-27 12:03:00","CERRADA","2023-07-27 13:23:06.722857","2023-07-27 12:03:00","272.00",6,"2023-07-27 13:23:06.722857","87","4","1"
"657","2024-06-24 14:09:00","CERRADA","2024-06-24 16:12:39.183355","2024-06-24 14:09:00","100.00",4,"2024-06-24 16:12:39.183355","156","8","1"
"658","2024-06-27 21:02:00","CERRADA","2024-06-27 22:13:41.023109","2024-06-27 21:02:00","166.00",8,"2024-06-27 22:13:41.023109","149","15","1"
"659","2025-02-16 14:17:00","CERRADA","2025-02-16 15:49:03.032273","2025-02-16 14:17:00","170.00",7,"2025-02-16 15:49:03.032273","183","14","1"
"660","2025-06-02 00:00:00","CERRADA","2025-06-02 00:00:00","2025-06-02 00:00:00","121.00",4,"2025-06-02 00:00:00","202","8","1"
"661","2023-08-11 12:43:00","CERRADA","2023-08-11 14:36:30.783864","2023-08-11 12:43:00","322.00",1,"2023-08-11 14:36:30.783864","7","11","1"
"662","2023-07-07 20:42:00","CERRADA","2023-07-07 23:29:16.562142","2023-07-07 20:42:00","105.00",4,"2023-07-07 23:29:16.562142","147","5","1"
"663","2023-08-29 21:48:00","CERRADA","2023-08-30 00:35:59.259949","2023-08-29 21:48:00","266.00",2,"2023-08-30 00:35:59.259949","64","12","1"
"664","2025-06-02 00:00:00","CERRADA","2025-06-02 00:00:00","2025-06-02 00:00:00","241.00",2,"2025-06-02 00:00:00","96","15","1"
"665","2025-05-10 14:16:00","CERRADA","2025-05-10 15:35:26.155428","2025-05-10 14:16:00","415.00",7,"2025-05-10 15:35:26.155428","1","13","1"
"666","2024-08-07 13:28:00","CERRADA","2024-08-07 14:36:19.669066","2024-08-07 13:28:00","200.00",7,"2024-08-07 14:36:19.669066","33","7","1"
"667","2023-12-01 20:49:00","CERRADA","2023-12-01 22:40:45.02575","2023-12-01 20:49:00","376.00",7,"2023-12-01 22:40:45.02575","1","4","1"
"668","2024-12-23 21:16:00","CERRADA","2024-12-23 23:49:16.10759","2024-12-23 21:16:00","334.00",8,"2024-12-23 23:49:16.10759","56","15","1"
"669","2023-07-10 21:21:00","CERRADA","2023-07-11 00:09:33.246313","2023-07-10 21:21:00","109.00",1,"2023-07-11 00:09:33.246313","256","3","1"
"670","2024-10-04 12:34:00","CERRADA","2024-10-04 14:01:06.097262","2024-10-04 12:34:00","89.00",8,"2024-10-04 14:01:06.097262","265","12","1"
"671","2024-05-08 21:41:00","CERRADA","2024-05-08 22:51:52.802219","2024-05-08 21:41:00","197.00",6,"2024-05-08 22:51:52.802219","248","2","1"
"672","2024-07-24 19:42:00","CERRADA","2024-07-24 21:04:55.222759","2024-07-24 19:42:00","187.00",8,"2024-07-24 21:04:55.222759","176","2","1"
"673","2024-10-18 21:12:00","CERRADA","2024-10-18 22:28:47.589253","2024-10-18 21:12:00","334.00",6,"2024-10-18 22:28:47.589253","56","11","1"
"674","2023-08-05 19:34:00","CERRADA","2023-08-05 22:29:47.667691","2023-08-05 19:34:00","295.00",7,"2023-08-05 22:29:47.667691","124","8","1"
"675","2024-05-17 12:25:00","CERRADA","2024-05-17 13:39:10.947183","2024-05-17 12:25:00","133.00",1,"2024-05-17 13:39:10.947183","1","1","1"
"676","2025-04-26 21:37:00","CERRADA","2025-04-26 23:04:57.496751","2025-04-26 21:37:00","96.00",8,"2025-04-26 23:04:57.496751","1","11","1"
"677","2024-09-26 13:44:00","CERRADA","2024-09-26 16:01:51.262218","2024-09-26 13:44:00","283.00",1,"2024-09-26 16:01:51.262218","74","8","1"
"678","2023-12-15 12:52:00","CERRADA","2023-12-15 15:30:05.786843","2023-12-15 12:52:00","162.00",5,"2023-12-15 15:30:05.786843","27","15","1"
"679","2024-08-16 21:43:00","CERRADA","2024-08-16 23:31:14.461995","2024-08-16 21:43:00","188.00",4,"2024-08-16 23:31:14.461995","114","2","1"
"680","2024-04-26 12:37:00","CERRADA","2024-04-26 13:57:48.823071","2024-04-26 12:37:00","344.00",3,"2024-04-26 13:57:48.823071","296","9","1"
"681","2023-11-21 19:15:00","CERRADA","2023-11-21 22:06:04.86382","2023-11-21 19:15:00","313.00",7,"2023-11-21 22:06:04.86382","142","3","1"
"682","2023-11-10 12:00:00","CERRADA","2023-11-10 13:21:31.772564","2023-11-10 12:00:00","166.00",7,"2023-11-10 13:21:31.772564","53","13","1"
"683","2025-06-02 00:00:00","CERRADA","2025-06-02 00:00:00","2025-06-02 00:00:00","103.00",8,"2025-06-02 00:00:00","147","7","1"
"684","2025-02-07 12:40:00","CERRADA","2025-02-07 15:19:10.681907","2025-02-07 12:40:00","110.00",1,"2025-02-07 15:19:10.681907","1","10","1"
"685","2023-12-15 12:39:00","CERRADA","2023-12-15 14:22:25.689393","2023-12-15 12:39:00","367.00",4,"2023-12-15 14:22:25.689393","216","1","1"
"686","2024-09-19 14:03:00","CERRADA","2024-09-19 15:26:14.77675","2024-09-19 14:03:00","471.00",4,"2024-09-19 15:26:14.77675","1","9","1"
"687","2024-10-25 12:03:00","CERRADA","2024-10-25 14:20:22.998023","2024-10-25 12:03:00","127.00",8,"2024-10-25 14:20:22.998023","1","11","1"
"688","2025-02-22 12:06:00","CERRADA","2025-02-22 14:34:51.001571","2025-02-22 12:06:00","307.00",6,"2025-02-22 14:34:51.001571","224","5","1"
"689","2023-07-07 13:46:00","CERRADA","2023-07-07 15:39:22.710428","2023-07-07 13:46:00","110.00",3,"2023-07-07 15:39:22.710428","1","3","1"
"690","2024-01-23 12:15:00","CERRADA","2024-01-23 14:43:31.784635","2024-01-23 12:15:00","229.00",6,"2024-01-23 14:43:31.784635","216","4","1"
"691","2023-08-18 19:09:00","CERRADA","2023-08-18 20:34:56.389167","2023-08-18 19:09:00","220.00",4,"2023-08-18 20:34:56.389167","1","7","1"
"692","2023-08-20 14:12:00","CERRADA","2023-08-20 15:52:18.417627","2023-08-20 14:12:00","386.00",6,"2023-08-20 15:52:18.417627","93","7","1"
"693","2023-10-20 19:10:00","CERRADA","2023-10-20 21:41:14.444998","2023-10-20 19:10:00","88.00",5,"2023-10-20 21:41:14.444998","293","1","1"
"694","2025-03-16 20:35:00","CERRADA","2025-03-16 23:17:36.028957","2025-03-16 20:35:00","96.00",3,"2025-03-16 23:17:36.028957","153","10","1"
"695","2025-01-31 12:46:00","CERRADA","2025-01-31 14:37:22.394639","2025-01-31 12:46:00","120.00",4,"2025-01-31 14:37:22.394639","269","8","1"
"696","2024-08-23 20:09:00","CERRADA","2024-08-23 22:58:39.03399","2024-08-23 20:09:00","84.00",6,"2024-08-23 22:58:39.03399","1","4","1"
"697","2023-07-13 20:02:00","CERRADA","2023-07-13 21:53:05.023034","2023-07-13 20:02:00","164.00",1,"2023-07-13 21:53:05.023034","1","7","1"
"698","2024-02-09 21:46:00","CERRADA","2024-02-09 23:34:47.650181","2024-02-09 21:46:00","502.00",8,"2024-02-09 23:34:47.650181","52","8","1"
"699","2025-06-02 00:00:00","CERRADA","2025-06-02 00:00:00","2025-06-02 00:00:00","43.00",4,"2025-06-02 00:00:00","185","5","1"
"700","2024-12-13 19:11:00","CERRADA","2024-12-13 21:45:46.982732","2024-12-13 19:11:00","280.00",1,"2024-12-13 21:45:46.982732","1","12","1"
"701","2025-03-07 14:33:00","CERRADA","2025-03-07 15:36:55.542063","2025-03-07 14:33:00","82.00",1,"2025-03-07 15:36:55.542063","239","12","1"
"702","2025-05-09 21:59:00","CERRADA","2025-05-09 23:05:34.644062","2025-05-09 21:59:00","132.00",4,"2025-05-09 23:05:34.644062","140","12","1"
"703","2023-07-28 20:02:00","CERRADA","2023-07-28 21:45:52.112237","2023-07-28 20:02:00","98.00",6,"2023-07-28 21:45:52.112237","1","11","1"
"704","2024-12-27 14:15:00","CERRADA","2024-12-27 16:19:45.363549","2024-12-27 14:15:00","141.00",2,"2024-12-27 16:19:45.363549","288","12","1"
"705","2024-01-19 20:43:00","CERRADA","2024-01-19 22:33:45.089701","2024-01-19 20:43:00","96.00",4,"2024-01-19 22:33:45.089701","299","14","1"
"706","2024-10-11 19:45:00","CERRADA","2024-10-11 21:48:49.712248","2024-10-11 19:45:00","252.00",8,"2024-10-11 21:48:49.712248","192","6","1"
"707","2024-09-06 21:51:00","CERRADA","2024-09-07 00:48:22.208001","2024-09-06 21:51:00","102.00",5,"2024-09-07 00:48:22.208001","1","15","1"
"708","2023-09-01 14:04:00","CERRADA","2023-09-01 15:17:07.427428","2023-09-01 14:04:00","217.00",8,"2023-09-01 15:17:07.427428","1","4","1"
"709","2023-12-29 14:26:00","CERRADA","2023-12-29 17:22:20.93716","2023-12-29 14:26:00","304.00",3,"2023-12-29 17:22:20.93716","77","8","1"
"710","2024-08-09 14:12:00","CERRADA","2024-08-09 15:19:33.236462","2024-08-09 14:12:00","185.00",6,"2024-08-09 15:19:33.236462","69","8","1"
"711","2024-08-02 14:31:00","CERRADA","2024-08-02 16:42:12.172236","2024-08-02 14:31:00","266.00",6,"2024-08-02 16:42:12.172236","1","4","1"
"712","2024-04-12 14:10:00","CERRADA","2024-04-12 16:44:42.727482","2024-04-12 14:10:00","202.00",8,"2024-04-12 16:44:42.727482","282","8","1"
"713","2023-11-03 13:39:00","CERRADA","2023-11-03 16:29:53.747812","2023-11-03 13:39:00","165.00",1,"2023-11-03 16:29:53.747812","192","5","1"
"714","2025-05-27 13:10:00","CERRADA","2025-05-27 14:38:32.918336","2025-05-27 13:10:00","112.00",3,"2025-05-27 14:38:32.918336","148","3","1"
"715","2024-08-30 20:45:00","CERRADA","2024-08-30 21:49:09.761438","2024-08-30 20:45:00","50.00",3,"2024-08-30 21:49:09.761438","164","10","1"
"716","2024-08-06 12:58:00","CERRADA","2024-08-06 14:00:59.461477","2024-08-06 12:58:00","132.00",6,"2024-08-06 14:00:59.461477","178","3","1"
"717","2024-12-13 20:32:00","CERRADA","2024-12-13 22:11:45.220652","2024-12-13 20:32:00","55.00",3,"2024-12-13 22:11:45.220652","1","13","1"
"718","2025-01-09 21:58:00","CERRADA","2025-01-10 00:48:40.503132","2025-01-09 21:58:00","69.00",5,"2025-01-10 00:48:40.503132","244","15","1"
"719","2023-07-14 14:01:00","CERRADA","2023-07-14 15:49:11.735438","2023-07-14 14:01:00","259.00",8,"2023-07-14 15:49:11.735438","59","12","1"
"720","2023-09-08 13:37:00","CERRADA","2023-09-08 15:40:10.323663","2023-09-08 13:37:00","209.00",6,"2023-09-08 15:40:10.323663","1","8","1"
"721","2023-12-22 19:43:00","CERRADA","2023-12-22 22:03:35.215989","2023-12-22 19:43:00","170.00",5,"2023-12-22 22:03:35.215989","1","13","1"
"722","2024-10-18 12:58:00","CERRADA","2024-10-18 15:18:00.717975","2024-10-18 12:58:00","264.00",4,"2024-10-18 15:18:00.717975","264","7","1"
"723","2024-06-21 14:28:00","CERRADA","2024-06-21 17:12:54.972498","2024-06-21 14:28:00","248.00",7,"2024-06-21 17:12:54.972498","220","6","1"
"724","2024-08-30 19:46:00","CERRADA","2024-08-30 22:33:34.287551","2024-08-30 19:46:00","157.00",7,"2024-08-30 22:33:34.287551","229","12","1"
"725","2024-04-12 14:04:00","CERRADA","2024-04-12 16:55:58.701569","2024-04-12 14:04:00","198.00",4,"2024-04-12 16:55:58.701569","46","3","1"
"726","2024-07-25 13:35:00","CERRADA","2024-07-25 15:30:27.263745","2024-07-25 13:35:00","306.00",1,"2024-07-25 15:30:27.263745","194","2","1"
"727","2024-06-28 14:53:00","CERRADA","2024-06-28 17:03:13.499431","2024-06-28 14:53:00","129.00",3,"2024-06-28 17:03:13.499431","72","4","1"
"728","2023-06-09 21:53:00","CERRADA","2023-06-10 00:09:23.237983","2023-06-09 21:53:00","181.00",1,"2023-06-10 00:09:23.237983","239","4","1"
"729","2024-10-17 12:07:00","CERRADA","2024-10-17 14:38:45.972162","2024-10-17 12:07:00","258.00",3,"2024-10-17 14:38:45.972162","149","7","1"
"730","2025-01-17 14:40:00","CERRADA","2025-01-17 17:02:18.57242","2025-01-17 14:40:00","78.00",6,"2025-01-17 17:02:18.57242","36","10","1"
"731","2024-06-21 14:10:00","CERRADA","2024-06-21 16:19:47.912378","2024-06-21 14:10:00","261.00",2,"2024-06-21 16:19:47.912378","1","14","1"
"732","2024-08-07 21:58:00","CERRADA","2024-08-08 00:52:37.125783","2024-08-07 21:58:00","70.00",3,"2024-08-08 00:52:37.125783","238","15","1"
"733","2024-11-15 12:38:00","CERRADA","2024-11-15 15:08:18.925247","2024-11-15 12:38:00","238.00",2,"2024-11-15 15:08:18.925247","151","9","1"
"734","2024-03-05 12:34:00","CERRADA","2024-03-05 14:43:36.335819","2024-03-05 12:34:00","118.00",5,"2024-03-05 14:43:36.335819","163","14","1"
"735","2024-11-15 19:21:00","CERRADA","2024-11-15 22:11:30.533118","2024-11-15 19:21:00","220.00",3,"2024-11-15 22:11:30.533118","1","1","1"
"736","2023-12-11 21:53:00","CERRADA","2023-12-12 00:47:17.965539","2023-12-11 21:53:00","356.00",4,"2023-12-12 00:47:17.965539","113","3","1"
"737","2024-08-02 13:59:00","CERRADA","2024-08-02 15:01:05.131675","2024-08-02 13:59:00","87.00",2,"2024-08-02 15:01:05.131675","1","12","1"
"738","2025-02-07 13:45:00","CERRADA","2025-02-07 15:21:33.726666","2025-02-07 13:45:00","160.00",8,"2025-02-07 15:21:33.726666","187","3","1"
"739","2023-07-11 14:08:00","CERRADA","2023-07-11 15:33:10.855247","2023-07-11 14:08:00","88.00",4,"2023-07-11 15:33:10.855247","1","2","1"
"740","2023-08-25 19:02:00","CERRADA","2023-08-25 20:25:33.727146","2023-08-25 19:02:00","228.00",2,"2023-08-25 20:25:33.727146","1","7","1"
"741","2024-07-27 14:42:00","CERRADA","2024-07-27 15:43:13.961257","2024-07-27 14:42:00","240.00",1,"2024-07-27 15:43:13.961257","264","10","1"
"742","2025-06-02 00:00:00","CERRADA","2025-06-02 00:00:00","2025-06-02 00:00:00","471.00",4,"2025-06-02 00:00:00","65","15","1"
"743","2024-05-31 21:39:00","CERRADA","2024-05-31 23:08:01.12216","2024-05-31 21:39:00","91.00",6,"2024-05-31 23:08:01.12216","1","5","1"
"744","2024-08-29 13:57:00","CERRADA","2024-08-29 16:27:28.928672","2024-08-29 13:57:00","234.00",1,"2024-08-29 16:27:28.928672","52","14","1"
"745","2024-10-30 21:37:00","CERRADA","2024-10-30 22:59:12.905608","2024-10-30 21:37:00","60.00",4,"2024-10-30 22:59:12.905608","52","15","1"
"746","2024-06-28 19:07:00","CERRADA","2024-06-28 21:38:22.148015","2024-06-28 19:07:00","102.00",6,"2024-06-28 21:38:22.148015","56","3","1"
"747","2024-10-21 20:46:00","CERRADA","2024-10-21 21:50:52.381655","2024-10-21 20:46:00","190.00",3,"2024-10-21 21:50:52.381655","240","2","1"
"748","2024-09-11 19:14:00","CERRADA","2024-09-11 21:20:28.194416","2024-09-11 19:14:00","139.00",5,"2024-09-11 21:20:28.194416","61","7","1"
"749","2024-10-01 12:43:00","CERRADA","2024-10-01 14:41:59.86829","2024-10-01 12:43:00","96.00",2,"2024-10-01 14:41:59.86829","221","4","1"
"750","2023-10-06 20:06:00","CERRADA","2023-10-06 22:34:58.311549","2023-10-06 20:06:00","104.00",2,"2023-10-06 22:34:58.311549","226","9","1"
"751","2024-06-08 20:54:00","CERRADA","2024-06-08 23:52:52.761494","2024-06-08 20:54:00","204.00",2,"2024-06-08 23:52:52.761494","1","3","1"
"752","2024-03-13 20:17:00","CERRADA","2024-03-13 22:47:45.381195","2024-03-13 20:17:00","219.00",8,"2024-03-13 22:47:45.381195","219","12","1"
"753","2024-10-01 19:32:00","CERRADA","2024-10-01 21:05:28.012559","2024-10-01 19:32:00","223.00",6,"2024-10-01 21:05:28.012559","1","7","1"
"754","2024-07-16 12:06:00","CERRADA","2024-07-16 14:34:32.148163","2024-07-16 12:06:00","177.00",2,"2024-07-16 14:34:32.148163","1","2","1"
"755","2023-12-08 13:19:00","CERRADA","2023-12-08 15:33:38.160683","2023-12-08 13:19:00","228.00",1,"2023-12-08 15:33:38.160683","1","8","1"
"756","2024-09-27 19:32:00","CERRADA","2024-09-27 21:03:23.989971","2024-09-27 19:32:00","111.00",8,"2024-09-27 21:03:23.989971","41","11","1"
"757","2023-07-04 12:24:00","CERRADA","2023-07-04 14:18:00.831738","2023-07-04 12:24:00","258.00",1,"2023-07-04 14:18:00.831738","278","9","1"
"758","2023-07-14 14:56:00","CERRADA","2023-07-14 17:20:43.626267","2023-07-14 14:56:00","213.00",8,"2023-07-14 17:20:43.626267","1","8","1"
"759","2024-10-13 19:42:00","CERRADA","2024-10-13 21:48:27.244071","2024-10-13 19:42:00","168.00",7,"2024-10-13 21:48:27.244071","70","5","1"
"760","2024-12-01 19:39:00","CERRADA","2024-12-01 22:00:10.712043","2024-12-01 19:39:00","266.00",3,"2024-12-01 22:00:10.712043","242","8","1"
"761","2023-08-04 14:22:00","CERRADA","2023-08-04 16:59:08.784678","2023-08-04 14:22:00","67.00",6,"2023-08-04 16:59:08.784678","1","5","1"
"762","2024-08-16 14:03:00","CERRADA","2024-08-16 16:22:20.928042","2024-08-16 14:03:00","306.00",2,"2024-08-16 16:22:20.928042","176","7","1"
"763","2025-05-09 14:10:00","CERRADA","2025-05-09 15:12:21.926329","2025-05-09 14:10:00","198.00",2,"2025-05-09 15:12:21.926329","161","10","1"
"764","2025-01-03 12:44:00","CERRADA","2025-01-03 14:40:21.839289","2025-01-03 12:44:00","157.00",7,"2025-01-03 14:40:21.839289","237","11","1"
"765","2024-05-03 12:44:00","CERRADA","2024-05-03 15:05:00.801326","2024-05-03 12:44:00","112.00",7,"2024-05-03 15:05:00.801326","164","7","1"
"766","2023-11-19 19:12:00","CERRADA","2023-11-19 21:11:38.052322","2023-11-19 19:12:00","211.00",6,"2023-11-19 21:11:38.052322","259","13","1"
"767","2024-12-06 14:36:00","CERRADA","2024-12-06 16:24:14.596936","2024-12-06 14:36:00","264.00",2,"2024-12-06 16:24:14.596936","1","13","1"
"768","2025-06-02 00:00:00","CERRADA","2025-06-02 00:00:00","2025-06-02 00:00:00","712.00",2,"2025-06-02 00:00:00","49","12","1"
"769","2024-10-30 20:20:00","CERRADA","2024-10-30 21:44:00.554295","2024-10-30 20:20:00","179.00",5,"2024-10-30 21:44:00.554295","1","11","1"
"770","2023-06-21 13:36:00","CERRADA","2023-06-21 15:35:54.266146","2023-06-21 13:36:00","259.00",3,"2023-06-21 15:35:54.266146","265","8","1"
"771","2025-06-02 00:00:00","CERRADA","2025-06-02 00:00:00","2025-06-02 00:00:00","42.00",7,"2025-06-02 00:00:00","241","5","1"
"772","2024-07-26 12:40:00","CERRADA","2024-07-26 14:04:25.617899","2024-07-26 12:40:00","142.00",7,"2024-07-26 14:04:25.617899","155","14","1"
"773","2024-07-19 12:09:00","CERRADA","2024-07-19 13:32:01.795283","2024-07-19 12:09:00","97.00",3,"2024-07-19 13:32:01.795283","148","11","1"
"774","2024-12-26 12:12:00","CERRADA","2024-12-26 13:31:07.381118","2024-12-26 12:12:00","168.00",8,"2024-12-26 13:31:07.381118","160","8","1"
"775","2025-04-11 12:46:00","CERRADA","2025-04-11 14:44:18.062152","2025-04-11 12:46:00","163.00",5,"2025-04-11 14:44:18.062152","134","13","1"
"776","2023-08-06 14:42:00","CERRADA","2023-08-06 17:00:53.500343","2023-08-06 14:42:00","470.00",5,"2023-08-06 17:00:53.500343","44","6","1"
"777","2025-01-06 20:42:00","CERRADA","2025-01-06 23:21:28.667395","2025-01-06 20:42:00","490.00",2,"2025-01-06 23:21:28.667395","73","4","1"
"778","2024-07-22 14:21:00","CERRADA","2024-07-22 17:00:52.805989","2024-07-22 14:21:00","246.00",5,"2024-07-22 17:00:52.805989","1","15","1"
"779","2024-08-12 19:26:00","CERRADA","2024-08-12 20:56:31.002627","2024-08-12 19:26:00","147.00",7,"2024-08-12 20:56:31.002627","122","15","1"
"780","2025-05-18 19:30:00","CERRADA","2025-05-18 21:51:55.716822","2025-05-18 19:30:00","327.00",6,"2025-05-18 21:51:55.716822","253","9","1"
"781","2024-06-07 14:01:00","CERRADA","2024-06-07 16:18:26.862636","2024-06-07 14:01:00","183.00",3,"2024-06-07 16:18:26.862636","1","15","1"
"782","2025-05-09 14:35:00","CERRADA","2025-05-09 16:21:09.76953","2025-05-09 14:35:00","69.00",1,"2025-05-09 16:21:09.76953","1","1","1"
"783","2024-11-30 19:00:00","CERRADA","2024-11-30 21:49:10.48152","2024-11-30 19:00:00","261.00",2,"2024-11-30 21:49:10.48152","187","15","1"
"784","2024-02-02 13:58:00","CERRADA","2024-02-02 15:50:39.690104","2024-02-02 13:58:00","101.00",2,"2024-02-02 15:50:39.690104","132","5","1"
"785","2024-03-08 19:30:00","CERRADA","2024-03-08 21:58:25.982159","2024-03-08 19:30:00","173.00",1,"2024-03-08 21:58:25.982159","210","13","1"
"786","2023-09-12 20:04:00","CERRADA","2023-09-12 21:46:13.365695","2023-09-12 20:04:00","167.00",7,"2023-09-12 21:46:13.365695","1","6","1"
"787","2024-09-08 21:41:00","CERRADA","2024-09-08 23:03:02.92528","2024-09-08 21:41:00","187.00",6,"2024-09-08 23:03:02.92528","282","12","1"
"788","2023-12-23 12:07:00","CERRADA","2023-12-23 13:25:56.321564","2023-12-23 12:07:00","141.00",7,"2023-12-23 13:25:56.321564","71","1","1"
"789","2024-04-26 13:16:00","CERRADA","2024-04-26 14:36:49.048985","2024-04-26 13:16:00","232.00",7,"2024-04-26 14:36:49.048985","68","14","1"
"790","2023-12-22 19:56:00","CERRADA","2023-12-22 21:41:16.704205","2023-12-22 19:56:00","130.00",5,"2023-12-22 21:41:16.704205","169","13","1"
"791","2023-06-23 21:39:00","CERRADA","2023-06-23 23:54:11.716974","2023-06-23 21:39:00","191.00",4,"2023-06-23 23:54:11.716974","1","10","1"
"792","2024-08-25 20:27:00","CERRADA","2024-08-25 22:39:02.827663","2024-08-25 20:27:00","85.00",4,"2024-08-25 22:39:02.827663","1","8","1"
"793","2023-06-16 19:52:00","CERRADA","2023-06-16 22:12:49.992308","2023-06-16 19:52:00","124.00",2,"2023-06-16 22:12:49.992308","190","3","1"
"794","2024-03-22 19:54:00","CERRADA","2024-03-22 21:18:47.562861","2024-03-22 19:54:00","345.00",5,"2024-03-22 21:18:47.562861","106","4","1"
"795","2024-08-09 12:18:00","CERRADA","2024-08-09 15:15:08.122773","2024-08-09 12:18:00","29.00",4,"2024-08-09 15:15:08.122773","146","12","1"
"796","2024-06-14 12:00:00","CERRADA","2024-06-14 13:56:15.947578","2024-06-14 12:00:00","121.00",4,"2024-06-14 13:56:15.947578","232","15","1"
"797","2025-05-09 19:47:00","CERRADA","2025-05-09 21:58:39.810769","2025-05-09 19:47:00","98.00",7,"2025-05-09 21:58:39.810769","1","12","1"
"798","2024-05-07 14:38:00","CERRADA","2024-05-07 17:30:43.117969","2024-05-07 14:38:00","127.00",1,"2024-05-07 17:30:43.117969","287","1","1"
"799","2023-06-09 14:25:00","CERRADA","2023-06-09 16:45:33.086552","2023-06-09 14:25:00","197.00",1,"2023-06-09 16:45:33.086552","1","10","1"
"800","2024-02-23 14:56:00","CERRADA","2024-02-23 16:52:10.21103","2024-02-23 14:56:00","146.00",3,"2024-02-23 16:52:10.21103","288","1","1"
"801","2024-07-23 19:55:00","CERRADA","2024-07-23 22:51:48.274725","2024-07-23 19:55:00","229.00",3,"2024-07-23 22:51:48.274725","273","7","1"
"802","2024-08-17 20:20:00","CERRADA","2024-08-17 22:12:17.582654","2024-08-17 20:20:00","329.00",7,"2024-08-17 22:12:17.582654","186","15","1"
"803","2024-12-22 19:03:00","CERRADA","2024-12-22 20:25:40.223677","2024-12-22 19:03:00","136.00",3,"2024-12-22 20:25:40.223677","253","13","1"
"804","2024-02-23 12:57:00","CERRADA","2024-02-23 15:48:15.885656","2024-02-23 12:57:00","280.00",8,"2024-02-23 15:48:15.885656","95","1","1"
"805","2024-09-13 13:07:00","CERRADA","2024-09-13 14:48:57.150973","2024-09-13 13:07:00","231.00",8,"2024-09-13 14:48:57.150973","184","12","1"
"806","2024-11-03 21:37:00","CERRADA","2024-11-03 23:02:29.252328","2024-11-03 21:37:00","299.00",3,"2024-11-03 23:02:29.252328","147","3","1"
"807","2024-08-01 19:43:00","CERRADA","2024-08-01 20:54:18.997612","2024-08-01 19:43:00","188.00",3,"2024-08-01 20:54:18.997612","1","1","1"
"808","2024-07-12 12:53:00","CERRADA","2024-07-12 14:31:49.476007","2024-07-12 12:53:00","290.00",2,"2024-07-12 14:31:49.476007","147","11","1"
"809","2024-12-08 12:21:00","CERRADA","2024-12-08 15:17:22.347699","2024-12-08 12:21:00","117.00",8,"2024-12-08 15:17:22.347699","237","14","1"
"810","2024-01-04 14:20:00","CERRADA","2024-01-04 16:55:46.658191","2024-01-04 14:20:00","290.00",3,"2024-01-04 16:55:46.658191","233","6","1"
"811","2023-08-08 12:01:00","CERRADA","2023-08-08 14:43:16.889999","2023-08-08 12:01:00","177.00",7,"2023-08-08 14:43:16.889999","1","9","1"
"812","2023-10-06 21:51:00","CERRADA","2023-10-07 00:41:36.238627","2023-10-06 21:51:00","265.00",3,"2023-10-07 00:41:36.238627","208","5","1"
"813","2024-06-03 20:12:00","CERRADA","2024-06-03 22:10:45.285858","2024-06-03 20:12:00","157.00",3,"2024-06-03 22:10:45.285858","1","10","1"
"814","2024-12-29 19:51:00","CERRADA","2024-12-29 21:35:11.299432","2024-12-29 19:51:00","126.00",5,"2024-12-29 21:35:11.299432","1","8","1"
"815","2024-11-08 13:41:00","CERRADA","2024-11-08 16:03:20.903058","2024-11-08 13:41:00","52.00",1,"2024-11-08 16:03:20.903058","220","2","1"
"816","2024-08-29 14:09:00","CERRADA","2024-08-29 17:07:06.140878","2024-08-29 14:09:00","206.00",2,"2024-08-29 17:07:06.140878","255","9","1"
"817","2024-11-22 20:04:00","CERRADA","2024-11-22 22:54:04.574492","2024-11-22 20:04:00","146.00",4,"2024-11-22 22:54:04.574492","155","14","1"
"818","2023-09-08 14:22:00","CERRADA","2023-09-08 15:52:34.993471","2023-09-08 14:22:00","83.00",7,"2023-09-08 15:52:34.993471","263","7","1"
"819","2025-04-11 19:02:00","CERRADA","2025-04-11 20:11:59.692069","2025-04-11 19:02:00","129.00",2,"2025-04-11 20:11:59.692069","259","1","1"
"820","2025-01-23 19:39:00","CERRADA","2025-01-23 22:15:56.405293","2025-01-23 19:39:00","156.00",6,"2025-01-23 22:15:56.405293","1","5","1"
"821","2023-08-21 21:06:00","CERRADA","2023-08-21 22:58:03.352228","2023-08-21 21:06:00","277.00",3,"2023-08-21 22:58:03.352228","97","4","1"
"822","2023-11-24 19:55:00","CERRADA","2023-11-24 22:13:55.563074","2023-11-24 19:55:00","151.00",1,"2023-11-24 22:13:55.563074","204","2","1"
"823","2024-04-07 14:44:00","CERRADA","2024-04-07 17:04:51.382629","2024-04-07 14:44:00","247.00",8,"2024-04-07 17:04:51.382629","1","12","1"
"824","2023-07-01 12:44:00","CERRADA","2023-07-01 15:40:27.746618","2023-07-01 12:44:00","101.00",5,"2023-07-01 15:40:27.746618","204","13","1"
"825","2025-06-02 00:00:00","CERRADA","2025-06-02 00:00:00","2025-06-02 00:00:00","158.00",8,"2025-06-02 00:00:00","1","4","1"
"826","2024-08-09 13:47:00","CERRADA","2024-08-09 16:11:18.706361","2024-08-09 13:47:00","267.00",8,"2024-08-09 16:11:18.706361","1","3","1"
"827","2024-12-06 19:03:00","CERRADA","2024-12-06 20:43:03.720403","2024-12-06 19:03:00","263.00",1,"2024-12-06 20:43:03.720403","1","8","1"
"828","2025-01-17 14:02:00","CERRADA","2025-01-17 16:00:29.974895","2025-01-17 14:02:00","68.00",8,"2025-01-17 16:00:29.974895","223","7","1"
"829","2024-11-29 20:04:00","CERRADA","2024-11-29 21:36:08.51187","2024-11-29 20:04:00","141.00",1,"2024-11-29 21:36:08.51187","251","4","1"
"830","2025-02-28 21:27:00","CERRADA","2025-02-28 22:29:29.809858","2025-02-28 21:27:00","116.00",8,"2025-02-28 22:29:29.809858","244","2","1"
"831","2024-08-23 21:21:00","CERRADA","2024-08-24 00:11:36.496296","2024-08-23 21:21:00","431.00",6,"2024-08-24 00:11:36.496296","100","8","1"
"832","2023-10-14 19:26:00","CERRADA","2023-10-14 22:05:58.18137","2023-10-14 19:26:00","177.00",8,"2023-10-14 22:05:58.18137","1","12","1"
"833","2023-12-14 12:42:00","CERRADA","2023-12-14 14:39:56.806308","2023-12-14 12:42:00","45.00",8,"2023-12-14 14:39:56.806308","186","13","1"
"834","2023-09-13 19:19:00","CERRADA","2023-09-13 20:47:09.976119","2023-09-13 19:19:00","401.00",8,"2023-09-13 20:47:09.976119","82","10","1"
"835","2024-12-01 12:51:00","CERRADA","2024-12-01 13:58:38.392221","2024-12-01 12:51:00","331.00",5,"2024-12-01 13:58:38.392221","11","6","1"
"836","2024-10-18 14:49:00","CERRADA","2024-10-18 15:54:36.06978","2024-10-18 14:49:00","170.00",4,"2024-10-18 15:54:36.06978","118","2","1"
"837","2025-05-08 12:45:00","CERRADA","2025-05-08 13:51:03.038703","2025-05-08 12:45:00","320.00",3,"2025-05-08 13:51:03.038703","1","5","1"
"838","2023-09-23 20:50:00","CERRADA","2023-09-23 23:33:00.389354","2023-09-23 20:50:00","78.00",8,"2023-09-23 23:33:00.389354","1","13","1"
"839","2023-11-20 14:10:00","CERRADA","2023-11-20 16:37:24.114802","2023-11-20 14:10:00","178.00",2,"2023-11-20 16:37:24.114802","289","1","1"
"840","2023-11-06 13:07:00","CERRADA","2023-11-06 15:48:49.88466","2023-11-06 13:07:00","172.00",2,"2023-11-06 15:48:49.88466","261","8","1"
"841","2024-02-08 14:32:00","CERRADA","2024-02-08 15:52:33.084928","2024-02-08 14:32:00","121.00",1,"2024-02-08 15:52:33.084928","214","13","1"
"842","2023-11-04 13:08:00","CERRADA","2023-11-04 15:44:12.734486","2023-11-04 13:08:00","242.00",4,"2023-11-04 15:44:12.734486","214","6","1"
"843","2024-11-11 12:28:00","CERRADA","2024-11-11 13:45:28.207002","2024-11-11 12:28:00","104.00",8,"2024-11-11 13:45:28.207002","211","15","1"
"844","2024-05-17 13:27:00","CERRADA","2024-05-17 14:34:22.571965","2024-05-17 13:27:00","242.00",2,"2024-05-17 14:34:22.571965","266","2","1"
"845","2025-01-10 21:51:00","CERRADA","2025-01-11 00:10:14.603749","2025-01-10 21:51:00","195.00",3,"2025-01-11 00:10:14.603749","1","11","1"
"846","2025-04-29 21:47:00","CERRADA","2025-04-29 23:24:38.605702","2025-04-29 21:47:00","272.00",7,"2025-04-29 23:24:38.605702","153","7","1"
"847","2025-05-23 20:39:00","CERRADA","2025-05-23 23:13:36.059369","2025-05-23 20:39:00","138.00",3,"2025-05-23 23:13:36.059369","145","15","1"
"848","2023-12-21 20:21:00","CERRADA","2023-12-21 22:07:47.95348","2023-12-21 20:21:00","208.00",7,"2023-12-21 22:07:47.95348","178","15","1"
"849","2024-01-12 20:21:00","CERRADA","2024-01-12 22:51:50.733535","2024-01-12 20:21:00","233.00",5,"2024-01-12 22:51:50.733535","66","9","1"
"850","2024-02-04 19:32:00","CERRADA","2024-02-04 20:45:15.181725","2024-02-04 19:32:00","431.00",5,"2024-02-04 20:45:15.181725","16","15","1"
"851","2023-10-06 12:28:00","CERRADA","2023-10-06 14:03:45.320011","2023-10-06 12:28:00","248.00",6,"2023-10-06 14:03:45.320011","192","5","1"
"852","2025-01-17 21:42:00","CERRADA","2025-01-17 23:45:59.678327","2025-01-17 21:42:00","256.00",4,"2025-01-17 23:45:59.678327","234","6","1"
"853","2025-04-14 21:08:00","CERRADA","2025-04-14 23:33:43.327048","2025-04-14 21:08:00","99.00",5,"2025-04-14 23:33:43.327048","181","5","1"
"854","2024-11-15 14:29:00","CERRADA","2024-11-15 15:40:45.512388","2024-11-15 14:29:00","159.00",6,"2024-11-15 15:40:45.512388","128","2","1"
"855","2023-08-04 13:28:00","CERRADA","2023-08-04 14:37:22.123384","2023-08-04 13:28:00","178.00",2,"2023-08-04 14:37:22.123384","212","2","1"
"856","2024-03-01 19:44:00","CERRADA","2024-03-01 22:35:43.456375","2024-03-01 19:44:00","306.00",7,"2024-03-01 22:35:43.456375","208","10","1"
"857","2023-10-27 19:08:00","CERRADA","2023-10-27 22:04:09.829007","2023-10-27 19:08:00","88.00",3,"2023-10-27 22:04:09.829007","215","14","1"
"858","2024-09-13 20:23:00","CERRADA","2024-09-13 23:13:36.220959","2024-09-13 20:23:00","187.00",4,"2024-09-13 23:13:36.220959","272","2","1"
"859","2024-07-14 12:23:00","CERRADA","2024-07-14 13:59:35.457065","2024-07-14 12:23:00","155.00",2,"2024-07-14 13:59:35.457065","211","2","1"
"860","2023-10-27 12:59:00","CERRADA","2023-10-27 15:46:18.621084","2023-10-27 12:59:00","84.00",1,"2023-10-27 15:46:18.621084","152","8","1"
"861","2024-10-18 12:55:00","CERRADA","2024-10-18 14:00:21.713828","2024-10-18 12:55:00","69.00",3,"2024-10-18 14:00:21.713828","1","4","1"
"862","2024-05-12 21:53:00","CERRADA","2024-05-13 00:05:41.109914","2024-05-12 21:53:00","185.00",8,"2024-05-13 00:05:41.109914","160","10","1"
"863","2024-12-04 14:05:00","CERRADA","2024-12-04 16:40:58.643673","2024-12-04 14:05:00","104.00",8,"2024-12-04 16:40:58.643673","1","9","1"
"864","2024-07-12 21:56:00","CERRADA","2024-07-12 23:49:10.292666","2024-07-12 21:56:00","228.00",4,"2024-07-12 23:49:10.292666","211","7","1"
"865","2025-05-30 21:19:00","CERRADA","2025-05-30 23:26:19.519357","2025-05-30 21:19:00","125.00",3,"2025-05-30 23:26:19.519357","47","14","1"
"866","2025-02-28 20:33:00","CERRADA","2025-02-28 21:55:43.650285","2025-02-28 20:33:00","195.00",4,"2025-02-28 21:55:43.650285","288","2","1"
"867","2023-12-23 20:28:00","CERRADA","2023-12-23 21:38:09.465201","2023-12-23 20:28:00","85.00",3,"2023-12-23 21:38:09.465201","11","2","1"
"868","2024-08-17 13:26:00","CERRADA","2024-08-17 14:28:53.20997","2024-08-17 13:26:00","228.00",1,"2024-08-17 14:28:53.20997","166","7","1"
"869","2023-09-27 14:09:00","CERRADA","2023-09-27 15:30:55.216269","2023-09-27 14:09:00","340.00",2,"2023-09-27 15:30:55.216269","197","5","1"
"870","2024-07-23 14:11:00","CERRADA","2024-07-23 15:14:15.632585","2024-07-23 14:11:00","129.00",5,"2024-07-23 15:14:15.632585","1","3","1"
"871","2023-10-27 19:52:00","CERRADA","2023-10-27 22:39:56.410825","2023-10-27 19:52:00","113.00",6,"2023-10-27 22:39:56.410825","201","2","1"
"872","2024-10-18 12:17:00","CERRADA","2024-10-18 13:24:16.550241","2024-10-18 12:17:00","133.00",4,"2024-10-18 13:24:16.550241","124","13","1"
"873","2023-07-07 12:17:00","CERRADA","2023-07-07 14:23:29.341895","2023-07-07 12:17:00","222.00",8,"2023-07-07 14:23:29.341895","210","2","1"
"874","2024-04-12 21:32:00","CERRADA","2024-04-12 22:56:24.889729","2024-04-12 21:32:00","146.00",3,"2024-04-12 22:56:24.889729","53","4","1"
"875","2024-02-09 20:28:00","CERRADA","2024-02-09 21:33:00.902975","2024-02-09 20:28:00","256.00",3,"2024-02-09 21:33:00.902975","1","6","1"
"876","2025-06-02 00:00:00","CERRADA","2025-06-02 00:00:00","2025-06-02 00:00:00","110.00",5,"2025-06-02 00:00:00","1","14","1"
"877","2025-06-02 00:00:00","CERRADA","2025-06-02 00:00:00","2025-06-02 00:00:00","110.00",4,"2025-06-02 00:00:00","181","14","1"
"878","2023-10-23 19:13:00","CERRADA","2023-10-23 21:26:15.206228","2023-10-23 19:13:00","89.00",2,"2023-10-23 21:26:15.206228","204","12","1"
"879","2025-03-14 19:17:00","CERRADA","2025-03-14 20:46:30.683652","2025-03-14 19:17:00","284.00",6,"2025-03-14 20:46:30.683652","1","6","1"
"880","2024-09-14 21:08:00","CERRADA","2024-09-14 23:25:34.391702","2024-09-14 21:08:00","98.00",4,"2024-09-14 23:25:34.391702","1","6","1"
"881","2025-04-25 21:45:00","CERRADA","2025-04-25 23:43:40.63235","2025-04-25 21:45:00","69.00",1,"2025-04-25 23:43:40.63235","245","1","1"
"882","2024-12-06 21:28:00","CERRADA","2024-12-06 23:48:40.170575","2024-12-06 21:28:00","388.00",2,"2024-12-06 23:48:40.170575","43","13","1"
"883","2024-07-05 21:00:00","CERRADA","2024-07-05 22:14:58.299826","2024-07-05 21:00:00","253.00",6,"2024-07-05 22:14:58.299826","194","14","1"
"884","2024-01-14 21:58:00","CERRADA","2024-01-15 00:23:06.223996","2024-01-14 21:58:00","100.00",1,"2024-01-15 00:23:06.223996","100","8","1"
"885","2024-01-27 12:17:00","CERRADA","2024-01-27 14:16:08.432703","2024-01-27 12:17:00","269.00",4,"2024-01-27 14:16:08.432703","157","13","1"
"886","2025-03-21 20:32:00","CERRADA","2025-03-21 22:31:16.881514","2025-03-21 20:32:00","130.00",4,"2025-03-21 22:31:16.881514","109","1","1"
"887","2023-08-11 13:16:00","CERRADA","2023-08-11 16:08:01.656484","2023-08-11 13:16:00","235.00",3,"2023-08-11 16:08:01.656484","291","11","1"
"888","2023-12-15 21:43:00","CERRADA","2023-12-15 23:46:57.178925","2023-12-15 21:43:00","327.00",5,"2023-12-15 23:46:57.178925","1","15","1"
"889","2023-06-04 21:03:00","CERRADA","2023-06-04 23:45:27.790643","2023-06-04 21:03:00","136.00",8,"2023-06-04 23:45:27.790643","288","15","1"
"890","2025-05-02 20:48:00","CERRADA","2025-05-02 21:53:12.945658","2025-05-02 20:48:00","105.00",2,"2025-05-02 21:53:12.945658","210","5","1"
"891","2024-07-29 14:05:00","CERRADA","2024-07-29 16:50:36.708904","2024-07-29 14:05:00","282.00",7,"2024-07-29 16:50:36.708904","26","5","1"
"892","2025-06-02 00:00:00","CERRADA","2025-06-02 00:00:00","2025-06-02 00:00:00","227.00",4,"2025-06-02 00:00:00","1","12","1"
"893","2024-08-17 21:59:00","CERRADA","2024-08-17 23:39:06.978259","2024-08-17 21:59:00","225.00",8,"2024-08-17 23:39:06.978259","51","1","1"
"894","2024-05-15 20:50:00","CERRADA","2024-05-15 22:18:24.554394","2024-05-15 20:50:00","139.00",4,"2024-05-15 22:18:24.554394","57","8","1"
"895","2025-06-02 00:00:00","CERRADA","2025-06-02 00:00:00","2025-06-02 00:00:00","278.00",2,"2025-06-02 00:00:00","226","13","1"
"896","2023-08-04 14:39:00","CERRADA","2023-08-04 16:54:08.533525","2023-08-04 14:39:00","50.00",3,"2023-08-04 16:54:08.533525","1","2","1"
"897","2024-03-29 20:48:00","CERRADA","2024-03-29 22:37:19.977627","2024-03-29 20:48:00","67.00",1,"2024-03-29 22:37:19.977627","30","9","1"
"898","2024-09-13 20:39:00","CERRADA","2024-09-13 21:51:09.201079","2024-09-13 20:39:00","122.00",1,"2024-09-13 21:51:09.201079","1","13","1"
"899","2025-06-02 00:00:00","CERRADA","2025-06-02 00:00:00","2025-06-02 00:00:00","330.00",6,"2025-06-02 00:00:00","15","8","1"
"900","2025-03-21 19:46:00","CERRADA","2025-03-21 22:00:30.126385","2025-03-21 19:46:00","239.00",3,"2025-03-21 22:00:30.126385","1","15","1"
"901","2023-08-04 20:41:00","CERRADA","2023-08-04 23:11:31.490172","2023-08-04 20:41:00","484.00",1,"2023-08-04 23:11:31.490172","72","13","1"
"902","2023-11-03 14:23:00","CERRADA","2023-11-03 17:19:25.951621","2023-11-03 14:23:00","25.00",3,"2023-11-03 17:19:25.951621","279","13","1"
"903","2024-11-02 12:27:00","CERRADA","2024-11-02 14:08:15.475942","2024-11-02 12:27:00","477.00",4,"2024-11-02 14:08:15.475942","76","1","1"
"904","2023-08-11 21:44:00","CERRADA","2023-08-12 00:41:49.847442","2023-08-11 21:44:00","62.00",4,"2023-08-12 00:41:49.847442","1","11","1"
"905","2025-02-21 12:29:00","CERRADA","2025-02-21 15:14:07.959444","2025-02-21 12:29:00","164.00",6,"2025-02-21 15:14:07.959444","171","14","1"
"906","2023-06-05 19:39:00","CERRADA","2023-06-05 21:04:34.597255","2023-06-05 19:39:00","193.00",4,"2023-06-05 21:04:34.597255","1","8","1"
"907","2023-12-29 12:23:00","CERRADA","2023-12-29 13:24:11.22306","2023-12-29 12:23:00","224.00",7,"2023-12-29 13:24:11.22306","171","13","1"
"908","2024-03-29 14:02:00","CERRADA","2024-03-29 16:59:02.226782","2024-03-29 14:02:00","94.00",3,"2024-03-29 16:59:02.226782","286","2","1"
"909","2024-02-25 20:15:00","CERRADA","2024-02-25 21:36:25.498302","2024-02-25 20:15:00","238.00",4,"2024-02-25 21:36:25.498302","147","3","1"
"910","2023-12-23 12:21:00","CERRADA","2023-12-23 15:13:20.02155","2023-12-23 12:21:00","351.00",2,"2023-12-23 15:13:20.02155","136","15","1"
"911","2025-04-11 20:56:00","CERRADA","2025-04-11 22:48:02.770047","2025-04-11 20:56:00","233.00",6,"2025-04-11 22:48:02.770047","124","6","1"
"912","2023-12-15 14:20:00","CERRADA","2023-12-15 16:31:56.753971","2023-12-15 14:20:00","311.00",3,"2023-12-15 16:31:56.753971","62","3","1"
"913","2025-02-21 14:50:00","CERRADA","2025-02-21 16:07:49.681817","2025-02-21 14:50:00","220.00",1,"2025-02-21 16:07:49.681817","1","4","1"
"914","2024-11-03 13:46:00","CERRADA","2024-11-03 14:55:46.135453","2024-11-03 13:46:00","118.00",3,"2024-11-03 14:55:46.135453","145","14","1"
"915","2025-03-23 20:29:00","CERRADA","2025-03-23 21:50:28.789325","2025-03-23 20:29:00","541.00",7,"2025-03-23 21:50:28.789325","35","3","1"
"916","2024-10-25 21:58:00","CERRADA","2024-10-26 00:32:52.496266","2024-10-25 21:58:00","136.00",8,"2024-10-26 00:32:52.496266","271","12","1"
"917","2024-09-06 14:27:00","CERRADA","2024-09-06 17:13:38.704293","2024-09-06 14:27:00","274.00",4,"2024-09-06 17:13:38.704293","108","4","1"
"918","2023-12-17 14:14:00","CERRADA","2023-12-17 16:24:04.528018","2023-12-17 14:14:00","114.00",2,"2023-12-17 16:24:04.528018","193","5","1"
"919","2024-09-27 19:20:00","CERRADA","2024-09-27 20:52:45.740153","2024-09-27 19:20:00","147.00",8,"2024-09-27 20:52:45.740153","174","7","1"
"920","2025-03-28 14:53:00","CERRADA","2025-03-28 16:53:12.707422","2025-03-28 14:53:00","144.00",5,"2025-03-28 16:53:12.707422","228","4","1"
"921","2024-07-26 20:12:00","CERRADA","2024-07-26 21:52:03.056459","2024-07-26 20:12:00","470.00",5,"2024-07-26 21:52:03.056459","42","13","1"
"922","2023-12-14 21:47:00","CERRADA","2023-12-14 23:52:10.504581","2023-12-14 21:47:00","123.00",5,"2023-12-14 23:52:10.504581","130","5","1"
"923","2024-07-19 21:00:00","CERRADA","2024-07-19 22:56:38.428755","2024-07-19 21:00:00","277.00",6,"2024-07-19 22:56:38.428755","155","5","1"
"924","2024-01-26 19:14:00","CERRADA","2024-01-26 21:15:53.942523","2024-01-26 19:14:00","462.00",7,"2024-01-26 21:15:53.942523","78","14","1"
"925","2024-07-20 19:49:00","CERRADA","2024-07-20 22:42:01.894399","2024-07-20 19:49:00","77.00",8,"2024-07-20 22:42:01.894399","1","13","1"
"926","2024-06-21 14:47:00","CERRADA","2024-06-21 15:48:09.704309","2024-06-21 14:47:00","200.00",1,"2024-06-21 15:48:09.704309","226","8","1"
"927","2024-05-17 19:48:00","CERRADA","2024-05-17 22:21:26.232513","2024-05-17 19:48:00","217.00",6,"2024-05-17 22:21:26.232513","1","14","1"
"928","2025-01-03 13:21:00","CERRADA","2025-01-03 15:29:10.974371","2025-01-03 13:21:00","156.00",1,"2025-01-03 15:29:10.974371","168","10","1"
"929","2024-06-28 20:24:00","CERRADA","2024-06-28 21:46:36.038483","2024-06-28 20:24:00","110.00",7,"2024-06-28 21:46:36.038483","1","15","1"
"930","2023-09-08 13:02:00","CERRADA","2023-09-08 15:41:10.618763","2023-09-08 13:02:00","54.00",5,"2023-09-08 15:41:10.618763","293","8","1"
"931","2023-08-12 13:14:00","CERRADA","2023-08-12 14:48:55.959806","2023-08-12 13:14:00","647.00",4,"2023-08-12 14:48:55.959806","15","3","1"
"932","2024-11-15 19:25:00","CERRADA","2024-11-15 20:43:50.655276","2024-11-15 19:25:00","416.00",6,"2024-11-15 20:43:50.655276","234","1","1"
"933","2023-08-11 13:08:00","CERRADA","2023-08-11 15:52:27.233287","2023-08-11 13:08:00","440.00",8,"2023-08-11 15:52:27.233287","276","7","1"
"934","2025-01-24 19:17:00","CERRADA","2025-01-24 20:41:12.259648","2025-01-24 19:17:00","110.00",5,"2025-01-24 20:41:12.259648","245","3","1"
"935","2024-07-14 14:58:00","CERRADA","2024-07-14 17:06:18.449325","2024-07-14 14:58:00","360.00",2,"2024-07-14 17:06:18.449325","1","8","1"
"936","2023-09-08 19:22:00","CERRADA","2023-09-08 21:46:02.279086","2023-09-08 19:22:00","143.00",1,"2023-09-08 21:46:02.279086","238","10","1"
"937","2024-08-02 21:27:00","CERRADA","2024-08-02 23:21:56.362695","2024-08-02 21:27:00","146.00",3,"2024-08-02 23:21:56.362695","154","7","1"
"938","2024-07-08 13:17:00","CERRADA","2024-07-08 16:02:54.401992","2024-07-08 13:17:00","42.00",2,"2024-07-08 16:02:54.401992","1","3","1"
"939","2024-10-25 12:23:00","CERRADA","2024-10-25 13:32:11.04218","2024-10-25 12:23:00","451.00",4,"2024-10-25 13:32:11.04218","36","12","1"
"940","2023-11-17 19:01:00","CERRADA","2023-11-17 20:09:47.007543","2023-11-17 19:01:00","159.00",8,"2023-11-17 20:09:47.007543","168","7","1"
"941","2024-07-14 12:16:00","CERRADA","2024-07-14 13:29:45.715562","2024-07-14 12:16:00","217.00",6,"2024-07-14 13:29:45.715562","238","7","1"
"942","2024-12-11 13:45:00","CERRADA","2024-12-11 16:39:00.132653","2024-12-11 13:45:00","354.00",8,"2024-12-11 16:39:00.132653","1","6","1"
"943","2023-11-23 13:18:00","CERRADA","2023-11-23 14:32:53.889957","2023-11-23 13:18:00","142.00",3,"2023-11-23 14:32:53.889957","144","14","1"
"944","2025-04-19 13:28:00","CERRADA","2025-04-19 15:10:58.226326","2025-04-19 13:28:00","60.00",2,"2025-04-19 15:10:58.226326","1","3","1"
"945","2024-08-27 20:41:00","CERRADA","2024-08-27 23:00:30.287582","2024-08-27 20:41:00","278.00",4,"2024-08-27 23:00:30.287582","19","15","1"
"946","2024-08-30 19:49:00","CERRADA","2024-08-30 21:13:12.513971","2024-08-30 19:49:00","363.00",5,"2024-08-30 21:13:12.513971","54","7","1"
"947","2023-06-23 14:52:00","CERRADA","2023-06-23 16:15:03.493102","2023-06-23 14:52:00","122.00",2,"2023-06-23 16:15:03.493102","124","4","1"
"948","2025-06-02 00:00:00","CERRADA","2025-06-02 00:00:00","2025-06-02 00:00:00","146.00",2,"2025-06-02 00:00:00","114","15","1"
"949","2024-12-13 13:13:00","CERRADA","2024-12-13 14:25:42.374265","2024-12-13 13:13:00","173.00",4,"2024-12-13 14:25:42.374265","99","10","1"
"950","2023-06-16 12:42:00","CERRADA","2023-06-16 15:19:48.61122","2023-06-16 12:42:00","408.00",6,"2023-06-16 15:19:48.61122","9","7","1"
"951","2024-01-12 19:06:00","CERRADA","2024-01-12 21:31:30.223982","2024-01-12 19:06:00","186.00",2,"2024-01-12 21:31:30.223982","190","1","1"
"952","2024-02-14 21:44:00","CERRADA","2024-02-14 23:30:37.671176","2024-02-14 21:44:00","47.00",3,"2024-02-14 23:30:37.671176","1","15","1"
"953","2024-05-10 21:20:00","CERRADA","2024-05-11 00:17:21.755025","2024-05-10 21:20:00","160.00",3,"2024-05-11 00:17:21.755025","1","13","1"
"954","2025-02-14 20:40:00","CERRADA","2025-02-14 23:09:01.06024","2025-02-14 20:40:00","91.00",1,"2025-02-14 23:09:01.06024","36","6","1"
"955","2025-06-02 00:00:00","CERRADA","2025-06-02 00:00:00","2025-06-02 00:00:00","306.00",1,"2025-06-02 00:00:00","8","4","1"
"956","2024-07-25 21:02:00","CERRADA","2024-07-25 22:30:34.060571","2024-07-25 21:02:00","196.00",6,"2024-07-25 22:30:34.060571","32","3","1"
"957","2023-10-20 12:33:00","CERRADA","2023-10-20 15:08:00.814353","2023-10-20 12:33:00","253.00",6,"2023-10-20 15:08:00.814353","229","12","1"
"958","2024-01-22 13:13:00","CERRADA","2024-01-22 15:17:43.044615","2024-01-22 13:13:00","126.00",1,"2024-01-22 15:17:43.044615","149","13","1"
"959","2025-06-02 00:00:00","CERRADA","2025-06-02 00:00:00","2025-06-02 00:00:00","203.00",4,"2025-06-02 00:00:00","1","11","1"
"960","2023-08-12 13:13:00","CERRADA","2023-08-12 14:28:04.039197","2023-08-12 13:13:00","276.00",8,"2023-08-12 14:28:04.039197","35","14","1"
"961","2024-02-02 19:19:00","CERRADA","2024-02-02 20:38:41.943443","2024-02-02 19:19:00","70.00",4,"2024-02-02 20:38:41.943443","283","14","1"
"962","2024-04-12 21:12:00","CERRADA","2024-04-12 22:44:37.39765","2024-04-12 21:12:00","414.00",4,"2024-04-12 22:44:37.39765","219","3","1"
"963","2024-07-19 19:32:00","CERRADA","2024-07-19 21:45:07.638388","2024-07-19 19:32:00","160.00",6,"2024-07-19 21:45:07.638388","1","2","1"
"964","2023-06-22 12:48:00","CERRADA","2023-06-22 15:36:46.49066","2023-06-22 12:48:00","558.00",8,"2023-06-22 15:36:46.49066","81","14","1"
"965","2024-02-23 14:24:00","CERRADA","2024-02-23 16:31:27.423127","2024-02-23 14:24:00","114.00",3,"2024-02-23 16:31:27.423127","277","3","1"
"966","2023-12-22 12:55:00","CERRADA","2023-12-22 14:55:05.038622","2023-12-22 12:55:00","111.00",8,"2023-12-22 14:55:05.038622","172","3","1"
"967","2024-07-10 19:19:00","CERRADA","2024-07-10 21:35:55.550798","2024-07-10 19:19:00","157.00",7,"2024-07-10 21:35:55.550798","253","7","1"
"968","2023-10-13 13:48:00","CERRADA","2023-10-13 15:40:21.345207","2023-10-13 13:48:00","165.00",1,"2023-10-13 15:40:21.345207","211","15","1"
"969","2025-03-13 21:24:00","CERRADA","2025-03-14 00:15:10.935046","2025-03-13 21:24:00","242.00",8,"2025-03-14 00:15:10.935046","180","9","1"
"970","2024-06-06 21:42:00","CERRADA","2024-06-06 23:59:26.401467","2024-06-06 21:42:00","151.00",1,"2024-06-06 23:59:26.401467","126","8","1"
"971","2024-02-23 21:53:00","CERRADA","2024-02-23 23:12:22.277395","2024-02-23 21:53:00","57.00",3,"2024-02-23 23:12:22.277395","235","11","1"
"972","2024-07-13 12:33:00","CERRADA","2024-07-13 15:22:11.633863","2024-07-13 12:33:00","182.00",7,"2024-07-13 15:22:11.633863","49","11","1"
"973","2024-02-15 20:42:00","CERRADA","2024-02-15 23:28:23.886376","2024-02-15 20:42:00","156.00",7,"2024-02-15 23:28:23.886376","1","3","1"
"974","2023-09-21 14:52:00","CERRADA","2023-09-21 16:09:07.537068","2023-09-21 14:52:00","52.00",2,"2023-09-21 16:09:07.537068","212","13","1"
"975","2025-05-23 19:00:00","CERRADA","2025-05-23 20:11:37.468761","2025-05-23 19:00:00","255.00",7,"2025-05-23 20:11:37.468761","1","15","1"
"976","2025-04-04 13:23:00","CERRADA","2025-04-04 14:45:22.080279","2025-04-04 13:23:00","156.00",7,"2025-04-04 14:45:22.080279","1","7","1"
"977","2024-07-06 12:47:00","CERRADA","2024-07-06 14:08:55.651675","2024-07-06 12:47:00","262.00",2,"2024-07-06 14:08:55.651675","251","3","1"
"978","2024-08-26 21:10:00","CERRADA","2024-08-26 22:19:34.630574","2024-08-26 21:10:00","105.00",7,"2024-08-26 22:19:34.630574","1","5","1"
"979","2024-08-17 21:48:00","CERRADA","2024-08-17 23:00:05.825823","2024-08-17 21:48:00","320.00",2,"2024-08-17 23:00:05.825823","65","5","1"
"980","2023-09-15 19:38:00","CERRADA","2023-09-15 21:40:24.533675","2023-09-15 19:38:00","582.00",1,"2023-09-15 21:40:24.533675","5","11","1"
"981","2024-09-28 14:23:00","CERRADA","2024-09-28 16:44:49.391993","2024-09-28 14:23:00","181.00",8,"2024-09-28 16:44:49.391993","1","5","1"
"982","2024-06-05 12:22:00","CERRADA","2024-06-05 15:06:46.157512","2024-06-05 12:22:00","227.00",4,"2024-06-05 15:06:46.157512","163","14","1"
"983","2025-05-23 13:01:00","CERRADA","2025-05-23 15:13:13.74607","2025-05-23 13:01:00","84.00",8,"2025-05-23 15:13:13.74607","1","1","1"
"984","2024-06-14 19:32:00","CERRADA","2024-06-14 21:21:34.511468","2024-06-14 19:32:00","49.00",4,"2024-06-14 21:21:34.511468","1","5","1"
"985","2023-07-18 21:28:00","CERRADA","2023-07-18 22:56:01.622293","2023-07-18 21:28:00","194.00",6,"2023-07-18 22:56:01.622293","166","1","1"
"986","2024-10-01 12:46:00","CERRADA","2024-10-01 14:32:10.981512","2024-10-01 12:46:00","68.00",7,"2024-10-01 14:32:10.981512","43","6","1"
"987","2023-12-13 20:55:00","CERRADA","2023-12-13 22:51:00.981926","2023-12-13 20:55:00","294.00",1,"2023-12-13 22:51:00.981926","75","14","1"
"988","2025-06-02 00:00:00","CERRADA","2025-06-02 00:00:00","2025-06-02 00:00:00","278.00",8,"2025-06-02 00:00:00","1","2","1"
"989","2024-08-28 21:30:00","CERRADA","2024-08-29 00:24:10.827933","2024-08-28 21:30:00","126.00",6,"2024-08-29 00:24:10.827933","16","3","1"
"990","2023-09-02 13:59:00","CERRADA","2023-09-02 16:08:06.999019","2023-09-02 13:59:00","134.00",8,"2023-09-02 16:08:06.999019","71","15","1"
"991","2024-06-22 21:24:00","CERRADA","2024-06-22 23:42:28.221476","2024-06-22 21:24:00","157.00",6,"2024-06-22 23:42:28.221476","1","2","1"
"992","2024-07-26 12:05:00","CERRADA","2024-07-26 13:45:49.712549","2024-07-26 12:05:00","302.00",7,"2024-07-26 13:45:49.712549","1","14","1"
"993","2025-01-10 19:36:00","CERRADA","2025-01-10 22:04:25.808812","2025-01-10 19:36:00","144.00",2,"2025-01-10 22:04:25.808812","98","12","1"
"994","2024-08-09 21:59:00","CERRADA","2024-08-10 00:34:35.270179","2024-08-09 21:59:00","162.00",7,"2024-08-10 00:34:35.270179","276","4","1"
"995","2023-06-16 13:52:00","CERRADA","2023-06-16 16:45:08.807342","2023-06-16 13:52:00","91.00",7,"2023-06-16 16:45:08.807342","115","2","1"
"996","2023-12-30 21:02:00","CERRADA","2023-12-30 23:13:51.93822","2023-12-30 21:02:00","123.00",8,"2023-12-30 23:13:51.93822","1","8","1"
"997","2025-03-09 21:24:00","CERRADA","2025-03-09 22:31:03.450636","2025-03-09 21:24:00","212.00",8,"2025-03-09 22:31:03.450636","65","5","1"
"998","2024-07-18 19:46:00","CERRADA","2024-07-18 21:33:01.01662","2024-07-18 19:46:00","182.00",4,"2024-07-18 21:33:01.01662","1","3","1"
"999","2023-06-30 21:30:00","CERRADA","2023-07-01 00:28:50.26296","2023-06-30 21:30:00","160.00",3,"2023-07-01 00:28:50.26296","1","11","1"
"1000","2024-07-23 21:54:00","CERRADA","2024-07-23 23:59:45.672229","2024-07-23 21:54:00","43.00",2,"2024-07-23 23:59:45.672229","1","7","1"
"1001","2025-05-30 20:08:00","CERRADA","2025-05-30 22:01:01.562932","2025-05-30 20:08:00","102.00",1,"2025-05-30 22:01:01.562932","167","13","1"
"1002","2023-12-19 21:54:00","CERRADA","2023-12-20 00:03:04.911098","2023-12-19 21:54:00","238.00",4,"2023-12-20 00:03:04.911098","76","4","1"
"1003","2025-04-27 12:22:00","CERRADA","2025-04-27 15:18:53.943072","2025-04-27 12:22:00","460.00",7,"2025-04-27 15:18:53.943072","77","7","1"
"1004","2025-06-02 00:00:00","CERRADA","2025-06-02 00:00:00","2025-06-02 00:00:00","123.00",6,"2025-06-02 00:00:00","28","2","1"
"1005","2025-03-31 21:42:00","CERRADA","2025-03-31 22:52:45.20027","2025-03-31 21:42:00","353.00",3,"2025-03-31 22:52:45.20027","252","5","1"
"1006","2024-07-14 19:41:00","CERRADA","2024-07-14 22:01:15.303911","2024-07-14 19:41:00","133.00",8,"2024-07-14 22:01:15.303911","197","5","1"
"1007","2024-12-08 13:24:00","CERRADA","2024-12-08 15:22:06.178637","2024-12-08 13:24:00","774.00",8,"2024-12-08 15:22:06.178637","13","10","1"
"1008","2023-09-15 20:11:00","CERRADA","2023-09-15 21:59:38.379708","2023-09-15 20:11:00","102.00",3,"2023-09-15 21:59:38.379708","224","5","1"
"1009","2023-08-11 21:52:00","CERRADA","2023-08-12 00:26:48.487386","2023-08-11 21:52:00","114.00",8,"2023-08-12 00:26:48.487386","203","9","1"
"1010","2023-12-04 12:35:00","CERRADA","2023-12-04 14:28:40.076723","2023-12-04 12:35:00","535.00",2,"2023-12-04 14:28:40.076723","108","11","1"
"1011","2025-04-04 12:05:00","CERRADA","2025-04-04 15:02:35.484731","2025-04-04 12:05:00","240.00",4,"2025-04-04 15:02:35.484731","22","3","1"
"1012","2024-08-08 13:19:00","CERRADA","2024-08-08 14:24:32.397094","2024-08-08 13:19:00","132.00",3,"2024-08-08 14:24:32.397094","188","9","1"
"1013","2025-06-02 00:00:00","CERRADA","2025-06-02 00:00:00","2025-06-02 00:00:00","201.00",5,"2025-06-02 00:00:00","1","15","1"
"1014","2025-05-09 13:02:00","CERRADA","2025-05-09 14:24:34.130288","2025-05-09 13:02:00","162.00",4,"2025-05-09 14:24:34.130288","1","6","1"
"1015","2025-06-02 00:00:00","CERRADA","2025-06-02 00:00:00","2025-06-02 00:00:00","419.00",4,"2025-06-02 00:00:00","112","3","1"
"1016","2023-08-26 21:09:00","CERRADA","2023-08-26 23:13:18.511101","2023-08-26 21:09:00","356.00",8,"2023-08-26 23:13:18.511101","85","7","1"
"1017","2025-06-02 00:00:00","CERRADA","2025-06-02 00:00:00","2025-06-02 00:00:00","182.00",4,"2025-06-02 00:00:00","139","11","1"
"1018","2024-06-28 12:17:00","CERRADA","2024-06-28 13:31:57.272812","2024-06-28 12:17:00","344.00",7,"2024-06-28 13:31:57.272812","1","6","1"
"1019","2024-05-04 14:49:00","CERRADA","2024-05-04 16:21:47.421617","2024-05-04 14:49:00","242.00",2,"2024-05-04 16:21:47.421617","282","7","1"
"1020","2023-06-16 13:24:00","CERRADA","2023-06-16 16:18:12.836597","2023-06-16 13:24:00","148.00",5,"2023-06-16 16:18:12.836597","1","4","1"
"1021","2024-11-22 19:06:00","CERRADA","2024-11-22 21:09:28.512855","2024-11-22 19:06:00","241.00",3,"2024-11-22 21:09:28.512855","1","2","1"
"1022","2025-06-02 00:00:00","CERRADA","2025-06-02 00:00:00","2025-06-02 00:00:00","274.00",5,"2025-06-02 00:00:00","146","9","1"
"1023","2024-12-04 20:45:00","CERRADA","2024-12-04 22:03:39.537234","2024-12-04 20:45:00","66.00",7,"2024-12-04 22:03:39.537234","1","13","1"
"1024","2023-07-26 14:45:00","CERRADA","2023-07-26 17:18:18.20276","2023-07-26 14:45:00","164.00",5,"2023-07-26 17:18:18.20276","195","10","1"
"1025","2023-12-08 19:32:00","CERRADA","2023-12-08 21:06:25.101561","2023-12-08 19:32:00","215.00",8,"2023-12-08 21:06:25.101561","216","12","1"
"1026","2024-08-09 19:49:00","CERRADA","2024-08-09 21:26:31.705769","2024-08-09 19:49:00","235.00",4,"2024-08-09 21:26:31.705769","1","9","1"
"1027","2023-12-08 14:35:00","CERRADA","2023-12-08 17:26:33.04085","2023-12-08 14:35:00","231.00",4,"2023-12-08 17:26:33.04085","42","2","1"
"1028","2025-04-25 19:31:00","CERRADA","2025-04-25 21:32:48.082707","2025-04-25 19:31:00","260.00",7,"2025-04-25 21:32:48.082707","1","1","1"
"1029","2024-07-26 21:00:00","CERRADA","2024-07-26 23:25:41.952526","2024-07-26 21:00:00","73.00",2,"2024-07-26 23:25:41.952526","1","15","1"
"1030","2025-06-02 00:00:00","CERRADA","2025-06-02 00:00:00","2025-06-02 00:00:00","269.00",1,"2025-06-02 00:00:00","178","4","1"
"1031","2023-07-28 14:07:00","CERRADA","2023-07-28 15:47:33.301891","2023-07-28 14:07:00","238.00",6,"2023-07-28 15:47:33.301891","1","9","1"
"1032","2024-07-29 12:47:00","CERRADA","2024-07-29 15:02:44.470466","2024-07-29 12:47:00","160.00",2,"2024-07-29 15:02:44.470466","278","14","1"
"1033","2024-09-18 12:22:00","CERRADA","2024-09-18 13:22:42.41595","2024-09-18 12:22:00","194.00",1,"2024-09-18 13:22:42.41595","158","15","1"
"1034","2023-06-09 19:22:00","CERRADA","2023-06-09 20:23:03.818877","2023-06-09 19:22:00","230.00",2,"2023-06-09 20:23:03.818877","154","6","1"
"1035","2024-07-26 13:49:00","CERRADA","2024-07-26 16:07:47.760811","2024-07-26 13:49:00","335.00",3,"2024-07-26 16:07:47.760811","103","2","1"
"1036","2024-08-14 12:28:00","CERRADA","2024-08-14 14:46:45.213442","2024-08-14 12:28:00","213.00",5,"2024-08-14 14:46:45.213442","204","6","1"
"1037","2023-06-09 13:07:00","CERRADA","2023-06-09 14:29:44.882896","2023-06-09 13:07:00","166.00",7,"2023-06-09 14:29:44.882896","73","6","1"
"1038","2023-07-07 19:42:00","CERRADA","2023-07-07 22:39:57.08666","2023-07-07 19:42:00","300.00",6,"2023-07-07 22:39:57.08666","204","7","1"
"1039","2025-04-30 19:32:00","CERRADA","2025-04-30 21:59:07.160807","2025-04-30 19:32:00","373.00",8,"2025-04-30 21:59:07.160807","252","9","1"
"1040","2023-07-20 13:09:00","CERRADA","2023-07-20 14:50:17.667966","2023-07-20 13:09:00","157.00",7,"2023-07-20 14:50:17.667966","1","14","1"
"1041","2024-08-14 19:30:00","CERRADA","2024-08-14 21:04:44.159729","2024-08-14 19:30:00","336.00",6,"2024-08-14 21:04:44.159729","123","1","1"
"1042","2024-07-08 14:44:00","CERRADA","2024-07-08 16:13:40.95147","2024-07-08 14:44:00","66.00",3,"2024-07-08 16:13:40.95147","221","4","1"
"1043","2025-06-02 00:00:00","CERRADA","2025-06-02 00:00:00","2025-06-02 00:00:00","153.00",8,"2025-06-02 00:00:00","1","4","1"
"1044","2024-01-26 14:12:00","CERRADA","2024-01-26 17:03:29.507987","2024-01-26 14:12:00","298.00",3,"2024-01-26 17:03:29.507987","1","10","1"
"1045","2024-06-28 21:14:00","CERRADA","2024-06-28 22:40:36.781701","2024-06-28 21:14:00","164.00",1,"2024-06-28 22:40:36.781701","104","2","1"
"1046","2025-06-02 00:00:00","CERRADA","2025-06-02 00:00:00","2025-06-02 00:00:00","468.00",7,"2025-06-02 00:00:00","33","9","1"
"1047","2023-06-02 13:18:00","CERRADA","2023-06-02 15:14:38.818782","2023-06-02 13:18:00","518.00",1,"2023-06-02 15:14:38.818782","26","3","1"
"1048","2023-12-08 14:19:00","CERRADA","2023-12-08 15:32:23.006016","2023-12-08 14:19:00","198.00",7,"2023-12-08 15:32:23.006016","1","2","1"
"1049","2024-05-10 21:49:00","CERRADA","2024-05-10 23:59:40.159743","2024-05-10 21:49:00","216.00",3,"2024-05-10 23:59:40.159743","284","13","1"
"1050","2024-07-05 13:40:00","CERRADA","2024-07-05 16:09:06.629545","2024-07-05 13:40:00","91.00",5,"2024-07-05 16:09:06.629545","123","11","1"
"1051","2023-09-15 14:19:00","CERRADA","2023-09-15 16:46:02.524746","2023-09-15 14:19:00","315.00",8,"2023-09-15 16:46:02.524746","99","4","1"
"1052","2023-07-21 21:16:00","CERRADA","2023-07-22 00:02:59.423901","2023-07-21 21:16:00","46.00",3,"2023-07-22 00:02:59.423901","1","4","1"
"1053","2024-06-14 19:04:00","CERRADA","2024-06-14 21:01:56.308452","2024-06-14 19:04:00","257.00",6,"2024-06-14 21:01:56.308452","1","14","1"
"1054","2023-11-24 13:18:00","CERRADA","2023-11-24 14:23:27.205626","2023-11-24 13:18:00","276.00",1,"2023-11-24 14:23:27.205626","259","13","1"
"1055","2024-10-20 12:10:00","CERRADA","2024-10-20 14:02:31.763593","2024-10-20 12:10:00","203.00",7,"2024-10-20 14:02:31.763593","99","12","1"
"1056","2024-07-16 12:10:00","CERRADA","2024-07-16 14:18:37.66544","2024-07-16 12:10:00","265.00",7,"2024-07-16 14:18:37.66544","289","13","1"
"1057","2024-10-29 14:54:00","CERRADA","2024-10-29 16:20:26.421559","2024-10-29 14:54:00","121.00",8,"2024-10-29 16:20:26.421559","6","15","1"
"1058","2024-07-19 21:09:00","CERRADA","2024-07-20 00:02:02.731205","2024-07-19 21:09:00","153.00",3,"2024-07-20 00:02:02.731205","284","2","1"
"1059","2025-03-20 13:34:00","CERRADA","2025-03-20 14:47:56.530835","2025-03-20 13:34:00","287.00",1,"2025-03-20 14:47:56.530835","70","5","1"
"1060","2025-06-02 00:00:00","CERRADA","2025-06-02 00:00:00","2025-06-02 00:00:00","234.00",2,"2025-06-02 00:00:00","190","6","1"
"1061","2024-05-31 13:16:00","CERRADA","2024-05-31 16:12:35.553876","2024-05-31 13:16:00","182.00",1,"2024-05-31 16:12:35.553876","31","11","1"
"1062","2025-04-04 20:35:00","CERRADA","2025-04-04 21:59:44.344866","2025-04-04 20:35:00","63.00",7,"2025-04-04 21:59:44.344866","300","2","1"
"1063","2025-01-17 19:09:00","CERRADA","2025-01-17 21:02:31.602521","2025-01-17 19:09:00","265.00",4,"2025-01-17 21:02:31.602521","168","5","1"
"1064","2024-07-04 13:12:00","CERRADA","2024-07-04 15:20:21.537492","2024-07-04 13:12:00","184.00",3,"2024-07-04 15:20:21.537492","224","6","1"
"1065","2023-06-23 19:43:00","CERRADA","2023-06-23 21:55:56.318954","2023-06-23 19:43:00","302.00",5,"2023-06-23 21:55:56.318954","1","3","1"
"1066","2024-09-09 12:46:00","CERRADA","2024-09-09 14:49:12.80556","2024-09-09 12:46:00","326.00",4,"2024-09-09 14:49:12.80556","38","7","1"
"1067","2024-07-28 21:59:00","CERRADA","2024-07-28 23:04:14.928306","2024-07-28 21:59:00","305.00",2,"2024-07-28 23:04:14.928306","8","10","1"
"1068","2025-03-07 12:50:00","CERRADA","2025-03-07 14:02:45.640401","2025-03-07 12:50:00","481.00",3,"2025-03-07 14:02:45.640401","44","5","1"
"1069","2023-12-29 19:52:00","CERRADA","2023-12-29 21:11:34.639981","2023-12-29 19:52:00","79.00",2,"2023-12-29 21:11:34.639981","175","14","1"
"1070","2024-12-09 12:01:00","CERRADA","2024-12-09 14:39:59.459291","2024-12-09 12:01:00","166.00",1,"2024-12-09 14:39:59.459291","81","4","1"
"1071","2023-07-27 19:24:00","CERRADA","2023-07-27 20:41:41.110873","2023-07-27 19:24:00","158.00",7,"2023-07-27 20:41:41.110873","153","2","1"
"1072","2025-05-05 12:31:00","CERRADA","2025-05-05 13:51:20.825243","2025-05-05 12:31:00","71.00",7,"2025-05-05 13:51:20.825243","117","15","1"
"1073","2023-08-19 12:57:00","CERRADA","2023-08-19 14:02:12.097206","2023-08-19 12:57:00","211.00",6,"2023-08-19 14:02:12.097206","54","5","1"
"1074","2025-02-07 21:43:00","CERRADA","2025-02-07 23:19:11.259121","2025-02-07 21:43:00","217.00",6,"2025-02-07 23:19:11.259121","221","9","1"
"1075","2024-03-05 14:51:00","CERRADA","2024-03-05 17:39:50.289515","2024-03-05 14:51:00","59.00",2,"2024-03-05 17:39:50.289515","1","6","1"
"1076","2023-07-01 19:28:00","CERRADA","2023-07-01 21:54:33.672938","2023-07-01 19:28:00","226.00",1,"2023-07-01 21:54:33.672938","1","13","1"
"1077","2023-09-29 14:09:00","CERRADA","2023-09-29 15:19:51.218533","2023-09-29 14:09:00","34.00",2,"2023-09-29 15:19:51.218533","1","8","1"
"1078","2024-05-31 21:26:00","CERRADA","2024-05-31 23:38:12.550431","2024-05-31 21:26:00","138.00",7,"2024-05-31 23:38:12.550431","1","3","1"
"1079","2024-06-28 20:31:00","CERRADA","2024-06-28 22:34:53.815913","2024-06-28 20:31:00","191.00",4,"2024-06-28 22:34:53.815913","72","13","1"
"1080","2025-01-16 21:51:00","CERRADA","2025-01-17 00:20:47.641197","2025-01-16 21:51:00","249.00",2,"2025-01-17 00:20:47.641197","1","7","1"
"1081","2023-12-27 20:30:00","CERRADA","2023-12-27 23:24:54.833554","2023-12-27 20:30:00","165.00",1,"2023-12-27 23:24:54.833554","122","6","1"
"1082","2024-06-05 13:18:00","CERRADA","2024-06-05 15:13:14.796378","2024-06-05 13:18:00","307.00",6,"2024-06-05 15:13:14.796378","1","1","1"
"1083","2024-12-09 13:07:00","CERRADA","2024-12-09 16:02:26.774295","2024-12-09 13:07:00","114.00",7,"2024-12-09 16:02:26.774295","1","9","1"
"1084","2025-05-14 21:06:00","CERRADA","2025-05-14 23:25:31.780707","2025-05-14 21:06:00","214.00",1,"2025-05-14 23:25:31.780707","195","12","1"
"1085","2024-07-14 20:53:00","CERRADA","2024-07-14 23:30:38.721064","2024-07-14 20:53:00","319.00",3,"2024-07-14 23:30:38.721064","82","1","1"
"1086","2024-08-23 21:21:00","CERRADA","2024-08-23 23:14:16.610183","2024-08-23 21:21:00","181.00",3,"2024-08-23 23:14:16.610183","95","8","1"
"1087","2023-11-10 20:48:00","CERRADA","2023-11-10 22:08:49.777463","2023-11-10 20:48:00","531.00",2,"2023-11-10 22:08:49.777463","8","5","1"
"1088","2025-04-28 21:53:00","CERRADA","2025-04-28 23:23:57.991393","2025-04-28 21:53:00","165.00",7,"2025-04-28 23:23:57.991393","204","14","1"
"1089","2024-08-08 12:33:00","CERRADA","2024-08-08 14:18:18.434017","2024-08-08 12:33:00","104.00",4,"2024-08-08 14:18:18.434017","158","12","1"
"1090","2024-07-16 13:52:00","CERRADA","2024-07-16 16:21:31.16931","2024-07-16 13:52:00","172.00",4,"2024-07-16 16:21:31.16931","1","12","1"
"1091","2024-10-04 19:10:00","CERRADA","2024-10-04 20:16:33.635942","2024-10-04 19:10:00","205.00",8,"2024-10-04 20:16:33.635942","41","14","1"
"1092","2023-09-22 14:01:00","CERRADA","2023-09-22 15:29:44.615404","2023-09-22 14:01:00","293.00",5,"2023-09-22 15:29:44.615404","219","4","1"
"1093","2025-02-07 13:35:00","CERRADA","2025-02-07 14:59:12.426623","2025-02-07 13:35:00","83.00",4,"2025-02-07 14:59:12.426623","56","2","1"
"1094","2023-08-28 20:50:00","CERRADA","2023-08-28 22:48:03.410331","2023-08-28 20:50:00","110.00",5,"2023-08-28 22:48:03.410331","1","4","1"
"1095","2024-06-01 20:12:00","CERRADA","2024-06-01 21:49:44.201586","2024-06-01 20:12:00","514.00",1,"2024-06-01 21:49:44.201586","49","5","1"
"1096","2024-05-10 12:32:00","CERRADA","2024-05-10 15:08:53.959199","2024-05-10 12:32:00","109.00",2,"2024-05-10 15:08:53.959199","184","3","1"
"1097","2024-03-29 12:56:00","CERRADA","2024-03-29 15:11:06.859594","2024-03-29 12:56:00","105.00",1,"2024-03-29 15:11:06.859594","197","8","1"
"1098","2025-04-29 13:32:00","CERRADA","2025-04-29 15:33:57.365741","2025-04-29 13:32:00","65.00",4,"2025-04-29 15:33:57.365741","1","4","1"
"1099","2024-09-02 14:39:00","CERRADA","2024-09-02 17:21:42.858382","2024-09-02 14:39:00","283.00",6,"2024-09-02 17:21:42.858382","269","15","1"
"1100","2025-02-16 20:40:00","CERRADA","2025-02-16 23:39:19.712604","2025-02-16 20:40:00","517.00",4,"2025-02-16 23:39:19.712604","200","4","1"
"1101","2024-12-13 12:31:00","CERRADA","2024-12-13 13:42:17.620757","2024-12-13 12:31:00","573.00",5,"2024-12-13 13:42:17.620757","9","3","1"
"1102","2024-03-15 12:11:00","CERRADA","2024-03-15 14:36:16.71623","2024-03-15 12:11:00","108.00",2,"2024-03-15 14:36:16.71623","153","3","1"
"1103","2025-03-28 20:31:00","CERRADA","2025-03-28 21:35:45.067018","2025-03-28 20:31:00","177.00",8,"2025-03-28 21:35:45.067018","244","5","1"
"1104","2025-06-02 00:00:00","CERRADA","2025-06-02 00:00:00","2025-06-02 00:00:00","249.00",7,"2025-06-02 00:00:00","1","7","1"
"1105","2024-11-01 21:02:00","CERRADA","2024-11-01 23:16:28.418812","2024-11-01 21:02:00","248.00",7,"2024-11-01 23:16:28.418812","44","11","1"
"1106","2023-07-07 20:25:00","CERRADA","2023-07-07 23:07:27.570173","2023-07-07 20:25:00","201.00",1,"2023-07-07 23:07:27.570173","127","12","1"
"1107","2024-05-24 19:06:00","CERRADA","2024-05-24 20:16:17.922334","2024-05-24 19:06:00","58.00",2,"2024-05-24 20:16:17.922334","238","11","1"
"1108","2023-12-29 14:38:00","CERRADA","2023-12-29 16:36:21.324117","2023-12-29 14:38:00","96.00",7,"2023-12-29 16:36:21.324117","205","13","1"
"1109","2024-08-13 13:40:00","CERRADA","2024-08-13 15:05:36.985015","2024-08-13 13:40:00","163.00",5,"2024-08-13 15:05:36.985015","245","2","1"
"1110","2024-08-15 13:55:00","CERRADA","2024-08-15 14:57:45.187702","2024-08-15 13:55:00","146.00",6,"2024-08-15 14:57:45.187702","196","1","1"
"1111","2024-07-15 14:25:00","CERRADA","2024-07-15 15:34:48.305603","2024-07-15 14:25:00","246.00",5,"2024-07-15 15:34:48.305603","1","7","1"
"1112","2024-11-22 13:53:00","CERRADA","2024-11-22 14:59:26.944436","2024-11-22 13:53:00","164.00",7,"2024-11-22 14:59:26.944436","1","8","1"
"1113","2024-04-05 19:30:00","CERRADA","2024-04-05 21:27:03.595809","2024-04-05 19:30:00","302.00",6,"2024-04-05 21:27:03.595809","1","7","1"
"1114","2024-05-30 12:35:00","CERRADA","2024-05-30 15:08:58.121093","2024-05-30 12:35:00","73.00",7,"2024-05-30 15:08:58.121093","84","12","1"
"1115","2024-04-28 21:47:00","CERRADA","2024-04-29 00:26:01.691516","2024-04-28 21:47:00","210.00",3,"2024-04-29 00:26:01.691516","41","12","1"
"1116","2023-11-03 21:26:00","CERRADA","2023-11-03 22:57:32.179398","2023-11-03 21:26:00","53.00",8,"2023-11-03 22:57:32.179398","9","3","1"
"1117","2025-03-14 12:02:00","CERRADA","2025-03-14 13:28:14.083958","2025-03-14 12:02:00","148.00",3,"2025-03-14 13:28:14.083958","232","14","1"
"1118","2025-02-07 13:43:00","CERRADA","2025-02-07 15:52:13.22229","2025-02-07 13:43:00","185.00",3,"2025-02-07 15:52:13.22229","1","7","1"
"1119","2024-04-12 21:31:00","CERRADA","2024-04-12 23:48:52.164077","2024-04-12 21:31:00","411.00",5,"2024-04-12 23:48:52.164077","188","1","1"
"1120","2024-12-13 14:07:00","CERRADA","2024-12-13 16:58:09.711784","2024-12-13 14:07:00","194.00",6,"2024-12-13 16:58:09.711784","212","6","1"
"1121","2024-12-13 21:44:00","CERRADA","2024-12-14 00:05:38.02922","2024-12-13 21:44:00","423.00",3,"2024-12-14 00:05:38.02922","193","3","1"
"1122","2023-09-01 19:06:00","CERRADA","2023-09-01 21:05:34.115489","2023-09-01 19:06:00","158.00",2,"2023-09-01 21:05:34.115489","52","2","1"
"1123","2025-03-14 12:42:00","CERRADA","2025-03-14 14:16:47.312106","2025-03-14 12:42:00","106.00",2,"2025-03-14 14:16:47.312106","1","15","1"
"1124","2024-12-20 19:07:00","CERRADA","2024-12-20 20:49:04.418519","2024-12-20 19:07:00","381.00",8,"2024-12-20 20:49:04.418519","116","13","1"
"1125","2025-03-23 12:23:00","CERRADA","2025-03-23 14:56:51.811589","2025-03-23 12:23:00","210.00",7,"2025-03-23 14:56:51.811589","1","8","1"
"1126","2024-04-11 19:43:00","CERRADA","2024-04-11 21:11:59.191962","2024-04-11 19:43:00","123.00",5,"2024-04-11 21:11:59.191962","139","15","1"
"1127","2023-06-23 20:52:00","CERRADA","2023-06-23 23:20:56.967101","2023-06-23 20:52:00","218.00",1,"2023-06-23 23:20:56.967101","1","7","1"
"1128","2024-02-09 20:41:00","CERRADA","2024-02-09 22:28:11.887749","2024-02-09 20:41:00","275.00",7,"2024-02-09 22:28:11.887749","89","10","1"
"1129","2025-03-14 19:57:00","CERRADA","2025-03-14 21:35:10.499614","2025-03-14 19:57:00","123.00",3,"2025-03-14 21:35:10.499614","297","7","1"
"1130","2024-11-01 19:53:00","CERRADA","2024-11-01 22:24:27.637458","2024-11-01 19:53:00","80.00",3,"2024-11-01 22:24:27.637458","120","2","1"
"1131","2024-08-03 12:40:00","CERRADA","2024-08-03 15:12:24.232067","2024-08-03 12:40:00","268.00",3,"2024-08-03 15:12:24.232067","1","14","1"
"1132","2025-01-10 13:29:00","CERRADA","2025-01-10 15:45:08.134687","2025-01-10 13:29:00","141.00",2,"2025-01-10 15:45:08.134687","280","15","1"
"1133","2025-06-02 00:00:00","CERRADA","2025-06-02 00:00:00","2025-06-02 00:00:00","133.00",4,"2025-06-02 00:00:00","1","3","1"
"1134","2025-06-02 00:00:00","CERRADA","2025-06-02 00:00:00","2025-06-02 00:00:00","124.00",5,"2025-06-02 00:00:00","1","13","1"
"1135","2025-06-02 00:00:00","CERRADA","2025-06-02 00:00:00","2025-06-02 00:00:00","536.00",8,"2025-06-02 00:00:00","54","2","1"
"1136","2024-07-12 19:04:00","CERRADA","2024-07-12 21:02:22.924524","2024-07-12 19:04:00","225.00",4,"2024-07-12 21:02:22.924524","1","15","1"
"1137","2024-06-20 19:51:00","CERRADA","2024-06-20 21:10:19.946243","2024-06-20 19:51:00","227.00",7,"2024-06-20 21:10:19.946243","109","11","1"
"1138","2023-09-30 19:39:00","CERRADA","2023-09-30 21:50:59.948649","2023-09-30 19:39:00","105.00",1,"2023-09-30 21:50:59.948649","93","11","1"
"1139","2023-07-06 20:32:00","CERRADA","2023-07-06 23:03:18.91902","2023-07-06 20:32:00","103.00",5,"2023-07-06 23:03:18.91902","269","12","1"
"1140","2023-07-07 21:44:00","CERRADA","2023-07-08 00:36:46.906346","2023-07-07 21:44:00","343.00",4,"2023-07-08 00:36:46.906346","188","2","1"
"1141","2024-05-23 19:47:00","CERRADA","2024-05-23 22:24:04.884465","2024-05-23 19:47:00","143.00",2,"2024-05-23 22:24:04.884465","248","4","1"
"1142","2024-02-16 21:17:00","CERRADA","2024-02-17 00:12:25.473353","2024-02-16 21:17:00","98.00",4,"2024-02-17 00:12:25.473353","206","15","1"
"1143","2024-10-18 20:47:00","CERRADA","2024-10-18 22:19:36.052252","2024-10-18 20:47:00","313.00",4,"2024-10-18 22:19:36.052252","161","3","1"
"1144","2024-08-16 21:52:00","CERRADA","2024-08-16 22:59:42.717021","2024-08-16 21:52:00","230.00",7,"2024-08-16 22:59:42.717021","57","10","1"
"1145","2025-01-24 21:33:00","CERRADA","2025-01-24 23:15:16.224017","2025-01-24 21:33:00","409.00",5,"2025-01-24 23:15:16.224017","19","9","1"
"1146","2024-08-14 12:13:00","CERRADA","2024-08-14 14:31:50.073204","2024-08-14 12:13:00","244.00",6,"2024-08-14 14:31:50.073204","94","13","1"
"1147","2024-04-23 13:29:00","CERRADA","2024-04-23 15:37:05.778619","2024-04-23 13:29:00","257.00",1,"2024-04-23 15:37:05.778619","162","2","1"
"1148","2024-07-05 13:06:00","CERRADA","2024-07-05 15:13:18.902643","2024-07-05 13:06:00","91.00",2,"2024-07-05 15:13:18.902643","121","9","1"
"1149","2025-04-30 14:12:00","CERRADA","2025-04-30 15:35:39.287416","2025-04-30 14:12:00","321.00",7,"2025-04-30 15:35:39.287416","40","10","1"
"1150","2024-07-15 20:20:00","CERRADA","2024-07-15 22:30:56.431892","2024-07-15 20:20:00","275.00",1,"2024-07-15 22:30:56.431892","1","8","1"
"1151","2025-03-22 12:58:00","CERRADA","2025-03-22 14:53:24.757305","2025-03-22 12:58:00","477.00",1,"2025-03-22 14:53:24.757305","12","5","1"
"1152","2024-07-12 19:46:00","CERRADA","2024-07-12 21:22:07.187562","2024-07-12 19:46:00","329.00",1,"2024-07-12 21:22:07.187562","208","1","1"
"1153","2024-12-22 12:25:00","CERRADA","2024-12-22 14:00:48.795463","2024-12-22 12:25:00","141.00",2,"2024-12-22 14:00:48.795463","179","7","1"
"1154","2024-07-18 12:52:00","CERRADA","2024-07-18 13:53:14.851395","2024-07-18 12:52:00","46.00",2,"2024-07-18 13:53:14.851395","1","8","1"
"1155","2024-08-19 20:00:00","CERRADA","2024-08-19 22:52:05.594563","2024-08-19 20:00:00","135.00",7,"2024-08-19 22:52:05.594563","167","14","1"
"1156","2023-09-29 14:21:00","CERRADA","2023-09-29 16:43:33.035489","2023-09-29 14:21:00","151.00",1,"2023-09-29 16:43:33.035489","1","5","1"
"1157","2025-06-02 00:00:00","CERRADA","2025-06-02 00:00:00","2025-06-02 00:00:00","140.00",5,"2025-06-02 00:00:00","1","7","1"
"1158","2025-04-18 20:30:00","CERRADA","2025-04-18 22:49:21.136624","2025-04-18 20:30:00","150.00",8,"2025-04-18 22:49:21.136624","213","11","1"
"1159","2024-01-19 21:05:00","CERRADA","2024-01-19 22:47:21.669822","2024-01-19 21:05:00","214.00",8,"2024-01-19 22:47:21.669822","1","6","1"
"1160","2025-05-16 12:13:00","CERRADA","2025-05-16 13:14:34.522369","2025-05-16 12:13:00","196.00",4,"2025-05-16 13:14:34.522369","1","4","1"
"1161","2023-09-22 20:32:00","CERRADA","2023-09-22 23:15:00.903607","2023-09-22 20:32:00","123.00",8,"2023-09-22 23:15:00.903607","199","4","1"
"1162","2025-04-04 13:14:00","CERRADA","2025-04-04 16:04:00.220157","2025-04-04 13:14:00","178.00",8,"2025-04-04 16:04:00.220157","1","5","1"
"1163","2024-07-19 13:43:00","CERRADA","2024-07-19 15:19:51.456815","2024-07-19 13:43:00","76.00",4,"2024-07-19 15:19:51.456815","233","14","1"
"1164","2023-07-03 13:01:00","CERRADA","2023-07-03 15:48:17.505991","2023-07-03 13:01:00","114.00",2,"2023-07-03 15:48:17.505991","1","11","1"
"1165","2024-05-31 12:22:00","CERRADA","2024-05-31 14:13:46.610184","2024-05-31 12:22:00","218.00",8,"2024-05-31 14:13:46.610184","16","8","1"
"1166","2023-07-28 12:41:00","CERRADA","2023-07-28 14:26:54.162208","2023-07-28 12:41:00","198.00",6,"2023-07-28 14:26:54.162208","259","7","1"
"1167","2023-12-15 20:38:00","CERRADA","2023-12-15 22:37:14.036836","2023-12-15 20:38:00","116.00",5,"2023-12-15 22:37:14.036836","1","4","1"
"1168","2023-07-29 20:17:00","CERRADA","2023-07-29 21:45:39.123355","2023-07-29 20:17:00","803.00",4,"2023-07-29 21:45:39.123355","27","11","1"
"1169","2024-07-12 21:17:00","CERRADA","2024-07-12 23:16:25.235954","2024-07-12 21:17:00","81.00",7,"2024-07-12 23:16:25.235954","143","4","1"
"1170","2025-05-30 12:11:00","CERRADA","2025-05-30 14:11:23.329098","2025-05-30 12:11:00","218.00",5,"2025-05-30 14:11:23.329098","106","6","1"
"1171","2025-05-09 12:10:00","CERRADA","2025-05-09 13:32:28.879766","2025-05-09 12:10:00","238.00",5,"2025-05-09 13:32:28.879766","246","12","1"
"1172","2025-04-18 13:16:00","CERRADA","2025-04-18 16:01:45.054195","2025-04-18 13:16:00","149.00",1,"2025-04-18 16:01:45.054195","1","3","1"
"1173","2024-10-04 13:30:00","CERRADA","2024-10-04 14:43:07.579181","2024-10-04 13:30:00","224.00",6,"2024-10-04 14:43:07.579181","6","10","1"
"1174","2024-07-26 12:06:00","CERRADA","2024-07-26 13:42:33.136354","2024-07-26 12:06:00","100.00",5,"2024-07-26 13:42:33.136354","1","10","1"
"1175","2024-12-13 14:29:00","CERRADA","2024-12-13 15:30:37.639587","2024-12-13 14:29:00","124.00",6,"2024-12-13 15:30:37.639587","233","8","1"
"1176","2023-09-29 21:01:00","CERRADA","2023-09-29 22:18:44.88279","2023-09-29 21:01:00","187.00",8,"2023-09-29 22:18:44.88279","172","15","1"
"1177","2024-12-07 21:27:00","CERRADA","2024-12-07 23:10:07.823485","2024-12-07 21:27:00","471.00",3,"2024-12-07 23:10:07.823485","114","11","1"
"1178","2025-06-02 00:00:00","CERRADA","2025-06-02 00:00:00","2025-06-02 00:00:00","117.00",7,"2025-06-02 00:00:00","1","4","1"
"1179","2025-05-02 20:26:00","CERRADA","2025-05-02 23:19:25.918801","2025-05-02 20:26:00","233.00",5,"2025-05-02 23:19:25.918801","271","3","1"
"1180","2025-02-21 20:50:00","CERRADA","2025-02-21 23:25:04.851688","2025-02-21 20:50:00","156.00",6,"2025-02-21 23:25:04.851688","99","1","1"
"1181","2024-09-21 14:39:00","CERRADA","2024-09-21 16:45:58.614113","2024-09-21 14:39:00","239.00",3,"2024-09-21 16:45:58.614113","6","8","1"
"1182","2024-08-29 20:07:00","CERRADA","2024-08-29 21:13:22.991632","2024-08-29 20:07:00","210.00",2,"2024-08-29 21:13:22.991632","251","5","1"
"1183","2023-07-28 14:50:00","CERRADA","2023-07-28 17:33:04.875915","2023-07-28 14:50:00","163.00",1,"2023-07-28 17:33:04.875915","222","6","1"
"1184","2025-06-02 00:00:00","CERRADA","2025-06-02 00:00:00","2025-06-02 00:00:00","120.00",2,"2025-06-02 00:00:00","289","3","1"
"1185","2024-05-31 19:27:00","CERRADA","2024-05-31 21:14:53.617939","2024-05-31 19:27:00","425.00",8,"2024-05-31 21:14:53.617939","114","1","1"
"1186","2024-08-12 21:56:00","CERRADA","2024-08-12 23:34:41.855296","2024-08-12 21:56:00","70.00",5,"2024-08-12 23:34:41.855296","1","15","1"
"1187","2024-08-02 12:19:00","CERRADA","2024-08-02 14:26:59.988649","2024-08-02 12:19:00","181.00",3,"2024-08-02 14:26:59.988649","104","5","1"
"1188","2024-08-23 21:20:00","CERRADA","2024-08-23 23:20:27.46925","2024-08-23 21:20:00","194.00",7,"2024-08-23 23:20:27.46925","281","3","1"
"1189","2024-08-16 19:01:00","CERRADA","2024-08-16 21:50:30.419699","2024-08-16 19:01:00","275.00",6,"2024-08-16 21:50:30.419699","185","8","1"
"1190","2025-02-20 20:32:00","CERRADA","2025-02-20 22:16:46.400295","2025-02-20 20:32:00","46.00",3,"2025-02-20 22:16:46.400295","217","2","1"
"1191","2023-07-26 19:42:00","CERRADA","2023-07-26 20:42:42.860491","2023-07-26 19:42:00","79.00",5,"2023-07-26 20:42:42.860491","291","15","1"
"1192","2023-07-28 21:06:00","CERRADA","2023-07-28 22:46:01.080873","2023-07-28 21:06:00","116.00",8,"2023-07-28 22:46:01.080873","1","14","1"
"1193","2025-06-02 00:00:00","CERRADA","2025-06-02 00:00:00","2025-06-02 00:00:00","251.00",8,"2025-06-02 00:00:00","150","10","1"
"1194","2024-12-28 13:57:00","CERRADA","2024-12-28 16:18:04.901482","2024-12-28 13:57:00","170.00",3,"2024-12-28 16:18:04.901482","106","9","1"
"1195","2023-06-08 13:07:00","CERRADA","2023-06-08 14:15:03.422846","2023-06-08 13:07:00","233.00",5,"2023-06-08 14:15:03.422846","1","5","1"
"1196","2024-02-16 20:28:00","CERRADA","2024-02-16 22:14:53.140032","2024-02-16 20:28:00","119.00",2,"2024-02-16 22:14:53.140032","63","9","1"
"1197","2024-10-09 20:16:00","CERRADA","2024-10-09 22:54:36.142503","2024-10-09 20:16:00","301.00",7,"2024-10-09 22:54:36.142503","1","5","1"
"1198","2025-06-02 00:00:00","CERRADA","2025-06-02 00:00:00","2025-06-02 00:00:00","376.00",3,"2025-06-02 00:00:00","65","7","1"
"1199","2024-07-04 20:31:00","CERRADA","2024-07-04 22:15:04.843733","2024-07-04 20:31:00","86.00",4,"2024-07-04 22:15:04.843733","1","9","1"
"1200","2024-09-20 12:18:00","CERRADA","2024-09-20 14:12:50.992415","2024-09-20 12:18:00","47.00",2,"2024-09-20 14:12:50.992415","199","12","1"
"1201","2023-07-06 20:28:00","CERRADA","2023-07-06 21:33:06.948937","2023-07-06 20:28:00","372.00",5,"2023-07-06 21:33:06.948937","7","10","1"
"1202","2024-09-13 14:32:00","CERRADA","2024-09-13 17:14:42.044917","2024-09-13 14:32:00","115.00",8,"2024-09-13 17:14:42.044917","1","3","1"
"1203","2024-11-08 14:41:00","CERRADA","2024-11-08 17:07:18.305585","2024-11-08 14:41:00","86.00",7,"2024-11-08 17:07:18.305585","180","15","1"
"1204","2024-07-12 19:24:00","CERRADA","2024-07-12 22:19:30.39607","2024-07-12 19:24:00","258.00",5,"2024-07-12 22:19:30.39607","73","5","1"
"1205","2023-10-12 20:22:00","CERRADA","2023-10-12 22:32:08.351216","2023-10-12 20:22:00","293.00",5,"2023-10-12 22:32:08.351216","94","10","1"
"1206","2023-07-02 12:42:00","CERRADA","2023-07-02 13:54:44.787134","2023-07-02 12:42:00","60.00",1,"2023-07-02 13:54:44.787134","1","2","1"
"1207","2024-01-25 21:50:00","CERRADA","2024-01-25 23:18:23.643739","2024-01-25 21:50:00","344.00",6,"2024-01-25 23:18:23.643739","1","8","1"
"1208","2024-08-05 14:07:00","CERRADA","2024-08-05 15:11:29.411579","2024-08-05 14:07:00","310.00",7,"2024-08-05 15:11:29.411579","1","3","1"
"1209","2025-06-02 00:00:00","CERRADA","2025-06-02 00:00:00","2025-06-02 00:00:00","192.00",6,"2025-06-02 00:00:00","1","8","1"
"1210","2023-12-22 14:14:00","CERRADA","2023-12-22 15:38:08.587744","2023-12-22 14:14:00","156.00",4,"2023-12-22 15:38:08.587744","295","9","1"
"1211","2023-09-01 21:06:00","CERRADA","2023-09-01 22:30:25.485193","2023-09-01 21:06:00","131.00",4,"2023-09-01 22:30:25.485193","272","13","1"
"1212","2024-06-04 12:21:00","CERRADA","2024-06-04 13:43:14.191365","2024-06-04 12:21:00","102.00",1,"2024-06-04 13:43:14.191365","1","15","1"
"1213","2024-01-05 14:22:00","CERRADA","2024-01-05 16:36:13.047819","2024-01-05 14:22:00","242.00",4,"2024-01-05 16:36:13.047819","272","8","1"
"1214","2024-08-30 12:36:00","CERRADA","2024-08-30 13:45:22.635405","2024-08-30 12:36:00","308.00",2,"2024-08-30 13:45:22.635405","72","13","1"
"1215","2023-12-06 14:01:00","CERRADA","2023-12-06 15:27:52.952819","2023-12-06 14:01:00","222.00",2,"2023-12-06 15:27:52.952819","1","5","1"
"1216","2024-07-05 13:18:00","CERRADA","2024-07-05 14:26:58.395284","2024-07-05 13:18:00","118.00",5,"2024-07-05 14:26:58.395284","1","15","1"
"1217","2024-07-14 12:37:00","CERRADA","2024-07-14 14:33:31.046688","2024-07-14 12:37:00","133.00",5,"2024-07-14 14:33:31.046688","267","15","1"
"1218","2023-07-07 14:56:00","CERRADA","2023-07-07 17:27:46.09859","2023-07-07 14:56:00","79.00",1,"2023-07-07 17:27:46.09859","1","5","1"
"1219","2025-06-02 00:00:00","CERRADA","2025-06-02 00:00:00","2025-06-02 00:00:00","207.00",6,"2025-06-02 00:00:00","282","14","1"
"1220","2024-05-21 20:47:00","CERRADA","2024-05-21 23:00:29.515085","2024-05-21 20:47:00","348.00",1,"2024-05-21 23:00:29.515085","1","12","1"
"1221","2024-08-05 20:14:00","CERRADA","2024-08-05 22:32:02.426173","2024-08-05 20:14:00","142.00",3,"2024-08-05 22:32:02.426173","284","8","1"
"1222","2023-07-23 20:38:00","CERRADA","2023-07-23 23:21:14.120195","2023-07-23 20:38:00","80.00",4,"2023-07-23 23:21:14.120195","157","13","1"
"1223","2023-07-28 13:27:00","CERRADA","2023-07-28 15:51:09.632072","2023-07-28 13:27:00","300.00",8,"2023-07-28 15:51:09.632072","11","9","1"
"1224","2025-02-21 13:21:00","CERRADA","2025-02-21 15:13:22.978777","2025-02-21 13:21:00","114.00",2,"2025-02-21 15:13:22.978777","61","8","1"
"1225","2024-01-26 20:36:00","CERRADA","2024-01-26 21:41:29.613983","2024-01-26 20:36:00","248.00",1,"2024-01-26 21:41:29.613983","120","2","1"
"1226","2023-08-04 13:18:00","CERRADA","2023-08-04 14:23:14.779883","2023-08-04 13:18:00","354.00",4,"2023-08-04 14:23:14.779883","1","14","1"
"1227","2025-02-14 21:04:00","CERRADA","2025-02-14 22:13:09.920668","2025-02-14 21:04:00","119.00",3,"2025-02-14 22:13:09.920668","127","5","1"
"1228","2025-05-24 13:28:00","CERRADA","2025-05-24 15:53:34.563784","2025-05-24 13:28:00","211.00",8,"2025-05-24 15:53:34.563784","1","4","1"
"1229","2025-04-04 14:44:00","CERRADA","2025-04-04 16:48:58.218057","2025-04-04 14:44:00","333.00",5,"2025-04-04 16:48:58.218057","1","13","1"
"1230","2025-05-24 12:13:00","CERRADA","2025-05-24 15:02:26.754331","2025-05-24 12:13:00","52.00",7,"2025-05-24 15:02:26.754331","179","15","1"
"1231","2024-08-09 21:52:00","CERRADA","2024-08-10 00:26:33.168405","2024-08-09 21:52:00","184.00",4,"2024-08-10 00:26:33.168405","1","9","1"
"1232","2025-03-28 12:31:00","CERRADA","2025-03-28 15:11:21.541484","2025-03-28 12:31:00","94.00",8,"2025-03-28 15:11:21.541484","122","12","1"
"1233","2023-08-04 19:01:00","CERRADA","2023-08-04 21:44:31.964234","2023-08-04 19:01:00","143.00",2,"2023-08-04 21:44:31.964234","198","5","1"
"1234","2024-06-28 12:42:00","CERRADA","2024-06-28 14:18:37.066124","2024-06-28 12:42:00","250.00",4,"2024-06-28 14:18:37.066124","24","4","1"
"1235","2025-02-14 14:51:00","CERRADA","2025-02-14 17:21:23.892238","2025-02-14 14:51:00","259.00",1,"2025-02-14 17:21:23.892238","180","15","1"
"1236","2024-08-12 12:51:00","CERRADA","2024-08-12 14:04:06.313474","2024-08-12 12:51:00","209.00",7,"2024-08-12 14:04:06.313474","16","6","1"
"1237","2024-08-09 20:16:00","CERRADA","2024-08-09 21:35:30.351861","2024-08-09 20:16:00","199.00",8,"2024-08-09 21:35:30.351861","149","14","1"
"1238","2024-03-15 12:15:00","CERRADA","2024-03-15 14:47:33.642272","2024-03-15 12:15:00","128.00",1,"2024-03-15 14:47:33.642272","123","3","1"
"1239","2025-06-02 00:00:00","CERRADA","2025-06-02 00:00:00","2025-06-02 00:00:00","117.00",1,"2025-06-02 00:00:00","294","7","1"
"1240","2024-02-27 12:28:00","CERRADA","2024-02-27 13:29:03.869054","2024-02-27 12:28:00","350.00",6,"2024-02-27 13:29:03.869054","159","10","1"
"1241","2024-07-26 14:57:00","CERRADA","2024-07-26 17:10:14.365358","2024-07-26 14:57:00","107.00",4,"2024-07-26 17:10:14.365358","185","8","1"
"1242","2024-08-21 13:14:00","CERRADA","2024-08-21 15:29:38.434884","2024-08-21 13:14:00","423.00",3,"2024-08-21 15:29:38.434884","34","8","1"
"1243","2025-04-04 19:37:00","CERRADA","2025-04-04 21:15:04.807941","2025-04-04 19:37:00","423.00",2,"2025-04-04 21:15:04.807941","27","4","1"
"1244","2024-02-23 14:34:00","CERRADA","2024-02-23 17:00:11.89894","2024-02-23 14:34:00","386.00",5,"2024-02-23 17:00:11.89894","118","1","1"
"1245","2024-11-08 13:13:00","CERRADA","2024-11-08 14:52:05.681132","2024-11-08 13:13:00","120.00",2,"2024-11-08 14:52:05.681132","181","2","1"
"1246","2024-03-22 14:21:00","CERRADA","2024-03-22 17:18:00.711569","2024-03-22 14:21:00","183.00",7,"2024-03-22 17:18:00.711569","214","2","1"
"1247","2024-07-29 14:59:00","CERRADA","2024-07-29 16:17:00.455424","2024-07-29 14:59:00","240.00",8,"2024-07-29 16:17:00.455424","1","6","1"
"1248","2024-04-19 20:50:00","CERRADA","2024-04-19 22:59:46.70279","2024-04-19 20:50:00","245.00",4,"2024-04-19 22:59:46.70279","56","10","1"
"1249","2025-04-04 21:05:00","CERRADA","2025-04-04 23:59:37.291314","2025-04-04 21:05:00","134.00",1,"2025-04-04 23:59:37.291314","112","7","1"
"1250","2024-12-04 20:51:00","CERRADA","2024-12-04 21:57:10.306828","2024-12-04 20:51:00","301.00",7,"2024-12-04 21:57:10.306828","1","4","1"
"1251","2024-04-26 14:58:00","CERRADA","2024-04-26 16:27:17.008767","2024-04-26 14:58:00","109.00",8,"2024-04-26 16:27:17.008767","270","9","1"
"1252","2024-07-19 19:46:00","CERRADA","2024-07-19 22:40:54.781506","2024-07-19 19:46:00","124.00",8,"2024-07-19 22:40:54.781506","187","4","1"
"1253","2024-06-06 19:50:00","CERRADA","2024-06-06 21:40:15.721655","2024-06-06 19:50:00","135.00",2,"2024-06-06 21:40:15.721655","42","6","1"
"1254","2024-07-23 20:16:00","CERRADA","2024-07-23 22:51:30.162833","2024-07-23 20:16:00","670.00",4,"2024-07-23 22:51:30.162833","66","15","1"
"1255","2024-08-09 19:40:00","CERRADA","2024-08-09 22:25:46.376937","2024-08-09 19:40:00","473.00",7,"2024-08-09 22:25:46.376937","62","2","1"
"1256","2023-06-23 20:45:00","CERRADA","2023-06-23 23:36:36.901192","2023-06-23 20:45:00","213.00",8,"2023-06-23 23:36:36.901192","94","15","1"
"1257","2024-08-16 12:08:00","CERRADA","2024-08-16 14:09:47.259064","2024-08-16 12:08:00","292.00",1,"2024-08-16 14:09:47.259064","1","3","1"
"1258","2024-05-31 13:45:00","CERRADA","2024-05-31 15:20:12.42162","2024-05-31 13:45:00","88.00",7,"2024-05-31 15:20:12.42162","200","15","1"
"1259","2023-07-21 19:58:00","CERRADA","2023-07-21 21:47:03.89802","2023-07-21 19:58:00","265.00",2,"2023-07-21 21:47:03.89802","174","10","1"
"1260","2025-06-02 00:00:00","CERRADA","2025-06-02 00:00:00","2025-06-02 00:00:00","236.00",8,"2025-06-02 00:00:00","225","5","1"
"1261","2024-12-28 20:17:00","CERRADA","2024-12-28 23:10:22.330315","2024-12-28 20:17:00","163.00",8,"2024-12-28 23:10:22.330315","191","11","1"
"1262","2023-07-21 20:32:00","CERRADA","2023-07-21 23:13:17.271076","2023-07-21 20:32:00","262.00",6,"2023-07-21 23:13:17.271076","154","8","1"
"1263","2023-12-01 21:56:00","CERRADA","2023-12-02 00:54:42.278688","2023-12-01 21:56:00","299.00",6,"2023-12-02 00:54:42.278688","167","7","1"
"1264","2023-08-15 14:31:00","CERRADA","2023-08-15 16:23:40.20056","2023-08-15 14:31:00","211.00",6,"2023-08-15 16:23:40.20056","267","5","1"
"1265","2025-02-11 21:17:00","CERRADA","2025-02-11 22:33:55.222501","2025-02-11 21:17:00","180.00",5,"2025-02-11 22:33:55.222501","1","5","1"
"1266","2023-12-30 20:51:00","CERRADA","2023-12-30 22:14:24.955191","2023-12-30 20:51:00","190.00",3,"2023-12-30 22:14:24.955191","262","13","1"
"1267","2024-03-16 21:28:00","CERRADA","2024-03-16 23:30:30.436045","2024-03-16 21:28:00","738.00",4,"2024-03-16 23:30:30.436045","15","6","1"
"1268","2025-06-02 00:00:00","CERRADA","2025-06-02 00:00:00","2025-06-02 00:00:00","258.00",2,"2025-06-02 00:00:00","1","5","1"
"1269","2024-05-29 13:46:00","CERRADA","2024-05-29 14:54:55.322374","2024-05-29 13:46:00","189.00",2,"2024-05-29 14:54:55.322374","144","12","1"
"1270","2025-03-08 12:45:00","CERRADA","2025-03-08 15:07:33.15054","2025-03-08 12:45:00","113.00",8,"2025-03-08 15:07:33.15054","173","5","1"
"1271","2023-09-12 14:12:00","CERRADA","2023-09-12 16:52:58.303493","2023-09-12 14:12:00","65.00",7,"2023-09-12 16:52:58.303493","1","1","1"
"1272","2024-02-09 13:43:00","CERRADA","2024-02-09 15:06:28.883783","2024-02-09 13:43:00","520.00",1,"2024-02-09 15:06:28.883783","20","11","1"
"1273","2024-07-25 20:54:00","CERRADA","2024-07-25 23:20:47.641934","2024-07-25 20:54:00","299.00",3,"2024-07-25 23:20:47.641934","250","14","1"
"1274","2024-12-24 12:26:00","CERRADA","2024-12-24 14:48:33.467949","2024-12-24 12:26:00","167.00",8,"2024-12-24 14:48:33.467949","224","2","1"
"1275","2024-10-11 14:53:00","CERRADA","2024-10-11 16:20:49.632029","2024-10-11 14:53:00","128.00",6,"2024-10-11 16:20:49.632029","300","4","1"
"1276","2025-02-07 12:14:00","CERRADA","2025-02-07 13:27:29.045432","2025-02-07 12:14:00","140.00",7,"2025-02-07 13:27:29.045432","250","8","1"
"1277","2024-08-04 21:27:00","CERRADA","2024-08-04 22:40:53.898095","2024-08-04 21:27:00","386.00",5,"2024-08-04 22:40:53.898095","1","13","1"
"1278","2024-05-22 19:53:00","CERRADA","2024-05-22 22:29:33.99343","2024-05-22 19:53:00","86.00",2,"2024-05-22 22:29:33.99343","165","11","1"
"1279","2023-07-07 19:03:00","CERRADA","2023-07-07 21:10:28.252636","2023-07-07 19:03:00","155.00",4,"2023-07-07 21:10:28.252636","212","11","1"
"1280","2024-08-30 12:17:00","CERRADA","2024-08-30 14:15:15.638827","2024-08-30 12:17:00","251.00",7,"2024-08-30 14:15:15.638827","164","7","1"
"1281","2024-07-26 20:13:00","CERRADA","2024-07-26 22:46:32.774418","2024-07-26 20:13:00","74.00",8,"2024-07-26 22:46:32.774418","25","5","1"
"1282","2023-12-23 14:58:00","CERRADA","2023-12-23 16:40:19.444565","2023-12-23 14:58:00","213.00",1,"2023-12-23 16:40:19.444565","170","3","1"
"1283","2024-11-15 13:53:00","CERRADA","2024-11-15 15:57:17.031444","2024-11-15 13:53:00","133.00",1,"2024-11-15 15:57:17.031444","1","2","1"
"1284","2023-11-14 13:35:00","CERRADA","2023-11-14 16:03:00.007316","2023-11-14 13:35:00","127.00",5,"2023-11-14 16:03:00.007316","1","4","1"
"1285","2024-11-22 19:02:00","CERRADA","2024-11-22 20:20:50.007646","2024-11-22 19:02:00","174.00",1,"2024-11-22 20:20:50.007646","1","1","1"
"1286","2023-07-07 19:41:00","CERRADA","2023-07-07 21:29:05.40674","2023-07-07 19:41:00","363.00",4,"2023-07-07 21:29:05.40674","119","11","1"
"1287","2023-09-01 21:48:00","CERRADA","2023-09-02 00:15:54.999587","2023-09-01 21:48:00","50.00",5,"2023-09-02 00:15:54.999587","1","15","1"
"1288","2023-09-07 13:53:00","CERRADA","2023-09-07 16:05:40.979383","2023-09-07 13:53:00","155.00",3,"2023-09-07 16:05:40.979383","279","10","1"
"1289","2024-08-12 21:36:00","CERRADA","2024-08-12 23:32:34.082543","2024-08-12 21:36:00","156.00",1,"2024-08-12 23:32:34.082543","167","7","1"
"1290","2024-12-27 21:34:00","CERRADA","2024-12-27 23:34:47.473235","2024-12-27 21:34:00","117.00",7,"2024-12-27 23:34:47.473235","49","4","1"
"1291","2024-06-17 19:14:00","CERRADA","2024-06-17 21:23:20.732316","2024-06-17 19:14:00","384.00",7,"2024-06-17 21:23:20.732316","256","12","1"
"1292","2024-10-04 14:09:00","CERRADA","2024-10-04 16:46:09.701666","2024-10-04 14:09:00","216.00",6,"2024-10-04 16:46:09.701666","120","8","1"
"1293","2023-12-31 13:05:00","CERRADA","2023-12-31 14:21:57.580072","2023-12-31 13:05:00","257.00",3,"2023-12-31 14:21:57.580072","1","2","1"
"1294","2023-08-01 14:47:00","CERRADA","2023-08-01 16:27:32.653061","2023-08-01 14:47:00","74.00",4,"2023-08-01 16:27:32.653061","244","9","1"
"1295","2023-12-09 19:34:00","CERRADA","2023-12-09 21:33:58.671358","2023-12-09 19:34:00","165.00",7,"2023-12-09 21:33:58.671358","166","12","1"
"1296","2024-09-16 21:46:00","CERRADA","2024-09-16 22:55:46.327024","2024-09-16 21:46:00","198.00",6,"2024-09-16 22:55:46.327024","1","4","1"
"1297","2023-06-16 13:12:00","CERRADA","2023-06-16 15:04:30.729071","2023-06-16 13:12:00","369.00",3,"2023-06-16 15:04:30.729071","41","7","1"
"1298","2024-10-25 19:08:00","CERRADA","2024-10-25 21:37:52.752718","2024-10-25 19:08:00","135.00",7,"2024-10-25 21:37:52.752718","1","1","1"
"1299","2023-12-06 14:33:00","CERRADA","2023-12-06 16:11:41.180228","2023-12-06 14:33:00","113.00",5,"2023-12-06 16:11:41.180228","206","1","1"
"1300","2023-10-27 20:45:00","CERRADA","2023-10-27 22:29:33.023818","2023-10-27 20:45:00","124.00",3,"2023-10-27 22:29:33.023818","1","10","1"
"1301","2024-05-05 13:10:00","CERRADA","2024-05-05 15:12:55.524869","2024-05-05 13:10:00","159.00",4,"2024-05-05 15:12:55.524869","243","8","1"
"1302","2024-08-02 12:19:00","CERRADA","2024-08-02 14:43:10.545351","2024-08-02 12:19:00","249.00",6,"2024-08-02 14:43:10.545351","1","1","1"
"1303","2024-05-10 20:10:00","CERRADA","2024-05-10 21:18:00.758412","2024-05-10 20:10:00","442.00",8,"2024-05-10 21:18:00.758412","50","9","1"
"1304","2023-12-22 19:37:00","CERRADA","2023-12-22 22:04:31.126419","2023-12-22 19:37:00","477.00",1,"2023-12-22 22:04:31.126419","117","6","1"
"1305","2024-12-27 12:37:00","CERRADA","2024-12-27 13:55:17.436982","2024-12-27 12:37:00","134.00",5,"2024-12-27 13:55:17.436982","208","15","1"
"1306","2025-01-03 20:41:00","CERRADA","2025-01-03 23:12:55.591266","2025-01-03 20:41:00","178.00",5,"2025-01-03 23:12:55.591266","145","3","1"
"1307","2024-01-05 13:05:00","CERRADA","2024-01-05 15:56:32.739226","2024-01-05 13:05:00","67.00",8,"2024-01-05 15:56:32.739226","143","13","1"
"1308","2023-06-02 12:08:00","CERRADA","2023-06-02 14:09:24.277894","2023-06-02 12:08:00","66.00",8,"2023-06-02 14:09:24.277894","75","3","1"
"1309","2024-08-26 19:49:00","CERRADA","2024-08-26 21:35:15.814982","2024-08-26 19:49:00","211.00",5,"2024-08-26 21:35:15.814982","243","6","1"
"1310","2024-11-29 13:10:00","CERRADA","2024-11-29 16:03:27.527517","2024-11-29 13:10:00","183.00",6,"2024-11-29 16:03:27.527517","161","14","1"
"1311","2024-08-23 14:43:00","CERRADA","2024-08-23 15:57:25.726549","2024-08-23 14:43:00","246.00",3,"2024-08-23 15:57:25.726549","1","12","1"
"1312","2023-12-01 19:49:00","CERRADA","2023-12-01 22:09:24.281502","2023-12-01 19:49:00","106.00",6,"2023-12-01 22:09:24.281502","1","11","1"
"1313","2024-06-28 12:12:00","CERRADA","2024-06-28 14:05:02.980086","2024-06-28 12:12:00","308.00",4,"2024-06-28 14:05:02.980086","111","10","1"
"1314","2024-05-03 14:32:00","CERRADA","2024-05-03 17:22:35.260463","2024-05-03 14:32:00","136.00",5,"2024-05-03 17:22:35.260463","4","10","1"
"1315","2025-06-02 00:00:00","CERRADA","2025-06-02 00:00:00","2025-06-02 00:00:00","489.00",5,"2025-06-02 00:00:00","19","11","1"
"1316","2024-09-26 19:11:00","CERRADA","2024-09-26 21:07:48.828597","2024-09-26 19:11:00","104.00",1,"2024-09-26 21:07:48.828597","294","14","1"
"1317","2023-07-14 21:09:00","CERRADA","2023-07-14 23:33:40.60495","2023-07-14 21:09:00","217.00",2,"2023-07-14 23:33:40.60495","1","13","1"
"1318","2023-10-06 12:20:00","CERRADA","2023-10-06 13:31:41.823316","2023-10-06 12:20:00","321.00",7,"2023-10-06 13:31:41.823316","69","2","1"
"1319","2024-05-07 14:57:00","CERRADA","2024-05-07 17:22:07.024464","2024-05-07 14:57:00","237.00",1,"2024-05-07 17:22:07.024464","101","11","1"
"1320","2024-11-15 19:53:00","CERRADA","2024-11-15 22:13:07.60172","2024-11-15 19:53:00","128.00",6,"2024-11-15 22:13:07.60172","1","10","1"
"1321","2024-03-01 14:38:00","CERRADA","2024-03-01 16:01:50.520488","2024-03-01 14:38:00","367.00",3,"2024-03-01 16:01:50.520488","100","14","1"
"1322","2024-04-19 14:29:00","CERRADA","2024-04-19 16:37:10.847513","2024-04-19 14:29:00","372.00",1,"2024-04-19 16:37:10.847513","90","11","1"
"1323","2023-12-01 12:11:00","CERRADA","2023-12-01 13:49:06.009278","2023-12-01 12:11:00","264.00",8,"2023-12-01 13:49:06.009278","291","15","1"
"1324","2023-06-16 12:56:00","CERRADA","2023-06-16 15:22:54.792713","2023-06-16 12:56:00","465.00",3,"2023-06-16 15:22:54.792713","12","13","1"
"1325","2024-04-19 13:17:00","CERRADA","2024-04-19 14:33:51.067731","2024-04-19 13:17:00","164.00",3,"2024-04-19 14:33:51.067731","99","12","1"
"1326","2024-08-07 14:44:00","CERRADA","2024-08-07 16:36:45.107932","2024-08-07 14:44:00","215.00",4,"2024-08-07 16:36:45.107932","117","14","1"
"1327","2024-05-24 21:43:00","CERRADA","2024-05-25 00:22:48.459179","2024-05-24 21:43:00","179.00",6,"2024-05-25 00:22:48.459179","183","10","1"
"1328","2025-05-23 21:50:00","CERRADA","2025-05-23 23:24:38.560828","2025-05-23 21:50:00","173.00",4,"2025-05-23 23:24:38.560828","199","3","1"
"1329","2023-07-08 19:16:00","CERRADA","2023-07-08 20:19:46.425965","2023-07-08 19:16:00","290.00",5,"2023-07-08 20:19:46.425965","259","9","1"
"1330","2024-09-27 19:42:00","CERRADA","2024-09-27 21:52:36.413629","2024-09-27 19:42:00","290.00",3,"2024-09-27 21:52:36.413629","97","8","1"
"1331","2023-06-16 14:41:00","CERRADA","2023-06-16 17:29:21.455092","2023-06-16 14:41:00","112.00",6,"2023-06-16 17:29:21.455092","55","11","1"
"1332","2024-09-27 19:51:00","CERRADA","2024-09-27 22:04:59.608747","2024-09-27 19:51:00","123.00",3,"2024-09-27 22:04:59.608747","185","5","1"
"1333","2024-08-28 20:21:00","CERRADA","2024-08-28 22:18:54.414665","2024-08-28 20:21:00","94.00",7,"2024-08-28 22:18:54.414665","224","12","1"
"1334","2024-11-08 14:36:00","CERRADA","2024-11-08 16:24:05.400917","2024-11-08 14:36:00","182.00",4,"2024-11-08 16:24:05.400917","22","15","1"
"1335","2025-02-02 13:36:00","CERRADA","2025-02-02 16:06:13.320662","2025-02-02 13:36:00","217.00",5,"2025-02-02 16:06:13.320662","264","3","1"
"1336","2023-09-08 14:29:00","CERRADA","2023-09-08 16:16:31.155844","2023-09-08 14:29:00","184.00",1,"2023-09-08 16:16:31.155844","172","13","1"
"1337","2024-07-05 19:05:00","CERRADA","2024-07-05 21:31:53.767589","2024-07-05 19:05:00","171.00",3,"2024-07-05 21:31:53.767589","77","4","1"
"1338","2023-06-09 19:35:00","CERRADA","2023-06-09 21:57:24.862357","2023-06-09 19:35:00","124.00",6,"2023-06-09 21:57:24.862357","286","14","1"
"1339","2024-09-18 12:24:00","CERRADA","2024-09-18 13:39:25.217234","2024-09-18 12:24:00","276.00",7,"2024-09-18 13:39:25.217234","243","11","1"
"1340","2024-05-01 21:55:00","CERRADA","2024-05-01 23:45:57.065567","2024-05-01 21:55:00","219.00",7,"2024-05-01 23:45:57.065567","1","3","1"
"1341","2025-04-17 13:56:00","CERRADA","2025-04-17 16:09:01.360809","2025-04-17 13:56:00","42.00",8,"2025-04-17 16:09:01.360809","38","6","1"
"1342","2024-12-17 19:58:00","CERRADA","2024-12-17 21:07:16.341361","2024-12-17 19:58:00","137.00",6,"2024-12-17 21:07:16.341361","1","6","1"
"1343","2024-08-05 21:11:00","CERRADA","2024-08-05 23:02:05.121504","2024-08-05 21:11:00","320.00",1,"2024-08-05 23:02:05.121504","257","4","1"
"1344","2023-07-07 13:10:00","CERRADA","2023-07-07 14:57:47.156214","2023-07-07 13:10:00","114.00",8,"2023-07-07 14:57:47.156214","200","11","1"
"1345","2024-08-21 12:10:00","CERRADA","2024-08-21 13:48:16.985603","2024-08-21 12:10:00","415.00",2,"2024-08-21 13:48:16.985603","56","8","1"
"1346","2023-06-16 19:27:00","CERRADA","2023-06-16 21:59:33.789553","2023-06-16 19:27:00","42.00",8,"2023-06-16 21:59:33.789553","198","11","1"
"1347","2025-02-09 20:23:00","CERRADA","2025-02-09 22:56:43.225422","2025-02-09 20:23:00","50.00",2,"2025-02-09 22:56:43.225422","134","12","1"
"1348","2023-12-02 19:55:00","CERRADA","2023-12-02 22:15:57.976149","2023-12-02 19:55:00","112.00",2,"2023-12-02 22:15:57.976149","275","6","1"
"1349","2023-12-22 19:27:00","CERRADA","2023-12-22 20:32:49.513907","2023-12-22 19:27:00","228.00",5,"2023-12-22 20:32:49.513907","174","15","1"
"1350","2024-09-20 21:23:00","CERRADA","2024-09-20 22:53:16.752993","2024-09-20 21:23:00","162.00",8,"2024-09-20 22:53:16.752993","64","14","1"
"1351","2024-12-13 19:01:00","CERRADA","2024-12-13 20:54:36.745072","2024-12-13 19:01:00","127.00",1,"2024-12-13 20:54:36.745072","153","13","1"
"1352","2024-06-01 19:15:00","CERRADA","2024-06-01 20:36:01.682265","2024-06-01 19:15:00","288.00",2,"2024-06-01 20:36:01.682265","20","10","1"
"1353","2025-03-14 14:29:00","CERRADA","2025-03-14 16:51:40.742119","2025-03-14 14:29:00","571.00",3,"2025-03-14 16:51:40.742119","66","12","1"
"1354","2023-07-14 13:38:00","CERRADA","2023-07-14 16:35:13.271995","2023-07-14 13:38:00","123.00",8,"2023-07-14 16:35:13.271995","270","10","1"
"1355","2024-05-12 19:25:00","CERRADA","2024-05-12 20:27:41.161021","2024-05-12 19:25:00","117.00",2,"2024-05-12 20:27:41.161021","53","7","1"
"1356","2024-08-18 20:16:00","CERRADA","2024-08-18 23:15:23.41254","2024-08-18 20:16:00","197.00",2,"2024-08-18 23:15:23.41254","1","5","1"
"1357","2025-05-12 19:13:00","CERRADA","2025-05-12 21:44:17.177128","2025-05-12 19:13:00","199.00",4,"2025-05-12 21:44:17.177128","278","14","1"
"1358","2025-06-02 00:00:00","CERRADA","2025-06-02 00:00:00","2025-06-02 00:00:00","219.00",1,"2025-06-02 00:00:00","97","5","1"
"1359","2024-03-15 21:20:00","CERRADA","2024-03-15 22:31:39.463421","2024-03-15 21:20:00","166.00",3,"2024-03-15 22:31:39.463421","214","11","1"
"1360","2025-02-21 19:37:00","CERRADA","2025-02-21 21:27:29.506461","2025-02-21 19:37:00","131.00",2,"2025-02-21 21:27:29.506461","168","4","1"
"1361","2024-12-27 14:52:00","CERRADA","2024-12-27 16:45:19.558058","2024-12-27 14:52:00","292.00",8,"2024-12-27 16:45:19.558058","279","7","1"
"1362","2025-04-25 21:54:00","CERRADA","2025-04-26 00:02:33.455699","2025-04-25 21:54:00","204.00",3,"2025-04-26 00:02:33.455699","257","4","1"
"1363","2023-09-01 14:19:00","CERRADA","2023-09-01 15:54:01.125906","2023-09-01 14:19:00","257.00",6,"2023-09-01 15:54:01.125906","251","9","1"
"1364","2025-03-07 20:27:00","CERRADA","2025-03-07 22:16:50.829563","2025-03-07 20:27:00","205.00",3,"2025-03-07 22:16:50.829563","241","1","1"
"1365","2024-12-22 19:58:00","CERRADA","2024-12-22 22:02:30.667512","2024-12-22 19:58:00","213.00",5,"2024-12-22 22:02:30.667512","1","13","1"
"1366","2024-08-12 13:55:00","CERRADA","2024-08-12 15:14:05.64613","2024-08-12 13:55:00","291.00",7,"2024-08-12 15:14:05.64613","65","2","1"
"1367","2024-12-20 19:57:00","CERRADA","2024-12-20 22:08:54.589474","2024-12-20 19:57:00","266.00",7,"2024-12-20 22:08:54.589474","1","12","1"
"1368","2025-04-12 21:20:00","CERRADA","2025-04-12 23:20:16.593622","2025-04-12 21:20:00","152.00",2,"2025-04-12 23:20:16.593622","187","11","1"
"1369","2024-08-20 13:59:00","CERRADA","2024-08-20 16:43:48.061658","2024-08-20 13:59:00","224.00",7,"2024-08-20 16:43:48.061658","117","14","1"
"1370","2024-09-19 12:24:00","CERRADA","2024-09-19 14:33:37.136367","2024-09-19 12:24:00","503.00",6,"2024-09-19 14:33:37.136367","3","9","1"
"1371","2025-06-02 00:00:00","CERRADA","2025-06-02 00:00:00","2025-06-02 00:00:00","78.00",4,"2025-06-02 00:00:00","216","7","1"
"1372","2025-02-21 19:43:00","CERRADA","2025-02-21 20:53:54.958371","2025-02-21 19:43:00","225.00",6,"2025-02-21 20:53:54.958371","211","1","1"
"1373","2023-11-17 13:11:00","CERRADA","2023-11-17 15:07:39.616024","2023-11-17 13:11:00","352.00",4,"2023-11-17 15:07:39.616024","201","9","1"
"1374","2024-12-29 19:29:00","CERRADA","2024-12-29 20:58:24.33819","2024-12-29 19:29:00","100.00",3,"2024-12-29 20:58:24.33819","104","6","1"
"1375","2024-12-20 14:55:00","CERRADA","2024-12-20 17:45:25.121869","2024-12-20 14:55:00","73.00",3,"2024-12-20 17:45:25.121869","125","13","1"
"1376","2023-06-09 19:55:00","CERRADA","2023-06-09 21:57:22.32611","2023-06-09 19:55:00","204.00",2,"2023-06-09 21:57:22.32611","238","12","1"
"1377","2024-02-23 21:49:00","CERRADA","2024-02-24 00:01:50.233797","2024-02-23 21:49:00","265.00",7,"2024-02-24 00:01:50.233797","199","2","1"
"1378","2024-08-30 14:51:00","CERRADA","2024-08-30 16:38:48.456503","2024-08-30 14:51:00","103.00",1,"2024-08-30 16:38:48.456503","1","12","1"
"1379","2024-06-14 21:41:00","CERRADA","2024-06-14 23:33:48.32981","2024-06-14 21:41:00","180.00",1,"2024-06-14 23:33:48.32981","1","13","1"
"1380","2024-02-25 12:46:00","CERRADA","2024-02-25 14:06:16.464956","2024-02-25 12:46:00","188.00",3,"2024-02-25 14:06:16.464956","1","2","1"
"1381","2024-12-11 21:04:00","CERRADA","2024-12-11 22:58:59.342549","2024-12-11 21:04:00","49.00",4,"2024-12-11 22:58:59.342549","175","3","1"
"1382","2024-05-17 19:44:00","CERRADA","2024-05-17 21:14:57.036669","2024-05-17 19:44:00","152.00",5,"2024-05-17 21:14:57.036669","127","13","1"
"1383","2023-08-03 20:23:00","CERRADA","2023-08-03 22:48:39.382533","2023-08-03 20:23:00","226.00",3,"2023-08-03 22:48:39.382533","20","13","1"
"1384","2024-09-30 13:47:00","CERRADA","2024-09-30 16:23:37.430296","2024-09-30 13:47:00","234.00",5,"2024-09-30 16:23:37.430296","83","10","1"
"1385","2024-07-20 20:19:00","CERRADA","2024-07-20 21:36:48.216218","2024-07-20 20:19:00","251.00",7,"2024-07-20 21:36:48.216218","151","14","1"
"1386","2024-08-02 21:09:00","CERRADA","2024-08-02 23:19:27.375064","2024-08-02 21:09:00","145.00",7,"2024-08-02 23:19:27.375064","188","12","1"
"1387","2024-10-10 19:11:00","CERRADA","2024-10-10 21:09:04.788657","2024-10-10 19:11:00","305.00",7,"2024-10-10 21:09:04.788657","269","6","1"
"1388","2024-12-19 21:50:00","CERRADA","2024-12-19 23:04:21.058222","2024-12-19 21:50:00","272.00",4,"2024-12-19 23:04:21.058222","35","6","1"
"1389","2024-11-19 14:42:00","CERRADA","2024-11-19 15:45:56.45182","2024-11-19 14:42:00","260.00",1,"2024-11-19 15:45:56.45182","257","8","1"
"1390","2024-03-08 21:34:00","CERRADA","2024-03-09 00:18:42.832418","2024-03-08 21:34:00","267.00",2,"2024-03-09 00:18:42.832418","170","9","1"
"1391","2025-06-02 00:00:00","CERRADA","2025-06-02 00:00:00","2025-06-02 00:00:00","222.00",8,"2025-06-02 00:00:00","1","1","1"
"1392","2023-12-01 20:17:00","CERRADA","2023-12-01 21:27:57.786212","2023-12-01 20:17:00","161.00",8,"2023-12-01 21:27:57.786212","1","4","1"
"1393","2024-07-22 20:48:00","CERRADA","2024-07-22 22:57:45.14715","2024-07-22 20:48:00","209.00",3,"2024-07-22 22:57:45.14715","34","15","1"
"1394","2024-08-23 12:28:00","CERRADA","2024-08-23 13:38:00.380703","2024-08-23 12:28:00","297.00",1,"2024-08-23 13:38:00.380703","276","15","1"
"1395","2025-02-07 20:27:00","CERRADA","2025-02-07 23:10:20.201542","2025-02-07 20:27:00","164.00",4,"2025-02-07 23:10:20.201542","279","10","1"
"1396","2025-01-25 19:00:00","CERRADA","2025-01-25 20:30:12.584","2025-01-25 19:00:00","169.00",4,"2025-01-25 20:30:12.584","228","13","1"
"1397","2024-05-03 21:19:00","CERRADA","2024-05-03 22:50:42.23931","2024-05-03 21:19:00","201.00",3,"2024-05-03 22:50:42.23931","140","8","1"
"1398","2025-03-07 13:31:00","CERRADA","2025-03-07 14:31:46.924459","2025-03-07 13:31:00","42.00",5,"2025-03-07 14:31:46.924459","176","5","1"
"1399","2024-08-25 21:19:00","CERRADA","2024-08-25 22:30:20.88943","2024-08-25 21:19:00","237.00",8,"2024-08-25 22:30:20.88943","1","9","1"
"1400","2023-12-17 13:19:00","CERRADA","2023-12-17 15:19:12.813626","2023-12-17 13:19:00","283.00",3,"2023-12-17 15:19:12.813626","1","6","1"
"1401","2025-05-09 20:43:00","CERRADA","2025-05-09 22:01:33.103079","2025-05-09 20:43:00","283.00",2,"2025-05-09 22:01:33.103079","273","8","1"
"1402","2023-12-10 19:41:00","CERRADA","2023-12-10 21:52:25.653455","2023-12-10 19:41:00","54.00",3,"2023-12-10 21:52:25.653455","204","13","1"
"1403","2024-09-27 14:09:00","CERRADA","2024-09-27 15:45:44.873192","2024-09-27 14:09:00","204.00",5,"2024-09-27 15:45:44.873192","139","4","1"
"1404","2024-08-16 12:48:00","CERRADA","2024-08-16 15:40:47.908595","2024-08-16 12:48:00","251.00",5,"2024-08-16 15:40:47.908595","163","8","1"
"1405","2024-12-11 13:13:00","CERRADA","2024-12-11 15:32:26.793307","2024-12-11 13:13:00","294.00",3,"2024-12-11 15:32:26.793307","211","6","1"
"1406","2024-08-12 20:47:00","CERRADA","2024-08-12 22:10:56.055447","2024-08-12 20:47:00","146.00",6,"2024-08-12 22:10:56.055447","193","1","1"
"1407","2023-12-22 19:46:00","CERRADA","2023-12-22 21:57:09.169922","2023-12-22 19:46:00","143.00",5,"2023-12-22 21:57:09.169922","259","8","1"
"1408","2025-05-06 13:17:00","CERRADA","2025-05-06 16:15:25.890223","2025-05-06 13:17:00","96.00",7,"2025-05-06 16:15:25.890223","1","1","1"
"1409","2025-03-21 19:59:00","CERRADA","2025-03-21 21:33:06.494371","2025-03-21 19:59:00","137.00",1,"2025-03-21 21:33:06.494371","32","2","1"
"1410","2023-11-04 20:12:00","CERRADA","2023-11-04 22:19:25.221971","2023-11-04 20:12:00","180.00",7,"2023-11-04 22:19:25.221971","39","6","1"
"1411","2024-12-27 12:08:00","CERRADA","2024-12-27 14:40:39.125149","2024-12-27 12:08:00","93.00",5,"2024-12-27 14:40:39.125149","169","10","1"
"1412","2024-08-31 14:29:00","CERRADA","2024-08-31 15:56:19.312423","2024-08-31 14:29:00","166.00",6,"2024-08-31 15:56:19.312423","162","14","1"
"1413","2024-02-18 13:07:00","CERRADA","2024-02-18 15:24:04.129705","2024-02-18 13:07:00","106.00",5,"2024-02-18 15:24:04.129705","103","11","1"
"1414","2024-11-29 14:01:00","CERRADA","2024-11-29 16:08:53.145073","2024-11-29 14:01:00","101.00",1,"2024-11-29 16:08:53.145073","251","13","1"
"1415","2024-12-06 21:04:00","CERRADA","2024-12-06 23:32:07.923418","2024-12-06 21:04:00","220.00",6,"2024-12-06 23:32:07.923418","1","9","1"
"1416","2024-11-29 12:36:00","CERRADA","2024-11-29 15:26:41.977544","2024-11-29 12:36:00","73.00",2,"2024-11-29 15:26:41.977544","287","13","1"
"1417","2025-06-02 00:00:00","CERRADA","2025-06-02 00:00:00","2025-06-02 00:00:00","443.00",2,"2025-06-02 00:00:00","99","13","1"
"1418","2024-11-23 19:56:00","CERRADA","2024-11-23 20:58:34.681406","2024-11-23 19:56:00","134.00",8,"2024-11-23 20:58:34.681406","296","6","1"
"1419","2023-06-23 13:16:00","CERRADA","2023-06-23 15:58:40.137349","2023-06-23 13:16:00","261.00",7,"2023-06-23 15:58:40.137349","5","10","1"
"1420","2025-04-01 20:59:00","CERRADA","2025-04-01 22:41:33.446239","2025-04-01 20:59:00","188.00",8,"2025-04-01 22:41:33.446239","169","9","1"
"1421","2023-12-12 13:06:00","CERRADA","2023-12-12 14:09:08.816332","2023-12-12 13:06:00","229.00",3,"2023-12-12 14:09:08.816332","1","14","1"
"1422","2024-12-06 14:59:00","CERRADA","2024-12-06 16:26:36.747758","2024-12-06 14:59:00","468.00",3,"2024-12-06 16:26:36.747758","22","13","1"
"1423","2024-03-08 14:01:00","CERRADA","2024-03-08 15:17:28.647591","2024-03-08 14:01:00","49.00",7,"2024-03-08 15:17:28.647591","157","3","1"
"1424","2024-06-21 21:13:00","CERRADA","2024-06-21 22:58:38.999268","2024-06-21 21:13:00","64.00",2,"2024-06-21 22:58:38.999268","1","8","1"
"1425","2024-07-28 20:58:00","CERRADA","2024-07-28 23:07:23.785461","2024-07-28 20:58:00","191.00",4,"2024-07-28 23:07:23.785461","206","4","1"
"1426","2023-10-03 14:47:00","CERRADA","2023-10-03 17:46:26.574436","2023-10-03 14:47:00","261.00",4,"2023-10-03 17:46:26.574436","85","13","1"
"1427","2024-08-04 12:00:00","CERRADA","2024-08-04 13:45:36.209758","2024-08-04 12:00:00","173.00",6,"2024-08-04 13:45:36.209758","109","2","1"
"1428","2024-04-14 21:19:00","CERRADA","2024-04-14 22:46:31.383626","2024-04-14 21:19:00","226.00",6,"2024-04-14 22:46:31.383626","53","6","1"
"1429","2023-12-18 14:02:00","CERRADA","2023-12-18 15:18:53.297895","2023-12-18 14:02:00","130.00",8,"2023-12-18 15:18:53.297895","201","15","1"
"1430","2024-11-15 12:03:00","CERRADA","2024-11-15 14:14:32.672314","2024-11-15 12:03:00","242.00",3,"2024-11-15 14:14:32.672314","291","1","1"
"1431","2023-12-10 13:47:00","CERRADA","2023-12-10 16:24:07.806641","2023-12-10 13:47:00","84.00",7,"2023-12-10 16:24:07.806641","152","6","1"
"1432","2023-08-17 21:23:00","CERRADA","2023-08-18 00:12:04.662139","2023-08-17 21:23:00","226.00",2,"2023-08-18 00:12:04.662139","188","15","1"
"1433","2024-05-10 21:55:00","CERRADA","2024-05-10 23:12:19.25385","2024-05-10 21:55:00","47.00",1,"2024-05-10 23:12:19.25385","166","1","1"
"1434","2023-11-10 13:05:00","CERRADA","2023-11-10 14:55:23.156726","2023-11-10 13:05:00","119.00",3,"2023-11-10 14:55:23.156726","278","7","1"
"1435","2024-12-06 21:00:00","CERRADA","2024-12-06 22:37:22.302354","2024-12-06 21:00:00","203.00",7,"2024-12-06 22:37:22.302354","245","8","1"
"1436","2025-04-04 21:45:00","CERRADA","2025-04-04 22:56:34.067689","2025-04-04 21:45:00","121.00",6,"2025-04-04 22:56:34.067689","133","3","1"
"1437","2024-01-12 13:14:00","CERRADA","2024-01-12 15:33:06.311496","2024-01-12 13:14:00","210.00",3,"2024-01-12 15:33:06.311496","294","4","1"
"1438","2024-07-17 14:11:00","CERRADA","2024-07-17 16:38:36.217968","2024-07-17 14:11:00","217.00",7,"2024-07-17 16:38:36.217968","1","12","1"
"1439","2023-10-20 13:37:00","CERRADA","2023-10-20 16:05:22.154353","2023-10-20 13:37:00","219.00",5,"2023-10-20 16:05:22.154353","238","11","1"
"1440","2025-06-02 00:00:00","CERRADA","2025-06-02 00:00:00","2025-06-02 00:00:00","426.00",7,"2025-06-02 00:00:00","1","12","1"
"1441","2024-07-12 19:54:00","CERRADA","2024-07-12 21:35:16.092742","2024-07-12 19:54:00","152.00",3,"2024-07-12 21:35:16.092742","1","4","1"
"1442","2024-08-12 12:47:00","CERRADA","2024-08-12 14:20:30.997402","2024-08-12 12:47:00","236.00",8,"2024-08-12 14:20:30.997402","297","7","1"
"1443","2024-08-12 19:49:00","CERRADA","2024-08-12 21:54:52.085663","2024-08-12 19:49:00","110.00",6,"2024-08-12 21:54:52.085663","1","15","1"
"1444","2023-08-05 12:34:00","CERRADA","2023-08-05 13:49:08.842819","2023-08-05 12:34:00","133.00",5,"2023-08-05 13:49:08.842819","177","13","1"
"1445","2023-08-06 14:28:00","CERRADA","2023-08-06 16:20:20.381575","2023-08-06 14:28:00","221.00",2,"2023-08-06 16:20:20.381575","236","14","1"
"1446","2024-07-13 20:12:00","CERRADA","2024-07-13 21:29:00.30066","2024-07-13 20:12:00","185.00",3,"2024-07-13 21:29:00.30066","1","2","1"
"1447","2024-12-21 20:03:00","CERRADA","2024-12-21 22:39:01.871921","2024-12-21 20:03:00","340.00",6,"2024-12-21 22:39:01.871921","10","4","1"
"1448","2024-06-21 21:40:00","CERRADA","2024-06-22 00:23:04.373865","2024-06-21 21:40:00","285.00",3,"2024-06-22 00:23:04.373865","119","12","1"
"1449","2023-12-29 19:18:00","CERRADA","2023-12-29 21:04:46.361277","2023-12-29 19:18:00","309.00",7,"2023-12-29 21:04:46.361277","79","9","1"
"1450","2024-09-27 14:00:00","CERRADA","2024-09-27 15:08:59.067485","2024-09-27 14:00:00","136.00",8,"2024-09-27 15:08:59.067485","217","15","1"
"1451","2023-08-01 19:52:00","CERRADA","2023-08-01 21:11:13.821289","2023-08-01 19:52:00","194.00",2,"2023-08-01 21:11:13.821289","161","4","1"
"1452","2023-11-12 13:15:00","CERRADA","2023-11-12 15:55:07.168991","2023-11-12 13:15:00","126.00",7,"2023-11-12 15:55:07.168991","1","4","1"
"1453","2023-10-06 21:09:00","CERRADA","2023-10-06 22:33:41.983858","2023-10-06 21:09:00","106.00",7,"2023-10-06 22:33:41.983858","143","3","1"
"1454","2023-06-13 20:06:00","CERRADA","2023-06-13 22:38:35.937819","2023-06-13 20:06:00","122.00",6,"2023-06-13 22:38:35.937819","143","13","1"
"1455","2024-04-02 20:29:00","CERRADA","2024-04-02 21:47:26.471572","2024-04-02 20:29:00","169.00",8,"2024-04-02 21:47:26.471572","120","11","1"
"1456","2024-08-06 12:40:00","CERRADA","2024-08-06 14:35:58.984928","2024-08-06 12:40:00","198.00",6,"2024-08-06 14:35:58.984928","1","13","1"
"1457","2024-12-19 20:38:00","CERRADA","2024-12-19 23:21:48.61249","2024-12-19 20:38:00","158.00",5,"2024-12-19 23:21:48.61249","251","13","1"
"1458","2024-08-09 14:53:00","CERRADA","2024-08-09 17:19:53.177047","2024-08-09 14:53:00","261.00",7,"2024-08-09 17:19:53.177047","255","14","1"
"1459","2024-08-04 14:05:00","CERRADA","2024-08-04 15:06:33.067991","2024-08-04 14:05:00","245.00",6,"2024-08-04 15:06:33.067991","130","11","1"
"1460","2024-01-19 12:49:00","CERRADA","2024-01-19 15:28:09.077942","2024-01-19 12:49:00","126.00",8,"2024-01-19 15:28:09.077942","250","4","1"
"1461","2023-07-15 21:06:00","CERRADA","2023-07-15 23:15:04.503777","2023-07-15 21:06:00","78.00",7,"2023-07-15 23:15:04.503777","291","7","1"
"1462","2024-07-09 21:50:00","CERRADA","2024-07-09 23:42:49.7646","2024-07-09 21:50:00","227.00",7,"2024-07-09 23:42:49.7646","124","6","1"
"1463","2025-03-06 12:13:00","CERRADA","2025-03-06 14:21:01.895981","2025-03-06 12:13:00","201.00",7,"2025-03-06 14:21:01.895981","269","1","1"
"1464","2024-07-28 14:22:00","CERRADA","2024-07-28 17:00:12.252714","2024-07-28 14:22:00","136.00",5,"2024-07-28 17:00:12.252714","170","2","1"
"1465","2023-07-21 21:16:00","CERRADA","2023-07-21 23:48:14.000201","2023-07-21 21:16:00","242.00",8,"2023-07-21 23:48:14.000201","129","5","1"
"1466","2024-07-16 13:54:00","CERRADA","2024-07-16 15:53:58.822127","2024-07-16 13:54:00","381.00",6,"2024-07-16 15:53:58.822127","287","13","1"
"1467","2024-12-21 12:40:00","CERRADA","2024-12-21 14:28:43.669909","2024-12-21 12:40:00","118.00",4,"2024-12-21 14:28:43.669909","182","10","1"
"1468","2023-12-29 14:21:00","CERRADA","2023-12-29 16:57:42.461999","2023-12-29 14:21:00","291.00",7,"2023-12-29 16:57:42.461999","97","13","1"
"1469","2023-12-24 14:58:00","CERRADA","2023-12-24 16:58:44.058808","2023-12-24 14:58:00","118.00",3,"2023-12-24 16:58:44.058808","1","13","1"
"1470","2024-07-13 12:05:00","CERRADA","2024-07-13 14:30:23.992088","2024-07-13 12:05:00","128.00",3,"2024-07-13 14:30:23.992088","153","13","1"
"1471","2024-03-01 14:25:00","CERRADA","2024-03-01 15:40:57.832445","2024-03-01 14:25:00","76.00",7,"2024-03-01 15:40:57.832445","1","11","1"
"1472","2024-04-28 12:15:00","CERRADA","2024-04-28 14:20:45.507958","2024-04-28 12:15:00","180.00",2,"2024-04-28 14:20:45.507958","152","10","1"
"1473","2024-01-17 13:56:00","CERRADA","2024-01-17 15:23:05.995093","2024-01-17 13:56:00","81.00",8,"2024-01-17 15:23:05.995093","142","1","1"
"1474","2024-12-05 19:53:00","CERRADA","2024-12-05 21:45:40.439233","2024-12-05 19:53:00","245.00",1,"2024-12-05 21:45:40.439233","112","3","1"
"1475","2023-12-09 21:36:00","CERRADA","2023-12-10 00:22:37.949816","2023-12-09 21:36:00","309.00",7,"2023-12-10 00:22:37.949816","292","4","1"
"1476","2025-05-25 14:27:00","CERRADA","2025-05-25 16:11:25.645214","2025-05-25 14:27:00","179.00",5,"2025-05-25 16:11:25.645214","1","12","1"
"1477","2024-12-26 13:20:00","CERRADA","2024-12-26 16:03:11.601839","2024-12-26 13:20:00","180.00",4,"2024-12-26 16:03:11.601839","1","15","1"
"1478","2023-09-08 20:45:00","CERRADA","2023-09-08 22:42:05.311511","2023-09-08 20:45:00","155.00",3,"2023-09-08 22:42:05.311511","1","4","1"
"1479","2025-05-20 13:29:00","CERRADA","2025-05-20 15:01:17.760753","2025-05-20 13:29:00","426.00",6,"2025-05-20 15:01:17.760753","118","12","1"
"1480","2024-07-25 12:35:00","CERRADA","2024-07-25 14:28:48.971559","2024-07-25 12:35:00","386.00",8,"2024-07-25 14:28:48.971559","1","8","1"
"1481","2023-08-06 21:17:00","CERRADA","2023-08-06 23:25:22.22611","2023-08-06 21:17:00","244.00",3,"2023-08-06 23:25:22.22611","179","8","1"
"1482","2025-06-02 00:00:00","CERRADA","2025-06-02 00:00:00","2025-06-02 00:00:00","155.00",1,"2025-06-02 00:00:00","1","12","1"
"1483","2024-05-10 20:26:00","CERRADA","2024-05-10 21:43:18.478094","2024-05-10 20:26:00","217.00",5,"2024-05-10 21:43:18.478094","277","12","1"
"1484","2025-02-21 20:07:00","CERRADA","2025-02-21 22:39:57.270626","2025-02-21 20:07:00","68.00",1,"2025-02-21 22:39:57.270626","163","14","1"
"1485","2023-12-14 13:53:00","CERRADA","2023-12-14 15:14:44.914267","2023-12-14 13:53:00","82.00",7,"2023-12-14 15:14:44.914267","34","9","1"
"1486","2024-05-10 20:44:00","CERRADA","2024-05-10 23:37:53.01521","2024-05-10 20:44:00","161.00",2,"2024-05-10 23:37:53.01521","255","12","1"
"1487","2023-08-21 14:11:00","CERRADA","2023-08-21 16:35:52.29325","2023-08-21 14:11:00","465.00",8,"2023-08-21 16:35:52.29325","210","7","1"
"1488","2023-12-08 14:41:00","CERRADA","2023-12-08 16:56:57.652746","2023-12-08 14:41:00","145.00",2,"2023-12-08 16:56:57.652746","1","8","1"
"1489","2023-12-22 12:43:00","CERRADA","2023-12-22 14:27:46.658268","2023-12-22 12:43:00","300.00",5,"2023-12-22 14:27:46.658268","50","9","1"
"1490","2024-12-03 20:23:00","CERRADA","2024-12-03 23:06:07.382094","2024-12-03 20:23:00","192.00",1,"2024-12-03 23:06:07.382094","272","1","1"
"1491","2023-12-08 12:55:00","CERRADA","2023-12-08 15:16:58.903805","2023-12-08 12:55:00","237.00",8,"2023-12-08 15:16:58.903805","1","4","1"
"1492","2024-08-26 13:32:00","CERRADA","2024-08-26 14:49:51.71823","2024-08-26 13:32:00","73.00",3,"2024-08-26 14:49:51.71823","193","10","1"
"1493","2024-12-03 12:51:00","CERRADA","2024-12-03 15:43:06.585351","2024-12-03 12:51:00","133.00",1,"2024-12-03 15:43:06.585351","1","1","1"
"1494","2025-05-02 12:31:00","CERRADA","2025-05-02 13:54:10.749815","2025-05-02 12:31:00","297.00",6,"2025-05-02 13:54:10.749815","1","2","1"
"1495","2024-09-02 12:21:00","CERRADA","2024-09-02 13:50:32.799631","2024-09-02 12:21:00","167.00",7,"2024-09-02 13:50:32.799631","174","8","1"
"1496","2023-07-14 19:51:00","CERRADA","2023-07-14 22:32:13.929847","2023-07-14 19:51:00","129.00",7,"2023-07-14 22:32:13.929847","253","4","1"
"1497","2025-04-11 20:36:00","CERRADA","2025-04-11 23:00:15.882536","2025-04-11 20:36:00","273.00",2,"2025-04-11 23:00:15.882536","52","14","1"
"1498","2024-03-22 13:18:00","CERRADA","2024-03-22 16:11:18.580418","2024-03-22 13:18:00","347.00",4,"2024-03-22 16:11:18.580418","281","11","1"
"1499","2024-12-18 19:39:00","CERRADA","2024-12-18 21:25:39.422316","2024-12-18 19:39:00","58.00",2,"2024-12-18 21:25:39.422316","224","7","1"
"1500","2024-07-23 14:57:00","CERRADA","2024-07-23 17:07:29.782985","2024-07-23 14:57:00","94.00",1,"2024-07-23 17:07:29.782985","149","13","1"
"1501","2025-06-02 00:00:00","CERRADA","2025-06-02 00:00:00","2025-06-02 00:00:00","416.00",3,"2025-06-02 00:00:00","1","9","1"
"1502","2024-08-08 21:44:00","CERRADA","2024-08-08 22:49:21.989102","2024-08-08 21:44:00","242.00",7,"2024-08-08 22:49:21.989102","277","1","1"
"1503","2025-06-02 00:00:00","CERRADA","2025-06-02 00:00:00","2025-06-02 00:00:00","259.00",4,"2025-06-02 00:00:00","236","3","1"
"1504","2023-12-29 14:00:00","CERRADA","2023-12-29 16:48:31.649747","2023-12-29 14:00:00","278.00",7,"2023-12-29 16:48:31.649747","25","15","1"
"1505","2024-01-26 12:09:00","CERRADA","2024-01-26 13:26:00.01982","2024-01-26 12:09:00","48.00",7,"2024-01-26 13:26:00.01982","171","3","1"
"1506","2025-05-02 21:19:00","CERRADA","2025-05-02 22:43:35.109222","2025-05-02 21:19:00","192.00",7,"2025-05-02 22:43:35.109222","134","15","1"
"1507","2024-07-25 19:24:00","CERRADA","2024-07-25 20:57:22.224121","2024-07-25 19:24:00","59.00",5,"2024-07-25 20:57:22.224121","1","12","1"
"1508","2024-02-16 19:02:00","CERRADA","2024-02-16 21:25:31.212718","2024-02-16 19:02:00","142.00",8,"2024-02-16 21:25:31.212718","1","14","1"
"1509","2023-09-29 12:11:00","CERRADA","2023-09-29 14:15:25.965879","2023-09-29 12:11:00","280.00",2,"2023-09-29 14:15:25.965879","116","2","1"
"1510","2024-12-22 14:06:00","CERRADA","2024-12-22 16:37:19.122866","2024-12-22 14:06:00","197.00",7,"2024-12-22 16:37:19.122866","133","11","1"
"1511","2023-12-29 19:30:00","CERRADA","2023-12-29 20:43:07.276042","2023-12-29 19:30:00","345.00",8,"2023-12-29 20:43:07.276042","105","2","1"
"1512","2025-06-02 00:00:00","CERRADA","2025-06-02 00:00:00","2025-06-02 00:00:00","124.00",2,"2025-06-02 00:00:00","200","3","1"
"1513","2024-07-03 13:21:00","CERRADA","2024-07-03 16:04:08.3104","2024-07-03 13:21:00","389.00",4,"2024-07-03 16:04:08.3104","23","11","1"
"1514","2023-12-24 19:09:00","CERRADA","2023-12-24 22:02:37.113284","2023-12-24 19:09:00","237.00",8,"2023-12-24 22:02:37.113284","91","6","1"
"1515","2024-05-10 19:04:00","CERRADA","2024-05-10 21:45:12.640581","2024-05-10 19:04:00","262.00",4,"2024-05-10 21:45:12.640581","117","3","1"
"1516","2023-10-27 12:43:00","CERRADA","2023-10-27 13:50:48.945698","2023-10-27 12:43:00","198.00",3,"2023-10-27 13:50:48.945698","149","9","1"
"1517","2024-07-26 21:14:00","CERRADA","2024-07-26 22:14:42.491576","2024-07-26 21:14:00","620.00",3,"2024-07-26 22:14:42.491576","10","10","1"
"1518","2025-06-02 00:00:00","CERRADA","2025-06-02 00:00:00","2025-06-02 00:00:00","251.00",7,"2025-06-02 00:00:00","31","14","1"
"1519","2024-03-17 21:15:00","CERRADA","2024-03-17 23:36:56.744443","2024-03-17 21:15:00","70.00",7,"2024-03-17 23:36:56.744443","245","15","1"
"1520","2024-12-04 14:14:00","CERRADA","2024-12-04 15:31:19.733288","2024-12-04 14:14:00","119.00",8,"2024-12-04 15:31:19.733288","178","11","1"
"1521","2023-08-17 13:02:00","CERRADA","2023-08-17 14:57:11.510901","2023-08-17 13:02:00","312.00",5,"2023-08-17 14:57:11.510901","91","7","1"
"1522","2024-07-19 13:25:00","CERRADA","2024-07-19 15:15:32.212716","2024-07-19 13:25:00","135.00",4,"2024-07-19 15:15:32.212716","279","14","1"
"1523","2024-09-20 19:08:00","CERRADA","2024-09-20 21:34:47.815515","2024-09-20 19:08:00","237.00",7,"2024-09-20 21:34:47.815515","233","8","1"
"1524","2025-01-10 21:50:00","CERRADA","2025-01-11 00:04:15.909009","2025-01-10 21:50:00","204.00",4,"2025-01-11 00:04:15.909009","113","12","1"
"1525","2024-07-19 19:06:00","CERRADA","2024-07-19 21:11:08.366685","2024-07-19 19:06:00","241.00",7,"2024-07-19 21:11:08.366685","1","9","1"
"1526","2024-01-12 21:24:00","CERRADA","2024-01-13 00:16:27.278229","2024-01-12 21:24:00","194.00",4,"2024-01-13 00:16:27.278229","213","1","1"
"1527","2024-07-05 21:43:00","CERRADA","2024-07-05 23:50:36.220835","2024-07-05 21:43:00","93.00",4,"2024-07-05 23:50:36.220835","228","1","1"
"1528","2023-11-03 21:08:00","CERRADA","2023-11-03 23:39:30.865942","2023-11-03 21:08:00","264.00",4,"2023-11-03 23:39:30.865942","207","10","1"
"1529","2025-06-02 00:00:00","CERRADA","2025-06-02 00:00:00","2025-06-02 00:00:00","72.00",1,"2025-06-02 00:00:00","273","12","1"
"1530","2023-12-26 14:53:00","CERRADA","2023-12-26 16:00:55.366207","2023-12-26 14:53:00","309.00",6,"2023-12-26 16:00:55.366207","48","6","1"
"1531","2024-08-04 12:51:00","CERRADA","2024-08-04 14:58:25.590403","2024-08-04 12:51:00","149.00",8,"2024-08-04 14:58:25.590403","163","10","1"
"1532","2024-08-02 19:10:00","CERRADA","2024-08-02 21:17:23.981314","2024-08-02 19:10:00","261.00",3,"2024-08-02 21:17:23.981314","1","3","1"
"1533","2023-08-26 12:48:00","CERRADA","2023-08-26 13:52:43.524091","2023-08-26 12:48:00","355.00",4,"2023-08-26 13:52:43.524091","145","12","1"
"1534","2024-12-04 14:59:00","CERRADA","2024-12-04 16:51:54.742927","2024-12-04 14:59:00","121.00",7,"2024-12-04 16:51:54.742927","1","8","1"
"1535","2024-10-17 14:05:00","CERRADA","2024-10-17 16:51:22.733079","2024-10-17 14:05:00","175.00",1,"2024-10-17 16:51:22.733079","231","15","1"
"1536","2025-06-02 00:00:00","CERRADA","2025-06-02 00:00:00","2025-06-02 00:00:00","231.00",5,"2025-06-02 00:00:00","71","10","1"
"1537","2023-06-18 13:23:00","CERRADA","2023-06-18 16:05:09.020347","2023-06-18 13:23:00","178.00",8,"2023-06-18 16:05:09.020347","44","6","1"
"1538","2024-12-18 13:44:00","CERRADA","2024-12-18 15:20:47.780059","2024-12-18 13:44:00","233.00",1,"2024-12-18 15:20:47.780059","145","9","1"
"1539","2024-03-07 19:42:00","CERRADA","2024-03-07 20:51:37.758139","2024-03-07 19:42:00","231.00",1,"2024-03-07 20:51:37.758139","223","6","1"
"1540","2025-01-10 19:24:00","CERRADA","2025-01-10 21:10:36.459373","2025-01-10 19:24:00","212.00",1,"2025-01-10 21:10:36.459373","68","14","1"
"1541","2024-05-10 19:26:00","CERRADA","2024-05-10 21:50:52.419738","2024-05-10 19:26:00","297.00",7,"2024-05-10 21:50:52.419738","140","12","1"
"1542","2024-12-20 12:58:00","CERRADA","2024-12-20 14:51:59.094396","2024-12-20 12:58:00","250.00",5,"2024-12-20 14:51:59.094396","179","12","1"
"1543","2023-06-25 12:15:00","CERRADA","2023-06-25 13:23:55.785315","2023-06-25 12:15:00","183.00",2,"2023-06-25 13:23:55.785315","165","14","1"
"1544","2023-08-30 12:47:00","CERRADA","2023-08-30 15:23:50.300965","2023-08-30 12:47:00","100.00",4,"2023-08-30 15:23:50.300965","80","10","1"
"1545","2023-11-10 19:40:00","CERRADA","2023-11-10 22:24:48.490337","2023-11-10 19:40:00","340.00",2,"2023-11-10 22:24:48.490337","1","10","1"
"1546","2023-07-29 21:59:00","CERRADA","2023-07-29 23:08:44.320317","2023-07-29 21:59:00","104.00",2,"2023-07-29 23:08:44.320317","1","2","1"
"1547","2025-06-02 00:00:00","CERRADA","2025-06-02 00:00:00","2025-06-02 00:00:00","114.00",7,"2025-06-02 00:00:00","48","1","1"
"1548","2025-02-10 21:43:00","CERRADA","2025-02-10 23:54:01.046766","2025-02-10 21:43:00","268.00",8,"2025-02-10 23:54:01.046766","103","12","1"
"1549","2024-07-08 14:09:00","CERRADA","2024-07-08 16:54:22.871869","2024-07-08 14:09:00","173.00",3,"2024-07-08 16:54:22.871869","1","8","1"
"1550","2025-06-02 00:00:00","CERRADA","2025-06-02 00:00:00","2025-06-02 00:00:00","232.00",2,"2025-06-02 00:00:00","98","12","1"
"1551","2024-08-01 14:47:00","CERRADA","2024-08-01 16:15:53.548997","2024-08-01 14:47:00","266.00",7,"2024-08-01 16:15:53.548997","1","5","1"
"1552","2023-08-11 21:03:00","CERRADA","2023-08-11 23:17:22.886797","2023-08-11 21:03:00","178.00",3,"2023-08-11 23:17:22.886797","130","5","1"
"1553","2023-06-14 14:37:00","CERRADA","2023-06-14 17:09:33.979982","2023-06-14 14:37:00","59.00",8,"2023-06-14 17:09:33.979982","1","2","1"
"1554","2025-01-10 19:22:00","CERRADA","2025-01-10 21:51:03.787058","2025-01-10 19:22:00","239.00",2,"2025-01-10 21:51:03.787058","1","12","1"
"1555","2024-04-19 13:37:00","CERRADA","2024-04-19 14:57:27.981164","2024-04-19 13:37:00","64.00",8,"2024-04-19 14:57:27.981164","257","5","1"
"1556","2024-04-29 19:29:00","CERRADA","2024-04-29 22:13:14.512787","2024-04-29 19:29:00","87.00",8,"2024-04-29 22:13:14.512787","211","8","1"
"1557","2024-08-04 14:24:00","CERRADA","2024-08-04 17:22:46.287364","2024-08-04 14:24:00","194.00",7,"2024-08-04 17:22:46.287364","80","3","1"
"1558","2024-08-19 13:09:00","CERRADA","2024-08-19 15:20:09.147578","2024-08-19 13:09:00","136.00",1,"2024-08-19 15:20:09.147578","206","6","1"
"1559","2024-09-27 12:31:00","CERRADA","2024-09-27 14:18:04.069663","2024-09-27 12:31:00","287.00",7,"2024-09-27 14:18:04.069663","50","1","1"
"1560","2023-12-15 19:27:00","CERRADA","2023-12-15 22:20:40.782415","2023-12-15 19:27:00","198.00",4,"2023-12-15 22:20:40.782415","283","5","1"
"1561","2023-08-09 20:18:00","CERRADA","2023-08-09 21:34:58.640125","2023-08-09 20:18:00","382.00",2,"2023-08-09 21:34:58.640125","32","6","1"
"1562","2024-08-02 21:10:00","CERRADA","2024-08-02 22:50:37.779663","2024-08-02 21:10:00","155.00",4,"2024-08-02 22:50:37.779663","255","13","1"
"1563","2025-06-02 00:00:00","CERRADA","2025-06-02 00:00:00","2025-06-02 00:00:00","266.00",2,"2025-06-02 00:00:00","221","10","1"
"1564","2023-06-23 13:20:00","CERRADA","2023-06-23 15:42:35.628789","2023-06-23 13:20:00","246.00",2,"2023-06-23 15:42:35.628789","291","8","1"
"1565","2025-03-12 14:35:00","CERRADA","2025-03-12 16:15:53.452827","2025-03-12 14:35:00","205.00",6,"2025-03-12 16:15:53.452827","1","15","1"
"1566","2023-10-10 20:58:00","CERRADA","2023-10-10 22:25:28.272248","2023-10-10 20:58:00","148.00",4,"2023-10-10 22:25:28.272248","1","12","1"
"1567","2024-10-18 14:32:00","CERRADA","2024-10-18 17:17:41.242777","2024-10-18 14:32:00","245.00",4,"2024-10-18 17:17:41.242777","123","14","1"
"1568","2023-08-25 21:17:00","CERRADA","2023-08-25 22:25:01.863219","2023-08-25 21:17:00","281.00",6,"2023-08-25 22:25:01.863219","77","10","1"
"1569","2025-05-30 12:30:00","CERRADA","2025-05-30 13:59:35.41644","2025-05-30 12:30:00","185.00",5,"2025-05-30 13:59:35.41644","100","13","1"
"1570","2025-06-02 00:00:00","CERRADA","2025-06-02 00:00:00","2025-06-02 00:00:00","82.00",8,"2025-06-02 00:00:00","169","6","1"
"1571","2024-03-30 13:33:00","CERRADA","2024-03-30 16:08:51.70919","2024-03-30 13:33:00","546.00",2,"2024-03-30 16:08:51.70919","98","15","1"
"1572","2024-07-05 12:41:00","CERRADA","2024-07-05 14:58:16.715614","2024-07-05 12:41:00","168.00",1,"2024-07-05 14:58:16.715614","194","7","1"
"1573","2024-09-01 20:28:00","CERRADA","2024-09-01 22:59:00.923283","2024-09-01 20:28:00","268.00",3,"2024-09-01 22:59:00.923283","190","8","1"
"1574","2023-12-21 13:37:00","CERRADA","2023-12-21 14:52:25.456917","2023-12-21 13:37:00","82.00",5,"2023-12-21 14:52:25.456917","142","8","1"
"1575","2024-05-03 14:53:00","CERRADA","2024-05-03 17:19:27.608977","2024-05-03 14:53:00","31.00",1,"2024-05-03 17:19:27.608977","1","2","1"
"1576","2024-07-12 12:41:00","CERRADA","2024-07-12 14:14:56.944216","2024-07-12 12:41:00","153.00",6,"2024-07-12 14:14:56.944216","224","11","1"
"1577","2025-06-02 00:00:00","CERRADA","2025-06-02 00:00:00","2025-06-02 00:00:00","118.00",1,"2025-06-02 00:00:00","293","1","1"
"1578","2024-06-07 12:31:00","CERRADA","2024-06-07 14:19:04.03111","2024-06-07 12:31:00","189.00",6,"2024-06-07 14:19:04.03111","122","2","1"
"1579","2025-05-16 13:28:00","CERRADA","2025-05-16 14:47:05.235288","2025-05-16 13:28:00","180.00",7,"2025-05-16 14:47:05.235288","215","11","1"
"1580","2024-01-26 20:01:00","CERRADA","2024-01-26 21:07:17.878331","2024-01-26 20:01:00","103.00",5,"2024-01-26 21:07:17.878331","1","14","1"
"1581","2023-07-21 13:55:00","CERRADA","2023-07-21 15:11:31.246417","2023-07-21 13:55:00","182.00",8,"2023-07-21 15:11:31.246417","1","4","1"
"1582","2023-07-23 21:45:00","CERRADA","2023-07-24 00:08:39.298164","2023-07-23 21:45:00","82.00",7,"2023-07-24 00:08:39.298164","200","13","1"
"1583","2024-01-05 14:44:00","CERRADA","2024-01-05 15:53:40.517556","2024-01-05 14:44:00","114.00",1,"2024-01-05 15:53:40.517556","22","4","1"
"1584","2024-07-12 21:47:00","CERRADA","2024-07-13 00:01:44.101328","2024-07-12 21:47:00","88.00",3,"2024-07-13 00:01:44.101328","1","9","1"
"1585","2023-11-12 14:21:00","CERRADA","2023-11-12 15:44:29.561526","2023-11-12 14:21:00","218.00",7,"2023-11-12 15:44:29.561526","193","9","1"
"1586","2025-06-02 00:00:00","CERRADA","2025-06-02 00:00:00","2025-06-02 00:00:00","200.00",2,"2025-06-02 00:00:00","1","7","1"
"1587","2024-07-02 13:12:00","CERRADA","2024-07-02 15:43:10.266826","2024-07-02 13:12:00","555.00",1,"2024-07-02 15:43:10.266826","96","2","1"
"1588","2025-01-29 12:41:00","CERRADA","2025-01-29 14:56:08.046961","2025-01-29 12:41:00","178.00",4,"2025-01-29 14:56:08.046961","154","14","1"
"1589","2024-04-19 14:13:00","CERRADA","2024-04-19 16:12:57.067538","2024-04-19 14:13:00","124.00",1,"2024-04-19 16:12:57.067538","131","4","1"
"1590","2025-02-07 19:35:00","CERRADA","2025-02-07 21:46:36.530697","2025-02-07 19:35:00","313.00",7,"2025-02-07 21:46:36.530697","169","8","1"
"1591","2023-08-20 12:39:00","CERRADA","2023-08-20 13:45:00.201888","2023-08-20 12:39:00","289.00",4,"2023-08-20 13:45:00.201888","1","11","1"
"1592","2024-04-12 13:06:00","CERRADA","2024-04-12 14:12:25.472455","2024-04-12 13:06:00","156.00",1,"2024-04-12 14:12:25.472455","142","15","1"
"1593","2023-08-18 14:49:00","CERRADA","2023-08-18 15:53:11.947827","2023-08-18 14:49:00","218.00",6,"2023-08-18 15:53:11.947827","99","7","1"
"1594","2023-12-29 21:50:00","CERRADA","2023-12-29 22:53:38.646752","2023-12-29 21:50:00","40.00",8,"2023-12-29 22:53:38.646752","74","5","1"
"1595","2023-06-16 19:55:00","CERRADA","2023-06-16 22:41:22.368041","2023-06-16 19:55:00","107.00",3,"2023-06-16 22:41:22.368041","1","8","1"
"1596","2025-06-02 00:00:00","CERRADA","2025-06-02 00:00:00","2025-06-02 00:00:00","160.00",1,"2025-06-02 00:00:00","141","5","1"
"1597","2024-08-17 12:36:00","CERRADA","2024-08-17 15:23:41.338415","2024-08-17 12:36:00","350.00",8,"2024-08-17 15:23:41.338415","17","1","1"
"1598","2024-12-04 14:55:00","CERRADA","2024-12-04 16:17:34.102666","2024-12-04 14:55:00","267.00",5,"2024-12-04 16:17:34.102666","145","12","1"
"1599","2024-12-29 21:31:00","CERRADA","2024-12-30 00:06:02.139164","2024-12-29 21:31:00","244.00",1,"2024-12-30 00:06:02.139164","2","11","1"
"1600","2023-09-01 19:34:00","CERRADA","2023-09-01 20:53:40.041953","2023-09-01 19:34:00","127.00",6,"2023-09-01 20:53:40.041953","26","5","1"
"1601","2024-04-25 13:37:00","CERRADA","2024-04-25 15:25:12.810186","2024-04-25 13:37:00","228.00",3,"2024-04-25 15:25:12.810186","192","12","1"
"1602","2023-10-31 19:43:00","CERRADA","2023-10-31 21:48:04.333864","2023-10-31 19:43:00","217.00",5,"2023-10-31 21:48:04.333864","179","13","1"
"1603","2023-10-20 19:28:00","CERRADA","2023-10-20 21:58:26.663869","2023-10-20 19:28:00","257.00",5,"2023-10-20 21:58:26.663869","223","2","1"
"1604","2024-05-24 21:09:00","CERRADA","2024-05-24 23:20:51.306346","2024-05-24 21:09:00","86.00",1,"2024-05-24 23:20:51.306346","1","3","1"
"1605","2023-12-29 19:56:00","CERRADA","2023-12-29 21:09:25.535709","2023-12-29 19:56:00","262.00",3,"2023-12-29 21:09:25.535709","83","14","1"
"1606","2025-01-17 21:10:00","CERRADA","2025-01-17 23:38:45.921101","2025-01-17 21:10:00","132.00",2,"2025-01-17 23:38:45.921101","23","9","1"
"1607","2024-04-30 20:59:00","CERRADA","2024-04-30 22:46:23.715738","2024-04-30 20:59:00","275.00",2,"2024-04-30 22:46:23.715738","173","8","1"
"1608","2024-07-23 13:40:00","CERRADA","2024-07-23 15:57:16.096329","2024-07-23 13:40:00","196.00",6,"2024-07-23 15:57:16.096329","203","4","1"
"1609","2024-10-30 12:44:00","CERRADA","2024-10-30 15:38:00.796332","2024-10-30 12:44:00","250.00",1,"2024-10-30 15:38:00.796332","98","12","1"
"1610","2024-12-07 13:01:00","CERRADA","2024-12-07 14:02:56.783972","2024-12-07 13:01:00","176.00",4,"2024-12-07 14:02:56.783972","209","5","1"
"1611","2023-08-11 19:22:00","CERRADA","2023-08-11 21:41:23.412366","2023-08-11 19:22:00","211.00",2,"2023-08-11 21:41:23.412366","108","3","1"
"1612","2024-06-21 20:58:00","CERRADA","2024-06-21 22:55:24.764291","2024-06-21 20:58:00","114.00",7,"2024-06-21 22:55:24.764291","155","6","1"
"1613","2023-07-07 14:44:00","CERRADA","2023-07-07 16:40:49.901915","2023-07-07 14:44:00","350.00",8,"2023-07-07 16:40:49.901915","23","11","1"
"1614","2024-08-07 14:43:00","CERRADA","2024-08-07 16:41:50.220937","2024-08-07 14:43:00","97.00",2,"2024-08-07 16:41:50.220937","1","13","1"
"1615","2024-07-04 21:53:00","CERRADA","2024-07-05 00:18:52.381126","2024-07-04 21:53:00","447.00",2,"2024-07-05 00:18:52.381126","21","8","1"
"1616","2024-05-17 12:20:00","CERRADA","2024-05-17 13:57:10.657762","2024-05-17 12:20:00","361.00",7,"2024-05-17 13:57:10.657762","1","8","1"
"1617","2024-12-09 13:37:00","CERRADA","2024-12-09 16:20:31.560148","2024-12-09 13:37:00","78.00",8,"2024-12-09 16:20:31.560148","1","14","1"
"1618","2023-08-11 21:36:00","CERRADA","2023-08-11 23:22:34.882382","2023-08-11 21:36:00","111.00",8,"2023-08-11 23:22:34.882382","1","15","1"
"1619","2024-02-16 19:11:00","CERRADA","2024-02-16 21:59:16.284563","2024-02-16 19:11:00","194.00",1,"2024-02-16 21:59:16.284563","1","11","1"
"1620","2025-06-02 00:00:00","CERRADA","2025-06-02 00:00:00","2025-06-02 00:00:00","402.00",5,"2025-06-02 00:00:00","85","1","1"
"1621","2024-08-21 21:37:00","CERRADA","2024-08-22 00:18:27.876615","2024-08-21 21:37:00","147.00",3,"2024-08-22 00:18:27.876615","200","13","1"
"1622","2023-12-15 20:01:00","CERRADA","2023-12-15 21:53:34.30052","2023-12-15 20:01:00","84.00",2,"2023-12-15 21:53:34.30052","229","13","1"
"1623","2025-03-14 12:17:00","CERRADA","2025-03-14 14:09:21.296101","2025-03-14 12:17:00","81.00",6,"2025-03-14 14:09:21.296101","222","1","1"
"1624","2024-02-26 19:25:00","CERRADA","2024-02-26 21:25:51.217689","2024-02-26 19:25:00","38.00",2,"2024-02-26 21:25:51.217689","36","2","1"
"1625","2023-07-17 19:42:00","CERRADA","2023-07-17 22:41:34.947178","2023-07-17 19:42:00","406.00",1,"2023-07-17 22:41:34.947178","72","2","1"
"1626","2025-04-04 20:02:00","CERRADA","2025-04-04 21:29:52.187709","2025-04-04 20:02:00","237.00",2,"2025-04-04 21:29:52.187709","136","8","1"
"1627","2023-06-16 12:07:00","CERRADA","2023-06-16 14:09:56.854491","2023-06-16 12:07:00","133.00",7,"2023-06-16 14:09:56.854491","70","12","1"
"1628","2023-08-20 13:12:00","CERRADA","2023-08-20 15:31:41.061734","2023-08-20 13:12:00","86.00",5,"2023-08-20 15:31:41.061734","273","1","1"
"1629","2024-07-05 12:09:00","CERRADA","2024-07-05 14:29:02.992905","2024-07-05 12:09:00","448.00",3,"2024-07-05 14:29:02.992905","111","2","1"
"1630","2024-10-04 20:10:00","CERRADA","2024-10-04 21:39:38.888313","2024-10-04 20:10:00","164.00",2,"2024-10-04 21:39:38.888313","1","3","1"
"1631","2024-01-18 19:02:00","CERRADA","2024-01-18 21:46:28.814831","2024-01-18 19:02:00","147.00",6,"2024-01-18 21:46:28.814831","1","14","1"
"1632","2025-04-19 19:38:00","CERRADA","2025-04-19 22:18:21.881579","2025-04-19 19:38:00","189.00",4,"2025-04-19 22:18:21.881579","1","1","1"
"1633","2025-03-24 13:38:00","CERRADA","2025-03-24 15:40:33.061131","2025-03-24 13:38:00","475.00",7,"2025-03-24 15:40:33.061131","67","8","1"
"1634","2024-08-02 13:49:00","CERRADA","2024-08-02 16:05:58.080874","2024-08-02 13:49:00","41.00",1,"2024-08-02 16:05:58.080874","40","7","1"
"1635","2025-03-28 14:53:00","CERRADA","2025-03-28 16:57:14.094866","2025-03-28 14:53:00","322.00",8,"2025-03-28 16:57:14.094866","203","5","1"
"1636","2024-11-08 21:37:00","CERRADA","2024-11-09 00:00:25.796844","2024-11-08 21:37:00","190.00",8,"2024-11-09 00:00:25.796844","159","14","1"
"1637","2024-09-27 14:34:00","CERRADA","2024-09-27 16:36:02.382579","2024-09-27 14:34:00","106.00",3,"2024-09-27 16:36:02.382579","1","10","1"
"1638","2024-03-05 13:20:00","CERRADA","2024-03-05 16:11:13.102833","2024-03-05 13:20:00","87.00",5,"2024-03-05 16:11:13.102833","130","11","1"
"1639","2024-08-23 20:43:00","CERRADA","2024-08-23 22:32:23.082555","2024-08-23 20:43:00","246.00",4,"2024-08-23 22:32:23.082555","124","10","1"
"1640","2025-06-02 00:00:00","CERRADA","2025-06-02 00:00:00","2025-06-02 00:00:00","139.00",4,"2025-06-02 00:00:00","219","11","1"
"1641","2023-12-28 13:07:00","CERRADA","2023-12-28 15:33:57.067429","2023-12-28 13:07:00","235.00",6,"2023-12-28 15:33:57.067429","279","9","1"
"1642","2023-12-29 14:11:00","CERRADA","2023-12-29 16:57:28.367503","2023-12-29 14:11:00","112.00",4,"2023-12-29 16:57:28.367503","1","11","1"
"1643","2024-07-12 20:29:00","CERRADA","2024-07-12 22:33:29.34203","2024-07-12 20:29:00","67.00",4,"2024-07-12 22:33:29.34203","1","6","1"
"1644","2024-06-21 12:04:00","CERRADA","2024-06-21 13:26:40.282238","2024-06-21 12:04:00","421.00",2,"2024-06-21 13:26:40.282238","38","5","1"
"1645","2024-09-09 14:32:00","CERRADA","2024-09-09 16:40:05.666214","2024-09-09 14:32:00","163.00",8,"2024-09-09 16:40:05.666214","1","15","1"
"1646","2025-01-31 14:07:00","CERRADA","2025-01-31 15:23:46.037013","2025-01-31 14:07:00","312.00",8,"2025-01-31 15:23:46.037013","28","7","1"
"1647","2024-03-15 13:50:00","CERRADA","2024-03-15 15:01:30.412505","2024-03-15 13:50:00","283.00",2,"2024-03-15 15:01:30.412505","29","1","1"
"1648","2023-07-12 12:07:00","CERRADA","2023-07-12 13:47:30.762433","2023-07-12 12:07:00","247.00",4,"2023-07-12 13:47:30.762433","1","7","1"
"1649","2024-02-09 20:48:00","CERRADA","2024-02-09 22:20:00.497592","2024-02-09 20:48:00","202.00",7,"2024-02-09 22:20:00.497592","143","5","1"
"1650","2024-12-20 13:51:00","CERRADA","2024-12-20 16:46:58.077934","2024-12-20 13:51:00","83.00",1,"2024-12-20 16:46:58.077934","123","3","1"
"1651","2023-11-17 14:51:00","CERRADA","2023-11-17 16:49:21.050956","2023-11-17 14:51:00","233.00",1,"2023-11-17 16:49:21.050956","279","10","1"
"1652","2024-09-14 13:17:00","CERRADA","2024-09-14 14:29:53.185748","2024-09-14 13:17:00","368.00",4,"2024-09-14 14:29:53.185748","210","4","1"
"1653","2024-07-06 19:45:00","CERRADA","2024-07-06 21:38:17.758096","2024-07-06 19:45:00","310.00",7,"2024-07-06 21:38:17.758096","159","7","1"
"1654","2023-12-30 19:27:00","CERRADA","2023-12-30 22:01:45.031854","2023-12-30 19:27:00","98.00",7,"2023-12-30 22:01:45.031854","198","14","1"
"1655","2024-11-02 20:13:00","CERRADA","2024-11-02 21:57:45.31958","2024-11-02 20:13:00","72.00",8,"2024-11-02 21:57:45.31958","166","1","1"
"1656","2024-01-05 14:15:00","CERRADA","2024-01-05 16:40:47.523252","2024-01-05 14:15:00","71.00",7,"2024-01-05 16:40:47.523252","195","3","1"
"1657","2023-06-26 21:44:00","CERRADA","2023-06-26 22:51:45.803707","2023-06-26 21:44:00","269.00",8,"2023-06-26 22:51:45.803707","1","7","1"
"1658","2024-06-07 21:28:00","CERRADA","2024-06-08 00:17:06.153854","2024-06-07 21:28:00","544.00",6,"2024-06-08 00:17:06.153854","13","7","1"
"1659","2024-03-08 19:10:00","CERRADA","2024-03-08 20:30:13.499927","2024-03-08 19:10:00","262.00",4,"2024-03-08 20:30:13.499927","132","6","1"
"1660","2023-07-09 13:05:00","CERRADA","2023-07-09 15:29:51.152747","2023-07-09 13:05:00","164.00",4,"2023-07-09 15:29:51.152747","1","11","1"
"1661","2023-08-25 13:18:00","CERRADA","2023-08-25 14:34:59.765077","2023-08-25 13:18:00","202.00",5,"2023-08-25 14:34:59.765077","285","1","1"
"1662","2024-07-19 20:03:00","CERRADA","2024-07-19 22:11:42.785156","2024-07-19 20:03:00","273.00",7,"2024-07-19 22:11:42.785156","97","4","1"
"1663","2024-03-29 13:15:00","CERRADA","2024-03-29 14:17:03.709048","2024-03-29 13:15:00","49.00",3,"2024-03-29 14:17:03.709048","1","14","1"
"1664","2023-08-09 13:34:00","CERRADA","2023-08-09 14:48:53.788421","2023-08-09 13:34:00","135.00",2,"2023-08-09 14:48:53.788421","1","10","1"
"1665","2023-07-10 14:54:00","CERRADA","2023-07-10 16:14:36.920738","2023-07-10 14:54:00","212.00",3,"2023-07-10 16:14:36.920738","190","12","1"
"1666","2024-07-12 13:54:00","CERRADA","2024-07-12 15:09:52.495081","2024-07-12 13:54:00","878.00",1,"2024-07-12 15:09:52.495081","12","9","1"
"1667","2025-01-09 19:11:00","CERRADA","2025-01-09 21:36:13.506126","2025-01-09 19:11:00","62.00",6,"2025-01-09 21:36:13.506126","1","14","1"
"1668","2023-08-09 14:29:00","CERRADA","2023-08-09 16:32:28.029975","2023-08-09 14:29:00","210.00",1,"2023-08-09 16:32:28.029975","84","11","1"
"1669","2024-11-22 20:22:00","CERRADA","2024-11-22 22:56:21.969992","2024-11-22 20:22:00","273.00",7,"2024-11-22 22:56:21.969992","204","9","1"
"1670","2024-08-19 13:51:00","CERRADA","2024-08-19 14:55:22.200051","2024-08-19 13:51:00","158.00",5,"2024-08-19 14:55:22.200051","209","13","1"
"1671","2023-09-28 19:19:00","CERRADA","2023-09-28 21:03:50.088595","2023-09-28 19:19:00","188.00",5,"2023-09-28 21:03:50.088595","190","14","1"
"1672","2024-01-12 13:28:00","CERRADA","2024-01-12 16:11:49.419686","2024-01-12 13:28:00","480.00",1,"2024-01-12 16:11:49.419686","103","13","1"
"1673","2025-03-27 13:01:00","CERRADA","2025-03-27 15:49:03.625758","2025-03-27 13:01:00","195.00",3,"2025-03-27 15:49:03.625758","1","12","1"
"1674","2024-07-19 13:29:00","CERRADA","2024-07-19 14:44:38.981585","2024-07-19 13:29:00","72.00",8,"2024-07-19 14:44:38.981585","1","5","1"
"1675","2025-06-02 00:00:00","CERRADA","2025-06-02 00:00:00","2025-06-02 00:00:00","104.00",3,"2025-06-02 00:00:00","1","4","1"
"1676","2023-08-25 20:35:00","CERRADA","2023-08-25 22:32:15.178312","2023-08-25 20:35:00","372.00",7,"2023-08-25 22:32:15.178312","1","14","1"
"1677","2023-08-11 20:10:00","CERRADA","2023-08-11 21:11:19.60453","2023-08-11 20:10:00","161.00",8,"2023-08-11 21:11:19.60453","1","14","1"
"1678","2023-06-30 14:01:00","CERRADA","2023-06-30 15:54:48.182337","2023-06-30 14:01:00","350.00",1,"2023-06-30 15:54:48.182337","289","5","1"
"1679","2024-03-22 20:07:00","CERRADA","2024-03-22 22:53:01.437845","2024-03-22 20:07:00","350.00",6,"2024-03-22 22:53:01.437845","237","6","1"
"1680","2025-04-14 20:32:00","CERRADA","2025-04-14 21:40:04.482104","2025-04-14 20:32:00","134.00",1,"2025-04-14 21:40:04.482104","1","7","1"
"1681","2024-05-05 21:40:00","CERRADA","2024-05-05 23:12:03.16211","2024-05-05 21:40:00","220.00",7,"2024-05-05 23:12:03.16211","1","15","1"
"1682","2024-08-15 12:08:00","CERRADA","2024-08-15 13:31:20.35281","2024-08-15 12:08:00","355.00",7,"2024-08-15 13:31:20.35281","102","2","1"
"1683","2024-08-16 13:00:00","CERRADA","2024-08-16 15:58:55.390792","2024-08-16 13:00:00","134.00",3,"2024-08-16 15:58:55.390792","215","13","1"
"1684","2023-08-11 13:59:00","CERRADA","2023-08-11 16:19:42.804953","2023-08-11 13:59:00","471.00",8,"2023-08-11 16:19:42.804953","21","5","1"
"1685","2025-02-22 19:16:00","CERRADA","2025-02-22 21:25:14.71288","2025-02-22 19:16:00","65.00",6,"2025-02-22 21:25:14.71288","237","13","1"
"1686","2024-11-22 21:37:00","CERRADA","2024-11-22 23:39:24.347621","2024-11-22 21:37:00","207.00",6,"2024-11-22 23:39:24.347621","171","11","1"
"1687","2024-08-23 20:19:00","CERRADA","2024-08-23 22:18:51.895489","2024-08-23 20:19:00","100.00",1,"2024-08-23 22:18:51.895489","127","4","1"
"1688","2024-07-23 13:56:00","CERRADA","2024-07-23 16:50:44.472938","2024-07-23 13:56:00","161.00",5,"2024-07-23 16:50:44.472938","209","1","1"
"1689","2025-05-16 21:25:00","CERRADA","2025-05-16 23:15:18.899018","2025-05-16 21:25:00","98.00",2,"2025-05-16 23:15:18.899018","80","15","1"
"1690","2025-03-07 12:49:00","CERRADA","2025-03-07 14:26:40.490437","2025-03-07 12:49:00","199.00",3,"2025-03-07 14:26:40.490437","43","4","1"
"1691","2024-08-23 12:21:00","CERRADA","2024-08-23 15:13:30.676956","2024-08-23 12:21:00","156.00",7,"2024-08-23 15:13:30.676956","1","7","1"
"1692","2024-07-12 13:18:00","CERRADA","2024-07-12 14:47:11.298305","2024-07-12 13:18:00","46.00",8,"2024-07-12 14:47:11.298305","122","8","1"
"1693","2025-02-07 12:06:00","CERRADA","2025-02-07 13:15:51.083018","2025-02-07 12:06:00","218.00",3,"2025-02-07 13:15:51.083018","1","6","1"
"1694","2024-12-06 21:41:00","CERRADA","2024-12-06 22:59:13.591278","2024-12-06 21:41:00","162.00",3,"2024-12-06 22:59:13.591278","1","1","1"
"1695","2023-10-20 21:43:00","CERRADA","2023-10-21 00:33:10.201701","2023-10-20 21:43:00","338.00",1,"2023-10-21 00:33:10.201701","243","3","1"
"1696","2023-11-18 12:37:00","CERRADA","2023-11-18 13:46:52.889696","2023-11-18 12:37:00","240.00",1,"2023-11-18 13:46:52.889696","294","2","1"
"1697","2023-11-23 19:06:00","CERRADA","2023-11-23 20:38:04.778112","2023-11-23 19:06:00","200.00",4,"2023-11-23 20:38:04.778112","2","14","1"
"1698","2023-10-27 14:10:00","CERRADA","2023-10-27 16:27:12.940996","2023-10-27 14:10:00","277.00",5,"2023-10-27 16:27:12.940996","271","2","1"
"1699","2025-05-09 14:42:00","CERRADA","2025-05-09 16:01:32.206916","2025-05-09 14:42:00","379.00",4,"2025-05-09 16:01:32.206916","51","8","1"
"1700","2024-03-28 19:51:00","CERRADA","2024-03-28 22:42:39.579097","2024-03-28 19:51:00","240.00",5,"2024-03-28 22:42:39.579097","233","6","1"
"1701","2025-06-02 00:00:00","CERRADA","2025-06-02 00:00:00","2025-06-02 00:00:00","274.00",5,"2025-06-02 00:00:00","1","14","1"
"1702","2024-09-06 14:49:00","CERRADA","2024-09-06 16:28:55.643128","2024-09-06 14:49:00","347.00",2,"2024-09-06 16:28:55.643128","62","3","1"
"1703","2024-08-23 21:42:00","CERRADA","2024-08-23 23:48:15.265703","2024-08-23 21:42:00","48.00",8,"2024-08-23 23:48:15.265703","124","12","1"
"1704","2025-06-02 00:00:00","CERRADA","2025-06-02 00:00:00","2025-06-02 00:00:00","275.00",8,"2025-06-02 00:00:00","109","15","1"
"1705","2024-07-05 21:25:00","CERRADA","2024-07-05 23:59:02.818435","2024-07-05 21:25:00","283.00",5,"2024-07-05 23:59:02.818435","1","13","1"
"1706","2024-05-01 21:20:00","CERRADA","2024-05-02 00:14:58.068823","2024-05-01 21:20:00","171.00",3,"2024-05-02 00:14:58.068823","1","8","1"
"1707","2023-08-09 19:05:00","CERRADA","2023-08-09 21:03:25.638271","2023-08-09 19:05:00","172.00",3,"2023-08-09 21:03:25.638271","1","14","1"
"1708","2023-10-27 14:58:00","CERRADA","2023-10-27 16:22:16.238797","2023-10-27 14:58:00","137.00",1,"2023-10-27 16:22:16.238797","1","3","1"
"1709","2025-03-14 20:23:00","CERRADA","2025-03-14 22:03:27.694684","2025-03-14 20:23:00","203.00",1,"2025-03-14 22:03:27.694684","21","13","1"
"1710","2023-11-03 21:47:00","CERRADA","2023-11-03 23:47:35.864207","2023-11-03 21:47:00","152.00",4,"2023-11-03 23:47:35.864207","258","4","1"
"1711","2024-08-20 12:29:00","CERRADA","2024-08-20 15:24:41.826156","2024-08-20 12:29:00","296.00",4,"2024-08-20 15:24:41.826156","272","10","1"
"1712","2023-07-21 20:40:00","CERRADA","2023-07-21 23:35:48.617405","2023-07-21 20:40:00","84.00",8,"2023-07-21 23:35:48.617405","150","9","1"
"1713","2025-02-14 20:14:00","CERRADA","2025-02-14 22:07:54.753635","2025-02-14 20:14:00","43.00",8,"2025-02-14 22:07:54.753635","215","15","1"
"1714","2025-06-02 00:00:00","CERRADA","2025-06-02 00:00:00","2025-06-02 00:00:00","340.00",4,"2025-06-02 00:00:00","21","14","1"
"1715","2023-06-09 14:34:00","CERRADA","2023-06-09 17:11:43.857681","2023-06-09 14:34:00","158.00",7,"2023-06-09 17:11:43.857681","232","4","1"
"1716","2025-02-05 20:13:00","CERRADA","2025-02-05 22:17:05.44807","2025-02-05 20:13:00","118.00",5,"2025-02-05 22:17:05.44807","215","1","1"
"1717","2024-07-05 20:41:00","CERRADA","2024-07-05 22:05:01.850961","2024-07-05 20:41:00","220.00",4,"2024-07-05 22:05:01.850961","61","14","1"
"1718","2024-12-11 21:16:00","CERRADA","2024-12-11 22:36:16.962951","2024-12-11 21:16:00","493.00",4,"2024-12-11 22:36:16.962951","42","6","1"
"1719","2024-08-16 12:48:00","CERRADA","2024-08-16 15:39:48.538589","2024-08-16 12:48:00","104.00",3,"2024-08-16 15:39:48.538589","133","7","1"
"1720","2023-08-19 12:15:00","CERRADA","2023-08-19 13:22:55.072366","2023-08-19 12:15:00","92.00",2,"2023-08-19 13:22:55.072366","279","12","1"
"1721","2023-12-08 12:32:00","CERRADA","2023-12-08 15:03:55.198508","2023-12-08 12:32:00","182.00",5,"2023-12-08 15:03:55.198508","1","13","1"
"1722","2024-07-06 14:50:00","CERRADA","2024-07-06 16:01:02.616743","2024-07-06 14:50:00","308.00",2,"2024-07-06 16:01:02.616743","1","8","1"
"1723","2023-06-20 12:04:00","CERRADA","2023-06-20 13:23:28.503346","2023-06-20 12:04:00","441.00",5,"2023-06-20 13:23:28.503346","98","9","1"
"1724","2024-10-04 14:01:00","CERRADA","2024-10-04 15:41:49.301587","2024-10-04 14:01:00","130.00",4,"2024-10-04 15:41:49.301587","269","14","1"
"1725","2024-01-05 19:49:00","CERRADA","2024-01-05 21:59:21.752237","2024-01-05 19:49:00","81.00",7,"2024-01-05 21:59:21.752237","223","2","1"
"1726","2024-12-23 21:23:00","CERRADA","2024-12-23 22:46:53.614159","2024-12-23 21:23:00","185.00",8,"2024-12-23 22:46:53.614159","118","14","1"
"1727","2025-01-10 14:41:00","CERRADA","2025-01-10 16:21:38.824426","2025-01-10 14:41:00","134.00",1,"2025-01-10 16:21:38.824426","233","4","1"
"1728","2024-09-20 20:33:00","CERRADA","2024-09-20 22:40:22.168474","2024-09-20 20:33:00","94.00",6,"2024-09-20 22:40:22.168474","1","1","1"
"1729","2024-12-19 14:07:00","CERRADA","2024-12-19 16:21:59.615147","2024-12-19 14:07:00","323.00",8,"2024-12-19 16:21:59.615147","71","8","1"
"1730","2024-12-02 12:03:00","CERRADA","2024-12-02 14:55:41.150013","2024-12-02 12:03:00","93.00",5,"2024-12-02 14:55:41.150013","164","4","1"
"1731","2024-08-24 12:33:00","CERRADA","2024-08-24 14:16:39.253711","2024-08-24 12:33:00","460.00",5,"2024-08-24 14:16:39.253711","72","12","1"
"1732","2023-06-28 21:05:00","CERRADA","2023-06-28 23:49:20.435171","2023-06-28 21:05:00","199.00",1,"2023-06-28 23:49:20.435171","155","7","1"
"1733","2024-06-07 14:20:00","CERRADA","2024-06-07 17:06:36.54038","2024-06-07 14:20:00","105.00",2,"2024-06-07 17:06:36.54038","1","10","1"
"1734","2024-01-26 20:48:00","CERRADA","2024-01-26 22:52:57.405584","2024-01-26 20:48:00","212.00",2,"2024-01-26 22:52:57.405584","110","10","1"
"1735","2024-12-18 19:48:00","CERRADA","2024-12-18 22:39:41.668956","2024-12-18 19:48:00","68.00",5,"2024-12-18 22:39:41.668956","1","13","1"
"1736","2024-07-03 20:00:00","CERRADA","2024-07-03 21:12:49.166613","2024-07-03 20:00:00","175.00",6,"2024-07-03 21:12:49.166613","217","2","1"
"1737","2024-07-26 20:35:00","CERRADA","2024-07-26 23:22:24.176556","2024-07-26 20:35:00","88.00",6,"2024-07-26 23:22:24.176556","242","13","1"
"1738","2025-03-27 12:40:00","CERRADA","2025-03-27 15:17:28.187149","2025-03-27 12:40:00","194.00",3,"2025-03-27 15:17:28.187149","173","3","1"
"1739","2024-07-26 14:36:00","CERRADA","2024-07-26 17:11:21.559295","2024-07-26 14:36:00","502.00",4,"2024-07-26 17:11:21.559295","66","3","1"
"1740","2024-12-13 20:42:00","CERRADA","2024-12-13 22:28:36.776204","2024-12-13 20:42:00","391.00",8,"2024-12-13 22:28:36.776204","1","4","1"
"1741","2023-10-20 20:18:00","CERRADA","2023-10-20 21:50:19.393718","2023-10-20 20:18:00","116.00",6,"2023-10-20 21:50:19.393718","1","5","1"
"1742","2024-02-18 12:25:00","CERRADA","2024-02-18 14:35:53.308986","2024-02-18 12:25:00","162.00",7,"2024-02-18 14:35:53.308986","65","12","1"
"1743","2025-01-17 12:42:00","CERRADA","2025-01-17 14:11:51.216953","2025-01-17 12:42:00","132.00",3,"2025-01-17 14:11:51.216953","1","12","1"
"1744","2023-08-14 13:17:00","CERRADA","2023-08-14 16:12:07.678652","2023-08-14 13:17:00","185.00",1,"2023-08-14 16:12:07.678652","120","4","1"
"1745","2025-06-02 00:00:00","CERRADA","2025-06-02 00:00:00","2025-06-02 00:00:00","228.00",2,"2025-06-02 00:00:00","109","12","1"
"1746","2024-04-29 20:43:00","CERRADA","2024-04-29 22:16:00.465054","2024-04-29 20:43:00","184.00",6,"2024-04-29 22:16:00.465054","65","14","1"
"1747","2024-05-31 21:15:00","CERRADA","2024-05-31 23:13:47.375998","2024-05-31 21:15:00","209.00",7,"2024-05-31 23:13:47.375998","76","4","1"
"1748","2024-02-16 12:50:00","CERRADA","2024-02-16 15:36:40.344166","2024-02-16 12:50:00","262.00",1,"2024-02-16 15:36:40.344166","1","7","1"
"1749","2023-12-29 13:18:00","CERRADA","2023-12-29 14:51:31.162171","2023-12-29 13:18:00","84.00",5,"2023-12-29 14:51:31.162171","236","9","1"
"1750","2025-01-24 13:28:00","CERRADA","2025-01-24 14:52:06.652849","2025-01-24 13:28:00","552.00",2,"2025-01-24 14:52:06.652849","9","8","1"
"1751","2024-07-05 19:57:00","CERRADA","2024-07-05 21:13:01.104477","2024-07-05 19:57:00","214.00",8,"2024-07-05 21:13:01.104477","1","14","1"
"1752","2024-07-05 20:41:00","CERRADA","2024-07-05 23:33:04.629046","2024-07-05 20:41:00","326.00",8,"2024-07-05 23:33:04.629046","1","11","1"
"1753","2025-05-09 20:51:00","CERRADA","2025-05-09 22:28:13.563678","2025-05-09 20:51:00","81.00",5,"2025-05-09 22:28:13.563678","191","9","1"
"1754","2024-07-04 21:59:00","CERRADA","2024-07-05 00:05:42.899329","2024-07-04 21:59:00","484.00",2,"2024-07-05 00:05:42.899329","34","10","1"
"1755","2025-03-07 13:01:00","CERRADA","2025-03-07 14:40:17.112073","2025-03-07 13:01:00","117.00",3,"2025-03-07 14:40:17.112073","273","15","1"
"1756","2023-12-09 14:46:00","CERRADA","2023-12-09 17:17:41.967954","2023-12-09 14:46:00","67.00",6,"2023-12-09 17:17:41.967954","285","7","1"
"1757","2025-03-07 20:36:00","CERRADA","2025-03-07 22:43:40.958452","2025-03-07 20:36:00","168.00",4,"2025-03-07 22:43:40.958452","141","10","1"
"1758","2024-02-09 14:30:00","CERRADA","2024-02-09 17:01:04.270998","2024-02-09 14:30:00","307.00",4,"2024-02-09 17:01:04.270998","243","10","1"
"1759","2025-06-02 00:00:00","CERRADA","2025-06-02 00:00:00","2025-06-02 00:00:00","209.00",7,"2025-06-02 00:00:00","254","4","1"
"1760","2023-09-15 19:45:00","CERRADA","2023-09-15 21:01:17.192968","2023-09-15 19:45:00","196.00",2,"2023-09-15 21:01:17.192968","241","7","1"
"1761","2023-07-14 19:07:00","CERRADA","2023-07-14 22:05:57.472198","2023-07-14 19:07:00","365.00",2,"2023-07-14 22:05:57.472198","113","6","1"
"1762","2023-07-08 12:51:00","CERRADA","2023-07-08 14:21:02.280081","2023-07-08 12:51:00","117.00",4,"2023-07-08 14:21:02.280081","232","15","1"
"1763","2025-06-02 00:00:00","CERRADA","2025-06-02 00:00:00","2025-06-02 00:00:00","170.00",8,"2025-06-02 00:00:00","125","1","1"
"1764","2024-05-10 13:59:00","CERRADA","2024-05-10 16:08:04.858536","2024-05-10 13:59:00","420.00",7,"2024-05-10 16:08:04.858536","112","13","1"
"1765","2024-12-13 12:40:00","CERRADA","2024-12-13 14:48:36.270412","2024-12-13 12:40:00","224.00",6,"2024-12-13 14:48:36.270412","180","15","1"
"1766","2024-01-27 13:52:00","CERRADA","2024-01-27 15:17:05.310641","2024-01-27 13:52:00","342.00",3,"2024-01-27 15:17:05.310641","100","3","1"
"1767","2024-12-19 21:13:00","CERRADA","2024-12-19 22:56:59.825372","2024-12-19 21:13:00","90.00",8,"2024-12-19 22:56:59.825372","237","1","1"
"1768","2025-05-09 13:30:00","CERRADA","2025-05-09 15:15:22.220225","2025-05-09 13:30:00","201.00",5,"2025-05-09 15:15:22.220225","1","13","1"
"1769","2025-05-02 12:48:00","CERRADA","2025-05-02 14:06:54.247142","2025-05-02 12:48:00","394.00",3,"2025-05-02 14:06:54.247142","19","9","1"
"1770","2024-12-22 20:45:00","CERRADA","2024-12-22 22:51:35.980787","2024-12-22 20:45:00","51.00",7,"2024-12-22 22:51:35.980787","214","2","1"
"1771","2023-11-10 21:36:00","CERRADA","2023-11-10 23:01:52.230618","2023-11-10 21:36:00","172.00",8,"2023-11-10 23:01:52.230618","170","15","1"
"1772","2024-03-15 21:51:00","CERRADA","2024-03-16 00:23:37.02863","2024-03-15 21:51:00","184.00",8,"2024-03-16 00:23:37.02863","90","10","1"
"1773","2024-12-06 20:07:00","CERRADA","2024-12-06 22:42:35.532959","2024-12-06 20:07:00","146.00",7,"2024-12-06 22:42:35.532959","209","5","1"
"1774","2024-12-27 20:45:00","CERRADA","2024-12-27 23:13:30.808333","2024-12-27 20:45:00","318.00",2,"2024-12-27 23:13:30.808333","29","4","1"
"1775","2023-12-13 20:56:00","CERRADA","2023-12-13 22:04:54.045101","2023-12-13 20:56:00","180.00",4,"2023-12-13 22:04:54.045101","267","3","1"
"1776","2024-02-23 13:02:00","CERRADA","2024-02-23 14:53:19.589089","2024-02-23 13:02:00","301.00",2,"2024-02-23 14:53:19.589089","44","6","1"
"1777","2024-07-13 20:28:00","CERRADA","2024-07-13 21:36:34.333664","2024-07-13 20:28:00","113.00",3,"2024-07-13 21:36:34.333664","1","4","1"
"1778","2024-08-20 12:02:00","CERRADA","2024-08-20 14:33:51.452008","2024-08-20 12:02:00","175.00",6,"2024-08-20 14:33:51.452008","281","2","1"
"1779","2023-07-07 21:51:00","CERRADA","2023-07-08 00:07:26.682214","2023-07-07 21:51:00","111.00",1,"2023-07-08 00:07:26.682214","1","13","1"
"1780","2024-08-24 14:03:00","CERRADA","2024-08-24 16:37:29.753657","2024-08-24 14:03:00","91.00",2,"2024-08-24 16:37:29.753657","99","8","1"
"1781","2023-11-02 21:07:00","CERRADA","2023-11-02 23:42:21.76487","2023-11-02 21:07:00","128.00",1,"2023-11-02 23:42:21.76487","1","10","1"
"1782","2024-03-01 13:38:00","CERRADA","2024-03-01 15:58:10.633684","2024-03-01 13:38:00","201.00",5,"2024-03-01 15:58:10.633684","150","13","1"
"1783","2023-11-03 20:39:00","CERRADA","2023-11-03 23:13:35.830974","2023-11-03 20:39:00","65.00",2,"2023-11-03 23:13:35.830974","149","8","1"
"1784","2024-09-27 12:42:00","CERRADA","2024-09-27 14:13:21.254136","2024-09-27 12:42:00","46.00",7,"2024-09-27 14:13:21.254136","242","1","1"
"1785","2023-09-01 20:09:00","CERRADA","2023-09-01 21:57:37.320105","2023-09-01 20:09:00","87.00",6,"2023-09-01 21:57:37.320105","178","11","1"
"1786","2024-03-08 14:42:00","CERRADA","2024-03-08 15:47:52.784963","2024-03-08 14:42:00","167.00",3,"2024-03-08 15:47:52.784963","122","7","1"
"1787","2023-07-14 19:03:00","CERRADA","2023-07-14 20:51:48.469717","2023-07-14 19:03:00","161.00",7,"2023-07-14 20:51:48.469717","89","13","1"
"1788","2023-06-19 20:11:00","CERRADA","2023-06-19 21:26:05.520097","2023-06-19 20:11:00","200.00",6,"2023-06-19 21:26:05.520097","287","8","1"
"1789","2024-07-12 20:58:00","CERRADA","2024-07-12 23:01:30.885344","2024-07-12 20:58:00","518.00",2,"2024-07-12 23:01:30.885344","26","15","1"
"1790","2024-12-13 13:33:00","CERRADA","2024-12-13 14:56:15.764675","2024-12-13 13:33:00","174.00",3,"2024-12-13 14:56:15.764675","134","14","1"
"1791","2024-07-19 12:09:00","CERRADA","2024-07-19 14:32:35.840689","2024-07-19 12:09:00","232.00",2,"2024-07-19 14:32:35.840689","98","9","1"
"1792","2024-11-22 21:19:00","CERRADA","2024-11-22 23:07:55.016726","2024-11-22 21:19:00","75.00",3,"2024-11-22 23:07:55.016726","153","12","1"
"1793","2023-10-13 20:27:00","CERRADA","2023-10-13 21:52:39.895093","2023-10-13 20:27:00","98.00",7,"2023-10-13 21:52:39.895093","126","15","1"
"1794","2023-07-13 21:24:00","CERRADA","2023-07-13 22:42:48.038479","2023-07-13 21:24:00","86.00",8,"2023-07-13 22:42:48.038479","130","2","1"
"1795","2023-07-21 21:43:00","CERRADA","2023-07-21 23:27:17.142824","2023-07-21 21:43:00","228.00",5,"2023-07-21 23:27:17.142824","1","6","1"
"1796","2023-06-25 14:26:00","CERRADA","2023-06-25 17:01:03.07515","2023-06-25 14:26:00","188.00",4,"2023-06-25 17:01:03.07515","97","5","1"
"1797","2024-01-19 20:44:00","CERRADA","2024-01-19 22:44:06.982783","2024-01-19 20:44:00","261.00",1,"2024-01-19 22:44:06.982783","1","9","1"
"1798","2024-09-20 21:44:00","CERRADA","2024-09-20 23:24:47.488852","2024-09-20 21:44:00","42.00",3,"2024-09-20 23:24:47.488852","143","6","1"
"1799","2024-08-02 13:53:00","CERRADA","2024-08-02 15:56:08.730218","2024-08-02 13:53:00","128.00",5,"2024-08-02 15:56:08.730218","31","14","1"
"1800","2023-12-24 20:29:00","CERRADA","2023-12-24 22:32:08.722183","2023-12-24 20:29:00","346.00",4,"2023-12-24 22:32:08.722183","64","7","1"
"1801","2025-06-02 00:00:00","CERRADA","2025-06-02 00:00:00","2025-06-02 00:00:00","138.00",1,"2025-06-02 00:00:00","65","9","1"
"1802","2024-01-19 12:46:00","CERRADA","2024-01-19 13:55:13.252438","2024-01-19 12:46:00","166.00",6,"2024-01-19 13:55:13.252438","209","11","1"
"1803","2024-07-05 19:49:00","CERRADA","2024-07-05 21:55:18.358719","2024-07-05 19:49:00","244.00",6,"2024-07-05 21:55:18.358719","260","8","1"
"1804","2023-07-12 12:37:00","CERRADA","2023-07-12 13:49:48.569684","2023-07-12 12:37:00","266.00",1,"2023-07-12 13:49:48.569684","1","15","1"
"1805","2025-06-02 00:00:00","CERRADA","2025-06-02 00:00:00","2025-06-02 00:00:00","336.00",3,"2025-06-02 00:00:00","1","2","1"
"1806","2025-02-07 19:58:00","CERRADA","2025-02-07 20:58:22.133582","2025-02-07 19:58:00","231.00",5,"2025-02-07 20:58:22.133582","137","12","1"
"1807","2025-06-02 00:00:00","CERRADA","2025-06-02 00:00:00","2025-06-02 00:00:00","350.00",6,"2025-06-02 00:00:00","111","7","1"
"1808","2023-08-22 20:30:00","CERRADA","2023-08-22 22:11:09.242093","2023-08-22 20:30:00","326.00",5,"2023-08-22 22:11:09.242093","1","14","1"
"1809","2023-12-22 13:38:00","CERRADA","2023-12-22 15:50:14.144989","2023-12-22 13:38:00","88.00",7,"2023-12-22 15:50:14.144989","73","13","1"
"1810","2024-08-10 12:44:00","CERRADA","2024-08-10 15:13:31.312855","2024-08-10 12:44:00","150.00",5,"2024-08-10 15:13:31.312855","124","8","1"
"1811","2023-07-15 14:15:00","CERRADA","2023-07-15 16:14:05.103815","2023-07-15 14:15:00","403.00",7,"2023-07-15 16:14:05.103815","68","9","1"
"1812","2024-07-14 19:49:00","CERRADA","2024-07-14 22:30:35.066197","2024-07-14 19:49:00","185.00",1,"2024-07-14 22:30:35.066197","224","13","1"
"1813","2024-11-15 19:56:00","CERRADA","2024-11-15 22:08:53.477309","2024-11-15 19:56:00","164.00",1,"2024-11-15 22:08:53.477309","1","4","1"
"1814","2024-07-05 14:47:00","CERRADA","2024-07-05 16:12:32.544821","2024-07-05 14:47:00","154.00",1,"2024-07-05 16:12:32.544821","1","13","1"
"1815","2024-02-17 19:32:00","CERRADA","2024-02-17 21:38:02.098012","2024-02-17 19:32:00","403.00",4,"2024-02-17 21:38:02.098012","1","13","1"
"1816","2024-08-09 13:39:00","CERRADA","2024-08-09 15:04:18.182015","2024-08-09 13:39:00","87.00",8,"2024-08-09 15:04:18.182015","57","8","1"
"1817","2023-09-29 12:50:00","CERRADA","2023-09-29 14:53:20.23114","2023-09-29 12:50:00","216.00",1,"2023-09-29 14:53:20.23114","137","5","1"
"1818","2024-02-02 20:47:00","CERRADA","2024-02-02 23:34:14.819172","2024-02-02 20:47:00","225.00",5,"2024-02-02 23:34:14.819172","101","6","1"
"1819","2025-03-28 12:06:00","CERRADA","2025-03-28 14:26:02.585383","2025-03-28 12:06:00","481.00",4,"2025-03-28 14:26:02.585383","25","4","1"
"1820","2024-11-08 21:04:00","CERRADA","2024-11-08 23:40:23.662978","2024-11-08 21:04:00","598.00",1,"2024-11-08 23:40:23.662978","11","10","1"
"1821","2025-06-02 00:00:00","CERRADA","2025-06-02 00:00:00","2025-06-02 00:00:00","250.00",1,"2025-06-02 00:00:00","95","15","1"
"1822","2025-03-07 21:18:00","CERRADA","2025-03-07 23:57:38.031736","2025-03-07 21:18:00","114.00",7,"2025-03-07 23:57:38.031736","1","12","1"
"1823","2023-11-03 19:40:00","CERRADA","2023-11-03 22:34:13.933055","2023-11-03 19:40:00","183.00",5,"2023-11-03 22:34:13.933055","235","2","1"
"1824","2024-03-29 14:36:00","CERRADA","2024-03-29 16:50:15.242074","2024-03-29 14:36:00","194.00",2,"2024-03-29 16:50:15.242074","171","10","1"
"1825","2023-12-15 13:18:00","CERRADA","2023-12-15 15:51:39.802423","2023-12-15 13:18:00","62.00",3,"2023-12-15 15:51:39.802423","1","4","1"
"1826","2025-01-03 19:39:00","CERRADA","2025-01-03 22:02:57.678624","2025-01-03 19:39:00","136.00",7,"2025-01-03 22:02:57.678624","1","7","1"
"1827","2024-07-13 19:57:00","CERRADA","2024-07-13 21:00:39.746392","2024-07-13 19:57:00","60.00",3,"2024-07-13 21:00:39.746392","1","8","1"
"1828","2024-11-15 21:38:00","CERRADA","2024-11-16 00:26:56.592098","2024-11-15 21:38:00","355.00",4,"2024-11-16 00:26:56.592098","112","5","1"
"1829","2024-03-19 19:56:00","CERRADA","2024-03-19 22:15:37.79677","2024-03-19 19:56:00","85.00",1,"2024-03-19 22:15:37.79677","268","3","1"
"1830","2024-05-17 13:25:00","CERRADA","2024-05-17 15:35:51.687353","2024-05-17 13:25:00","241.00",7,"2024-05-17 15:35:51.687353","1","15","1"
"1831","2023-09-05 19:22:00","CERRADA","2023-09-05 21:10:49.859606","2023-09-05 19:22:00","205.00",5,"2023-09-05 21:10:49.859606","77","7","1"
"1832","2024-08-16 13:49:00","CERRADA","2024-08-16 15:11:50.06361","2024-08-16 13:49:00","481.00",8,"2024-08-16 15:11:50.06361","112","1","1"
"1833","2024-02-14 19:34:00","CERRADA","2024-02-14 20:51:52.45468","2024-02-14 19:34:00","255.00",2,"2024-02-14 20:51:52.45468","294","6","1"
"1834","2025-03-04 13:30:00","CERRADA","2025-03-04 16:00:16.796488","2025-03-04 13:30:00","314.00",5,"2025-03-04 16:00:16.796488","161","14","1"
"1835","2024-07-05 19:32:00","CERRADA","2024-07-05 20:56:14.822449","2024-07-05 19:32:00","168.00",7,"2024-07-05 20:56:14.822449","265","7","1"
"1836","2023-12-30 12:39:00","CERRADA","2023-12-30 14:56:47.653421","2023-12-30 12:39:00","369.00",6,"2023-12-30 14:56:47.653421","100","14","1"
"1837","2023-07-28 21:33:00","CERRADA","2023-07-28 22:56:30.476511","2023-07-28 21:33:00","519.00",6,"2023-07-28 22:56:30.476511","39","14","1"
"1838","2025-03-07 13:40:00","CERRADA","2025-03-07 15:13:34.561608","2025-03-07 13:40:00","224.00",7,"2025-03-07 15:13:34.561608","228","11","1"
"1839","2025-06-02 00:00:00","CERRADA","2025-06-02 00:00:00","2025-06-02 00:00:00","158.00",8,"2025-06-02 00:00:00","255","8","1"
"1840","2025-06-02 00:00:00","CERRADA","2025-06-02 00:00:00","2025-06-02 00:00:00","205.00",3,"2025-06-02 00:00:00","212","11","1"
"1841","2023-07-20 20:04:00","CERRADA","2023-07-20 22:36:17.614584","2023-07-20 20:04:00","295.00",7,"2023-07-20 22:36:17.614584","244","15","1"
"1842","2023-08-09 19:14:00","CERRADA","2023-08-09 20:24:42.145297","2023-08-09 19:14:00","150.00",5,"2023-08-09 20:24:42.145297","205","15","1"
"1843","2023-12-29 12:29:00","CERRADA","2023-12-29 14:34:21.734991","2023-12-29 12:29:00","254.00",3,"2023-12-29 14:34:21.734991","162","6","1"
"1844","2025-05-02 12:24:00","CERRADA","2025-05-02 13:37:30.864198","2025-05-02 12:24:00","353.00",3,"2025-05-02 13:37:30.864198","7","4","1"
"1845","2023-10-20 14:24:00","CERRADA","2023-10-20 15:38:33.102335","2023-10-20 14:24:00","132.00",6,"2023-10-20 15:38:33.102335","1","4","1"
"1846","2024-07-12 20:20:00","CERRADA","2024-07-12 21:25:44.056507","2024-07-12 20:20:00","156.00",5,"2024-07-12 21:25:44.056507","40","15","1"
"1847","2023-07-08 13:28:00","CERRADA","2023-07-08 14:52:35.210274","2023-07-08 13:28:00","232.00",1,"2023-07-08 14:52:35.210274","1","5","1"
"1848","2024-12-06 19:47:00","CERRADA","2024-12-06 22:21:54.745132","2024-12-06 19:47:00","602.00",8,"2024-12-06 22:21:54.745132","54","7","1"
"1849","2023-08-18 12:56:00","CERRADA","2023-08-18 14:54:59.342374","2023-08-18 12:56:00","358.00",3,"2023-08-18 14:54:59.342374","89","15","1"
"1850","2023-08-14 13:36:00","CERRADA","2023-08-14 15:41:32.100517","2023-08-14 13:36:00","131.00",3,"2023-08-14 15:41:32.100517","1","9","1"
"1851","2024-01-27 13:55:00","CERRADA","2024-01-27 16:33:42.317695","2024-01-27 13:55:00","320.00",8,"2024-01-27 16:33:42.317695","253","13","1"
"1852","2024-12-09 12:21:00","CERRADA","2024-12-09 13:48:28.139686","2024-12-09 12:21:00","395.00",3,"2024-12-09 13:48:28.139686","60","14","1"
"1853","2024-10-18 21:40:00","CERRADA","2024-10-18 23:31:26.562238","2024-10-18 21:40:00","174.00",1,"2024-10-18 23:31:26.562238","1","12","1"
"1854","2025-05-23 19:15:00","CERRADA","2025-05-23 22:03:02.250116","2025-05-23 19:15:00","292.00",8,"2025-05-23 22:03:02.250116","62","8","1"
"1855","2024-06-09 13:05:00","CERRADA","2024-06-09 15:24:04.155899","2024-06-09 13:05:00","417.00",1,"2024-06-09 15:24:04.155899","77","14","1"
"1856","2024-08-02 21:55:00","CERRADA","2024-08-03 00:14:08.797061","2024-08-02 21:55:00","510.00",6,"2024-08-03 00:14:08.797061","116","11","1"
"1857","2023-09-17 13:46:00","CERRADA","2023-09-17 14:54:44.607657","2023-09-17 13:46:00","294.00",8,"2023-09-17 14:54:44.607657","173","9","1"
"1858","2024-05-03 20:02:00","CERRADA","2024-05-03 22:08:54.190181","2024-05-03 20:02:00","66.00",3,"2024-05-03 22:08:54.190181","91","2","1"
"1859","2025-06-02 00:00:00","CERRADA","2025-06-02 00:00:00","2025-06-02 00:00:00","114.00",7,"2025-06-02 00:00:00","139","4","1"
"1860","2023-07-06 13:42:00","CERRADA","2023-07-06 16:23:00.699993","2023-07-06 13:42:00","328.00",6,"2023-07-06 16:23:00.699993","1","14","1"
"1861","2025-03-28 14:54:00","CERRADA","2025-03-28 17:22:15.057908","2025-03-28 14:54:00","168.00",5,"2025-03-28 17:22:15.057908","130","9","1"
"1862","2024-03-22 20:29:00","CERRADA","2024-03-22 23:24:29.495938","2024-03-22 20:29:00","122.00",2,"2024-03-22 23:24:29.495938","35","11","1"
"1863","2023-12-08 19:28:00","CERRADA","2023-12-08 21:14:51.572518","2023-12-08 19:28:00","138.00",8,"2023-12-08 21:14:51.572518","1","1","1"
"1864","2024-12-15 12:46:00","CERRADA","2024-12-15 15:01:20.296687","2024-12-15 12:46:00","349.00",8,"2024-12-15 15:01:20.296687","97","1","1"
"1865","2024-07-05 20:58:00","CERRADA","2024-07-05 22:50:22.544934","2024-07-05 20:58:00","231.00",8,"2024-07-05 22:50:22.544934","1","8","1"
"1866","2024-12-26 12:50:00","CERRADA","2024-12-26 15:07:11.800722","2024-12-26 12:50:00","488.00",3,"2024-12-26 15:07:11.800722","80","14","1"
"1867","2025-03-21 13:23:00","CERRADA","2025-03-21 14:29:13.478545","2025-03-21 13:23:00","213.00",7,"2025-03-21 14:29:13.478545","270","1","1"
"1868","2024-07-05 21:29:00","CERRADA","2024-07-05 23:37:18.193075","2024-07-05 21:29:00","300.00",6,"2024-07-05 23:37:18.193075","17","11","1"
"1869","2024-12-13 14:17:00","CERRADA","2024-12-13 15:47:08.681301","2024-12-13 14:17:00","72.00",5,"2024-12-13 15:47:08.681301","65","3","1"
"1870","2025-06-02 00:00:00","CERRADA","2025-06-02 00:00:00","2025-06-02 00:00:00","202.00",8,"2025-06-02 00:00:00","1","7","1"
"1871","2024-07-06 13:34:00","CERRADA","2024-07-06 16:29:15.417833","2024-07-06 13:34:00","220.00",5,"2024-07-06 16:29:15.417833","70","11","1"
"1872","2024-12-17 21:58:00","CERRADA","2024-12-17 23:37:20.740803","2024-12-17 21:58:00","67.00",2,"2024-12-17 23:37:20.740803","1","15","1"
"1873","2023-12-01 13:36:00","CERRADA","2023-12-01 14:56:37.371758","2023-12-01 13:36:00","210.00",8,"2023-12-01 14:56:37.371758","174","12","1"
"1874","2024-05-24 14:06:00","CERRADA","2024-05-24 15:32:49.586327","2024-05-24 14:06:00","99.00",4,"2024-05-24 15:32:49.586327","1","4","1"
"1875","2024-12-26 12:41:00","CERRADA","2024-12-26 14:39:45.351201","2024-12-26 12:41:00","152.00",2,"2024-12-26 14:39:45.351201","1","9","1"
"1876","2023-06-18 21:18:00","CERRADA","2023-06-18 23:56:59.006331","2023-06-18 21:18:00","110.00",6,"2023-06-18 23:56:59.006331","199","14","1"
"1877","2025-04-23 12:59:00","CERRADA","2025-04-23 15:38:53.259257","2025-04-23 12:59:00","266.00",2,"2025-04-23 15:38:53.259257","101","5","1"
"1878","2023-11-17 21:21:00","CERRADA","2023-11-17 23:30:50.234108","2023-11-17 21:21:00","326.00",8,"2023-11-17 23:30:50.234108","1","10","1"
"1879","2024-08-05 19:06:00","CERRADA","2024-08-05 20:45:12.728381","2024-08-05 19:06:00","147.00",6,"2024-08-05 20:45:12.728381","21","2","1"
"1880","2024-08-10 19:46:00","CERRADA","2024-08-10 22:27:30.302965","2024-08-10 19:46:00","275.00",3,"2024-08-10 22:27:30.302965","56","4","1"
"1881","2024-12-02 14:54:00","CERRADA","2024-12-02 16:11:57.742787","2024-12-02 14:54:00","188.00",7,"2024-12-02 16:11:57.742787","123","13","1"
"1882","2024-03-18 12:49:00","CERRADA","2024-03-18 14:31:27.788457","2024-03-18 12:49:00","210.00",2,"2024-03-18 14:31:27.788457","1","13","1"
"1883","2024-12-27 13:48:00","CERRADA","2024-12-27 15:45:21.699511","2024-12-27 13:48:00","309.00",8,"2024-12-27 15:45:21.699511","272","2","1"
"1884","2024-07-19 14:35:00","CERRADA","2024-07-19 17:12:05.504775","2024-07-19 14:35:00","94.00",6,"2024-07-19 17:12:05.504775","68","4","1"
"1885","2023-07-31 20:32:00","CERRADA","2023-07-31 22:21:51.691238","2023-07-31 20:32:00","212.00",7,"2023-07-31 22:21:51.691238","1","7","1"
"1886","2024-08-15 21:21:00","CERRADA","2024-08-15 23:22:13.500216","2024-08-15 21:21:00","248.00",8,"2024-08-15 23:22:13.500216","1","9","1"
"1887","2024-12-07 19:23:00","CERRADA","2024-12-07 21:58:35.537635","2024-12-07 19:23:00","309.00",5,"2024-12-07 21:58:35.537635","1","15","1"
"1888","2024-04-08 12:51:00","CERRADA","2024-04-08 15:14:10.897702","2024-04-08 12:51:00","61.00",3,"2024-04-08 15:14:10.897702","149","3","1"
"1889","2023-08-08 14:40:00","CERRADA","2023-08-08 16:07:32.928396","2023-08-08 14:40:00","95.00",3,"2023-08-08 16:07:32.928396","1","1","1"
"1890","2023-10-14 12:51:00","CERRADA","2023-10-14 14:30:07.046607","2023-10-14 12:51:00","468.00",4,"2023-10-14 14:30:07.046607","120","2","1"
"1891","2024-05-17 21:40:00","CERRADA","2024-05-17 23:31:04.91639","2024-05-17 21:40:00","476.00",6,"2024-05-17 23:31:04.91639","108","1","1"
"1892","2024-03-19 19:24:00","CERRADA","2024-03-19 21:34:22.321234","2024-03-19 19:24:00","82.00",5,"2024-03-19 21:34:22.321234","53","5","1"
"1893","2024-10-25 13:27:00","CERRADA","2024-10-25 15:20:52.831383","2024-10-25 13:27:00","119.00",3,"2024-10-25 15:20:52.831383","1","8","1"
"1894","2025-03-21 13:23:00","CERRADA","2025-03-21 16:04:30.935407","2025-03-21 13:23:00","141.00",5,"2025-03-21 16:04:30.935407","227","12","1"
"1895","2024-06-14 12:33:00","CERRADA","2024-06-14 13:59:12.758199","2024-06-14 12:33:00","202.00",3,"2024-06-14 13:59:12.758199","1","12","1"
"1896","2023-07-20 20:09:00","CERRADA","2023-07-20 22:54:26.380966","2023-07-20 20:09:00","76.00",2,"2023-07-20 22:54:26.380966","1","12","1"
"1897","2023-08-04 12:33:00","CERRADA","2023-08-04 14:02:22.189083","2023-08-04 12:33:00","172.00",2,"2023-08-04 14:02:22.189083","158","10","1"
"1898","2024-08-24 19:33:00","CERRADA","2024-08-24 21:57:44.400188","2024-08-24 19:33:00","519.00",8,"2024-08-24 21:57:44.400188","83","4","1"
"1899","2024-05-31 21:23:00","CERRADA","2024-05-31 23:30:26.697376","2024-05-31 21:23:00","190.00",3,"2024-05-31 23:30:26.697376","92","13","1"
"1900","2025-01-06 20:05:00","CERRADA","2025-01-06 22:06:18.682806","2025-01-06 20:05:00","65.00",3,"2025-01-06 22:06:18.682806","71","7","1"
"1901","2024-06-27 21:06:00","CERRADA","2024-06-27 22:53:05.968072","2024-06-27 21:06:00","222.00",8,"2024-06-27 22:53:05.968072","1","11","1"
"1902","2023-08-03 21:13:00","CERRADA","2023-08-03 22:36:47.912563","2023-08-03 21:13:00","183.00",8,"2023-08-03 22:36:47.912563","95","12","1"
"1903","2024-12-31 12:20:00","CERRADA","2024-12-31 13:41:48.882657","2024-12-31 12:20:00","85.00",4,"2024-12-31 13:41:48.882657","1","12","1"
"1904","2024-07-27 21:27:00","CERRADA","2024-07-28 00:02:55.701327","2024-07-27 21:27:00","144.00",4,"2024-07-28 00:02:55.701327","292","15","1"
"1905","2024-07-02 14:41:00","CERRADA","2024-07-02 16:24:38.584533","2024-07-02 14:41:00","298.00",5,"2024-07-02 16:24:38.584533","40","11","1"
"1906","2024-04-26 19:07:00","CERRADA","2024-04-26 21:05:41.543226","2024-04-26 19:07:00","202.00",4,"2024-04-26 21:05:41.543226","1","13","1"
"1907","2024-07-12 20:21:00","CERRADA","2024-07-12 21:52:19.473095","2024-07-12 20:21:00","228.00",3,"2024-07-12 21:52:19.473095","254","4","1"
"1908","2023-12-03 20:28:00","CERRADA","2023-12-03 21:28:19.354187","2023-12-03 20:28:00","229.00",2,"2023-12-03 21:28:19.354187","257","10","1"
"1909","2023-07-28 20:29:00","CERRADA","2023-07-28 23:00:10.168547","2023-07-28 20:29:00","122.00",3,"2023-07-28 23:00:10.168547","227","2","1"
"1910","2024-01-12 14:08:00","CERRADA","2024-01-12 16:17:32.965601","2024-01-12 14:08:00","259.00",2,"2024-01-12 16:17:32.965601","1","12","1"
"1911","2023-11-03 12:08:00","CERRADA","2023-11-03 14:43:11.282124","2023-11-03 12:08:00","127.00",3,"2023-11-03 14:43:11.282124","267","4","1"
"1912","2023-12-01 20:31:00","CERRADA","2023-12-01 22:43:47.375751","2023-12-01 20:31:00","54.00",4,"2023-12-01 22:43:47.375751","29","9","1"
"1913","2024-11-15 19:22:00","CERRADA","2024-11-15 21:44:01.900546","2024-11-15 19:22:00","249.00",8,"2024-11-15 21:44:01.900546","1","15","1"
"1914","2023-12-08 12:51:00","CERRADA","2023-12-08 15:31:32.552053","2023-12-08 12:51:00","276.00",6,"2023-12-08 15:31:32.552053","192","11","1"
"1915","2023-12-29 13:59:00","CERRADA","2023-12-29 15:45:32.528038","2023-12-29 13:59:00","258.00",1,"2023-12-29 15:45:32.528038","1","14","1"
"1916","2023-09-22 13:13:00","CERRADA","2023-09-22 15:57:38.447631","2023-09-22 13:13:00","180.00",6,"2023-09-22 15:57:38.447631","295","14","1"
"1917","2025-03-21 21:37:00","CERRADA","2025-03-22 00:06:54.803614","2025-03-21 21:37:00","173.00",3,"2025-03-22 00:06:54.803614","49","1","1"
"1918","2024-10-04 20:12:00","CERRADA","2024-10-04 21:18:48.158216","2024-10-04 20:12:00","244.00",4,"2024-10-04 21:18:48.158216","49","5","1"
"1919","2025-01-17 13:43:00","CERRADA","2025-01-17 15:54:13.091742","2025-01-17 13:43:00","104.00",1,"2025-01-17 15:54:13.091742","1","15","1"
"1920","2023-07-21 12:13:00","CERRADA","2023-07-21 13:31:53.312762","2023-07-21 12:13:00","320.00",7,"2023-07-21 13:31:53.312762","60","3","1"
"1921","2024-07-26 12:07:00","CERRADA","2024-07-26 14:19:42.028658","2024-07-26 12:07:00","118.00",8,"2024-07-26 14:19:42.028658","1","15","1"
"1922","2023-07-29 12:07:00","CERRADA","2023-07-29 14:21:06.057329","2023-07-29 12:07:00","171.00",2,"2023-07-29 14:21:06.057329","1","2","1"
"1923","2025-04-09 19:59:00","CERRADA","2025-04-09 21:28:50.451722","2025-04-09 19:59:00","326.00",6,"2025-04-09 21:28:50.451722","71","12","1"
"1924","2023-07-14 19:21:00","CERRADA","2023-07-14 20:46:00.493734","2023-07-14 19:21:00","131.00",4,"2023-07-14 20:46:00.493734","1","12","1"
"1925","2024-11-22 14:11:00","CERRADA","2024-11-22 15:23:03.302459","2024-11-22 14:11:00","202.00",5,"2024-11-22 15:23:03.302459","93","8","1"
"1926","2025-03-07 12:36:00","CERRADA","2025-03-07 14:55:47.449085","2025-03-07 12:36:00","210.00",7,"2025-03-07 14:55:47.449085","287","11","1"
"1927","2024-06-21 20:12:00","CERRADA","2024-06-21 22:36:04.504998","2024-06-21 20:12:00","49.00",5,"2024-06-21 22:36:04.504998","1","3","1"
"1928","2023-08-08 12:51:00","CERRADA","2023-08-08 15:42:41.045405","2023-08-08 12:51:00","108.00",7,"2023-08-08 15:42:41.045405","181","12","1"
"1929","2023-10-11 12:49:00","CERRADA","2023-10-11 14:00:39.610031","2023-10-11 12:49:00","74.00",6,"2023-10-11 14:00:39.610031","293","10","1"
"1930","2024-03-15 20:20:00","CERRADA","2024-03-15 22:24:45.403152","2024-03-15 20:20:00","235.00",3,"2024-03-15 22:24:45.403152","1","2","1"
"1931","2024-02-22 13:01:00","CERRADA","2024-02-22 14:17:54.089959","2024-02-22 13:01:00","293.00",1,"2024-02-22 14:17:54.089959","68","4","1"
"1932","2024-06-06 20:31:00","CERRADA","2024-06-06 22:04:21.101575","2024-06-06 20:31:00","658.00",2,"2024-06-06 22:04:21.101575","29","7","1"
"1933","2024-08-16 19:14:00","CERRADA","2024-08-16 20:29:35.910762","2024-08-16 19:14:00","129.00",2,"2024-08-16 20:29:35.910762","33","8","1"
"1934","2024-05-17 13:52:00","CERRADA","2024-05-17 16:37:25.827725","2024-05-17 13:52:00","139.00",2,"2024-05-17 16:37:25.827725","1","9","1"
"1935","2023-07-07 20:23:00","CERRADA","2023-07-07 23:11:57.45966","2023-07-07 20:23:00","316.00",5,"2023-07-07 23:11:57.45966","5","4","1"
"1936","2024-06-14 20:04:00","CERRADA","2024-06-14 21:48:30.39364","2024-06-14 20:04:00","202.00",8,"2024-06-14 21:48:30.39364","256","10","1"
"1937","2024-08-10 14:30:00","CERRADA","2024-08-10 17:10:59.366911","2024-08-10 14:30:00","215.00",5,"2024-08-10 17:10:59.366911","180","6","1"
"1938","2023-06-09 12:51:00","CERRADA","2023-06-09 15:25:01.924391","2023-06-09 12:51:00","267.00",7,"2023-06-09 15:25:01.924391","130","8","1"
"1939","2024-12-20 14:48:00","CERRADA","2024-12-20 17:41:11.10931","2024-12-20 14:48:00","320.00",7,"2024-12-20 17:41:11.10931","108","1","1"
"1940","2024-12-13 21:42:00","CERRADA","2024-12-13 23:25:56.955989","2024-12-13 21:42:00","246.00",1,"2024-12-13 23:25:56.955989","218","9","1"
"1941","2024-05-17 13:32:00","CERRADA","2024-05-17 14:37:05.644498","2024-05-17 13:32:00","397.00",2,"2024-05-17 14:37:05.644498","17","14","1"
"1942","2025-06-02 00:00:00","CERRADA","2025-06-02 00:00:00","2025-06-02 00:00:00","416.00",8,"2025-06-02 00:00:00","128","1","1"
"1943","2023-12-23 21:12:00","CERRADA","2023-12-23 22:14:58.489048","2023-12-23 21:12:00","124.00",5,"2023-12-23 22:14:58.489048","1","8","1"
"1944","2024-09-06 14:31:00","CERRADA","2024-09-06 15:34:33.725131","2024-09-06 14:31:00","194.00",6,"2024-09-06 15:34:33.725131","95","6","1"
"1945","2025-04-19 20:25:00","CERRADA","2025-04-19 21:43:47.408185","2025-04-19 20:25:00","408.00",4,"2025-04-19 21:43:47.408185","4","6","1"
"1946","2024-08-22 13:05:00","CERRADA","2024-08-22 14:47:23.282904","2024-08-22 13:05:00","122.00",5,"2024-08-22 14:47:23.282904","1","8","1"
"1947","2025-06-02 00:00:00","CERRADA","2025-06-02 00:00:00","2025-06-02 00:00:00","219.00",3,"2025-06-02 00:00:00","125","14","1"
"1948","2023-08-10 20:31:00","CERRADA","2023-08-10 22:50:59.063004","2023-08-10 20:31:00","238.00",1,"2023-08-10 22:50:59.063004","171","11","1"
"1949","2025-06-02 00:00:00","CERRADA","2025-06-02 00:00:00","2025-06-02 00:00:00","159.00",1,"2025-06-02 00:00:00","131","1","1"
"1950","2025-06-02 00:00:00","CERRADA","2025-06-02 00:00:00","2025-06-02 00:00:00","271.00",5,"2025-06-02 00:00:00","1","14","1"
"1951","2025-03-25 19:50:00","CERRADA","2025-03-25 22:02:43.985585","2025-03-25 19:50:00","119.00",5,"2025-03-25 22:02:43.985585","258","1","1"
"1952","2025-03-28 19:43:00","CERRADA","2025-03-28 20:57:26.001113","2025-03-28 19:43:00","177.00",4,"2025-03-28 20:57:26.001113","1","11","1"
"1953","2023-09-15 12:09:00","CERRADA","2023-09-15 13:34:57.241818","2023-09-15 12:09:00","254.00",5,"2023-09-15 13:34:57.241818","286","12","1"
"1954","2025-06-02 00:00:00","CERRADA","2025-06-02 00:00:00","2025-06-02 00:00:00","615.00",8,"2025-06-02 00:00:00","27","8","1"
"1955","2025-06-02 00:00:00","CERRADA","2025-06-02 00:00:00","2025-06-02 00:00:00","130.00",5,"2025-06-02 00:00:00","265","11","1"
"1956","2025-06-02 00:00:00","CERRADA","2025-06-02 00:00:00","2025-06-02 00:00:00","73.00",7,"2025-06-02 00:00:00","137","3","1"
"1957","2024-07-26 21:42:00","CERRADA","2024-07-26 22:45:17.491727","2024-07-26 21:42:00","190.00",2,"2024-07-26 22:45:17.491727","89","2","1"
"1958","2023-09-07 20:51:00","CERRADA","2023-09-07 22:01:02.555961","2023-09-07 20:51:00","69.00",5,"2023-09-07 22:01:02.555961","1","11","1"
"1959","2023-08-30 12:46:00","CERRADA","2023-08-30 15:26:21.218037","2023-08-30 12:46:00","249.00",8,"2023-08-30 15:26:21.218037","294","9","1"
"1960","2023-08-13 14:19:00","CERRADA","2023-08-13 16:23:12.748425","2023-08-13 14:19:00","170.00",1,"2023-08-13 16:23:12.748425","150","15","1"
"1961","2024-11-22 20:28:00","CERRADA","2024-11-22 23:24:42.137921","2024-11-22 20:28:00","415.00",6,"2024-11-22 23:24:42.137921","63","8","1"
"1962","2023-08-04 12:26:00","CERRADA","2023-08-04 14:22:55.014982","2023-08-04 12:26:00","428.00",3,"2023-08-04 14:22:55.014982","7","9","1"
"1963","2023-12-15 20:25:00","CERRADA","2023-12-15 21:35:58.826696","2023-12-15 20:25:00","154.00",3,"2023-12-15 21:35:58.826696","49","14","1"
"1964","2024-11-06 20:17:00","CERRADA","2024-11-06 22:51:58.535666","2024-11-06 20:17:00","298.00",3,"2024-11-06 22:51:58.535666","45","15","1"
"1965","2024-09-18 21:59:00","CERRADA","2024-09-19 00:40:45.113133","2024-09-18 21:59:00","121.00",3,"2024-09-19 00:40:45.113133","218","9","1"
"1966","2025-01-24 14:57:00","CERRADA","2025-01-24 17:31:51.39015","2025-01-24 14:57:00","385.00",1,"2025-01-24 17:31:51.39015","27","5","1"
"1967","2024-05-31 20:41:00","CERRADA","2024-05-31 22:10:46.402926","2024-05-31 20:41:00","117.00",2,"2024-05-31 22:10:46.402926","1","7","1"
"1968","2024-05-08 19:37:00","CERRADA","2024-05-08 22:12:44.622116","2024-05-08 19:37:00","267.00",4,"2024-05-08 22:12:44.622116","285","9","1"
"1969","2023-12-08 20:59:00","CERRADA","2023-12-08 22:49:35.754081","2023-12-08 20:59:00","172.00",7,"2023-12-08 22:49:35.754081","1","11","1"
"1970","2024-02-28 14:28:00","CERRADA","2024-02-28 16:29:24.244447","2024-02-28 14:28:00","97.00",4,"2024-02-28 16:29:24.244447","194","7","1"
"1971","2024-12-27 13:59:00","CERRADA","2024-12-27 15:41:40.113819","2024-12-27 13:59:00","127.00",3,"2024-12-27 15:41:40.113819","229","1","1"
"1972","2024-12-15 20:50:00","CERRADA","2024-12-15 23:23:26.389987","2024-12-15 20:50:00","228.00",7,"2024-12-15 23:23:26.389987","1","14","1"
"1973","2025-02-21 14:25:00","CERRADA","2025-02-21 16:22:32.569922","2025-02-21 14:25:00","283.00",4,"2025-02-21 16:22:32.569922","206","9","1"
"1974","2025-02-07 20:53:00","CERRADA","2025-02-07 22:00:36.551837","2025-02-07 20:53:00","201.00",8,"2025-02-07 22:00:36.551837","1","13","1"
"1975","2025-01-22 13:22:00","CERRADA","2025-01-22 15:41:20.504173","2025-01-22 13:22:00","298.00",2,"2025-01-22 15:41:20.504173","111","14","1"
"1976","2023-12-28 13:30:00","CERRADA","2023-12-28 15:56:21.944046","2023-12-28 13:30:00","276.00",3,"2023-12-28 15:56:21.944046","1","11","1"
"1977","2024-12-16 20:06:00","CERRADA","2024-12-16 21:54:04.379733","2024-12-16 20:06:00","402.00",3,"2024-12-16 21:54:04.379733","1","6","1"
"1978","2023-11-24 14:31:00","CERRADA","2023-11-24 15:48:21.440835","2023-11-24 14:31:00","93.00",1,"2023-11-24 15:48:21.440835","1","12","1"
"1979","2025-06-02 00:00:00","CERRADA","2025-06-02 00:00:00","2025-06-02 00:00:00","206.00",6,"2025-06-02 00:00:00","51","7","1"
"1980","2023-08-07 14:38:00","CERRADA","2023-08-07 16:42:35.329054","2023-08-07 14:38:00","283.00",8,"2023-08-07 16:42:35.329054","34","8","1"
"1981","2024-12-13 12:55:00","CERRADA","2024-12-13 14:43:05.073305","2024-12-13 12:55:00","186.00",1,"2024-12-13 14:43:05.073305","1","11","1"
"1982","2024-12-08 12:50:00","CERRADA","2024-12-08 14:17:10.613986","2024-12-08 12:50:00","175.00",2,"2024-12-08 14:17:10.613986","1","3","1"
"1983","2025-06-02 00:00:00","CERRADA","2025-06-02 00:00:00","2025-06-02 00:00:00","210.00",7,"2025-06-02 00:00:00","96","15","1"
"1984","2025-05-15 20:24:00","CERRADA","2025-05-15 22:32:03.994066","2025-05-15 20:24:00","190.00",7,"2025-05-15 22:32:03.994066","1","4","1"
"1985","2025-01-24 21:03:00","CERRADA","2025-01-24 22:16:16.65106","2025-01-24 21:03:00","159.00",6,"2025-01-24 22:16:16.65106","48","6","1"
"1986","2024-06-07 21:02:00","CERRADA","2024-06-07 22:44:09.079509","2024-06-07 21:02:00","115.00",8,"2024-06-07 22:44:09.079509","94","1","1"
"1987","2024-01-20 20:51:00","CERRADA","2024-01-20 22:38:23.177508","2024-01-20 20:51:00","441.00",1,"2024-01-20 22:38:23.177508","42","7","1"
"1988","2023-08-15 20:03:00","CERRADA","2023-08-15 21:48:28.677078","2023-08-15 20:03:00","57.00",3,"2023-08-15 21:48:28.677078","129","7","1"
"1989","2023-10-20 14:11:00","CERRADA","2023-10-20 15:16:38.099811","2023-10-20 14:11:00","425.00",5,"2023-10-20 15:16:38.099811","14","10","1"
"1990","2024-12-23 19:03:00","CERRADA","2024-12-23 20:42:13.496296","2024-12-23 19:03:00","300.00",5,"2024-12-23 20:42:13.496296","1","7","1"
"1991","2024-04-19 19:21:00","CERRADA","2024-04-19 21:25:30.129287","2024-04-19 19:21:00","310.00",5,"2024-04-19 21:25:30.129287","84","1","1"
"1992","2024-12-23 20:01:00","CERRADA","2024-12-23 21:52:01.090518","2024-12-23 20:01:00","145.00",5,"2024-12-23 21:52:01.090518","232","13","1"
"1993","2024-06-26 13:49:00","CERRADA","2024-06-26 15:39:14.884597","2024-06-26 13:49:00","285.00",7,"2024-06-26 15:39:14.884597","191","5","1"
"1994","2025-03-14 13:59:00","CERRADA","2025-03-14 15:05:26.633295","2025-03-14 13:59:00","431.00",7,"2025-03-14 15:05:26.633295","29","2","1"
"1995","2023-08-06 19:56:00","CERRADA","2023-08-06 21:53:24.227262","2023-08-06 19:56:00","207.00",3,"2023-08-06 21:53:24.227262","219","3","1"
"1996","2024-04-20 12:05:00","CERRADA","2024-04-20 13:26:13.518112","2024-04-20 12:05:00","138.00",3,"2024-04-20 13:26:13.518112","161","7","1"
"1997","2024-12-29 21:24:00","CERRADA","2024-12-30 00:23:12.289245","2024-12-29 21:24:00","68.00",6,"2024-12-30 00:23:12.289245","53","2","1"
"1998","2024-10-04 19:45:00","CERRADA","2024-10-04 21:44:20.646361","2024-10-04 19:45:00","150.00",2,"2024-10-04 21:44:20.646361","276","1","1"
"1999","2023-12-01 14:28:00","CERRADA","2023-12-01 17:19:41.221496","2023-12-01 14:28:00","478.00",2,"2023-12-01 17:19:41.221496","102","14","1"
"2000","2024-09-06 14:54:00","CERRADA","2024-09-06 16:13:41.591587","2024-09-06 14:54:00","132.00",5,"2024-09-06 16:13:41.591587","1","15","1"
"2001","2023-12-23 14:14:00","CERRADA","2023-12-23 16:42:14.993489","2023-12-23 14:14:00","72.00",3,"2023-12-23 16:42:14.993489","1","2","1"
"2002","2024-08-16 19:55:00","CERRADA","2024-08-16 22:25:18.424659","2024-08-16 19:55:00","347.00",4,"2024-08-16 22:25:18.424659","1","6","1"
"2003","2024-06-13 13:19:00","CERRADA","2024-06-13 14:34:21.000255","2024-06-13 13:19:00","147.00",3,"2024-06-13 14:34:21.000255","285","6","1"
"2004","2024-02-16 14:03:00","CERRADA","2024-02-16 15:06:46.33583","2024-02-16 14:03:00","208.00",6,"2024-02-16 15:06:46.33583","121","9","1"
"2005","2025-04-04 14:47:00","CERRADA","2025-04-04 16:04:28.622375","2025-04-04 14:47:00","305.00",5,"2025-04-04 16:04:28.622375","1","5","1"
"2006","2023-12-22 19:18:00","CERRADA","2023-12-22 21:50:22.206674","2023-12-22 19:18:00","448.00",3,"2023-12-22 21:50:22.206674","41","2","1"
"2007","2024-09-06 13:15:00","CERRADA","2024-09-06 15:34:44.385947","2024-09-06 13:15:00","213.00",2,"2024-09-06 15:34:44.385947","253","11","1"
"2008","2023-07-07 20:24:00","CERRADA","2023-07-07 22:46:12.597569","2023-07-07 20:24:00","243.00",3,"2023-07-07 22:46:12.597569","87","8","1"
"2009","2024-05-29 12:51:00","CERRADA","2024-05-29 15:32:36.923146","2024-05-29 12:51:00","150.00",8,"2024-05-29 15:32:36.923146","1","15","1"
"2010","2024-02-23 12:24:00","CERRADA","2024-02-23 14:37:03.941674","2024-02-23 12:24:00","174.00",1,"2024-02-23 14:37:03.941674","200","4","1"
"2011","2024-12-13 20:57:00","CERRADA","2024-12-13 22:24:31.948249","2024-12-13 20:57:00","203.00",6,"2024-12-13 22:24:31.948249","1","4","1"
"2012","2023-06-16 21:50:00","CERRADA","2023-06-17 00:06:07.458187","2023-06-16 21:50:00","158.00",5,"2023-06-17 00:06:07.458187","1","15","1"
"2013","2024-08-30 12:53:00","CERRADA","2024-08-30 14:43:59.88949","2024-08-30 12:53:00","159.00",7,"2024-08-30 14:43:59.88949","37","12","1"
"2014","2024-02-17 14:16:00","CERRADA","2024-02-17 16:07:17.981833","2024-02-17 14:16:00","122.00",5,"2024-02-17 16:07:17.981833","1","5","1"
"2015","2025-05-09 13:28:00","CERRADA","2025-05-09 15:52:32.952986","2025-05-09 13:28:00","213.00",6,"2025-05-09 15:52:32.952986","1","4","1"
"2016","2024-12-03 19:32:00","CERRADA","2024-12-03 21:33:29.944803","2024-12-03 19:32:00","312.00",6,"2024-12-03 21:33:29.944803","9","11","1"
"2017","2025-02-28 20:33:00","CERRADA","2025-02-28 22:34:44.345751","2025-02-28 20:33:00","163.00",7,"2025-02-28 22:34:44.345751","277","12","1"
"2018","2024-08-11 12:17:00","CERRADA","2024-08-11 14:57:46.168852","2024-08-11 12:17:00","311.00",6,"2024-08-11 14:57:46.168852","33","5","1"
"2019","2023-07-09 20:34:00","CERRADA","2023-07-09 23:03:43.432744","2023-07-09 20:34:00","27.00",4,"2023-07-09 23:03:43.432744","131","7","1"
"2020","2023-10-15 21:14:00","CERRADA","2023-10-15 23:25:05.228844","2023-10-15 21:14:00","64.00",5,"2023-10-15 23:25:05.228844","131","3","1"
"2021","2023-11-03 21:35:00","CERRADA","2023-11-03 23:34:59.778076","2023-11-03 21:35:00","115.00",2,"2023-11-03 23:34:59.778076","122","4","1"
"2022","2023-12-01 12:45:00","CERRADA","2023-12-01 14:54:22.133265","2023-12-01 12:45:00","476.00",4,"2023-12-01 14:54:22.133265","82","15","1"
"2023","2023-07-06 13:11:00","CERRADA","2023-07-06 15:57:40.538367","2023-07-06 13:11:00","40.00",3,"2023-07-06 15:57:40.538367","1","3","1"
"2024","2024-08-23 12:32:00","CERRADA","2024-08-23 15:12:57.180456","2024-08-23 12:32:00","155.00",8,"2024-08-23 15:12:57.180456","269","7","1"
"2025","2024-07-05 14:12:00","CERRADA","2024-07-05 15:56:43.233693","2024-07-05 14:12:00","207.00",8,"2024-07-05 15:56:43.233693","287","15","1"
"2026","2024-08-28 21:15:00","CERRADA","2024-08-28 23:31:56.303638","2024-08-28 21:15:00","347.00",1,"2024-08-28 23:31:56.303638","1","5","1"
"2027","2024-10-11 20:41:00","CERRADA","2024-10-11 21:57:35.419435","2024-10-11 20:41:00","174.00",1,"2024-10-11 21:57:35.419435","263","13","1"
"2028","2025-06-02 00:00:00","CERRADA","2025-06-02 00:00:00","2025-06-02 00:00:00","130.00",6,"2025-06-02 00:00:00","211","14","1"
"2029","2023-06-09 14:47:00","CERRADA","2023-06-09 16:57:35.94931","2023-06-09 14:47:00","247.00",3,"2023-06-09 16:57:35.94931","208","15","1"
"2030","2025-05-09 21:24:00","CERRADA","2025-05-09 23:14:38.988962","2025-05-09 21:24:00","265.00",1,"2025-05-09 23:14:38.988962","40","6","1"
"2031","2024-07-21 21:53:00","CERRADA","2024-07-22 00:40:01.025669","2024-07-21 21:53:00","403.00",7,"2024-07-22 00:40:01.025669","8","15","1"
"2032","2024-12-06 20:17:00","CERRADA","2024-12-06 22:49:41.466656","2024-12-06 20:17:00","231.00",1,"2024-12-06 22:49:41.466656","1","5","1"
"2033","2024-06-12 19:26:00","CERRADA","2024-06-12 21:31:47.290288","2024-06-12 19:26:00","221.00",1,"2024-06-12 21:31:47.290288","269","10","1"
"2034","2023-11-17 12:33:00","CERRADA","2023-11-17 14:01:05.374861","2023-11-17 12:33:00","232.00",7,"2023-11-17 14:01:05.374861","74","7","1"
"2035","2024-09-27 21:31:00","CERRADA","2024-09-28 00:04:47.442828","2024-09-27 21:31:00","113.00",2,"2024-09-28 00:04:47.442828","286","9","1"
"2036","2023-12-08 20:29:00","CERRADA","2023-12-08 23:16:36.903722","2023-12-08 20:29:00","287.00",7,"2023-12-08 23:16:36.903722","17","6","1"
"2037","2023-09-01 14:29:00","CERRADA","2023-09-01 17:10:54.744918","2023-09-01 14:29:00","210.00",1,"2023-09-01 17:10:54.744918","123","3","1"
"2038","2024-06-28 20:54:00","CERRADA","2024-06-28 21:54:42.079394","2024-06-28 20:54:00","98.00",3,"2024-06-28 21:54:42.079394","297","9","1"
"2039","2023-10-22 14:21:00","CERRADA","2023-10-22 16:22:15.576674","2023-10-22 14:21:00","174.00",6,"2023-10-22 16:22:15.576674","1","15","1"
"2040","2024-10-18 21:47:00","CERRADA","2024-10-18 23:03:33.382152","2024-10-18 21:47:00","112.00",8,"2024-10-18 23:03:33.382152","1","2","1"
"2041","2023-09-08 21:35:00","CERRADA","2023-09-08 22:52:21.504672","2023-09-08 21:35:00","795.00",2,"2023-09-08 22:52:21.504672","96","13","1"
"2042","2024-08-01 14:32:00","CERRADA","2024-08-01 16:42:30.971114","2024-08-01 14:32:00","170.00",7,"2024-08-01 16:42:30.971114","208","3","1"
"2043","2024-12-29 14:43:00","CERRADA","2024-12-29 16:18:14.269032","2024-12-29 14:43:00","234.00",6,"2024-12-29 16:18:14.269032","137","12","1"
"2044","2024-11-01 13:08:00","CERRADA","2024-11-01 15:49:20.861424","2024-11-01 13:08:00","227.00",7,"2024-11-01 15:49:20.861424","25","6","1"
"2045","2023-07-28 21:57:00","CERRADA","2023-07-28 23:38:03.632176","2023-07-28 21:57:00","612.00",1,"2023-07-28 23:38:03.632176","2","12","1"
"2046","2024-08-04 13:32:00","CERRADA","2024-08-04 14:51:33.276003","2024-08-04 13:32:00","478.00",3,"2024-08-04 14:51:33.276003","29","8","1"
"2047","2023-06-09 21:58:00","CERRADA","2023-06-10 00:36:01.155012","2023-06-09 21:58:00","150.00",5,"2023-06-10 00:36:01.155012","169","15","1"
"2048","2024-02-09 12:24:00","CERRADA","2024-02-09 15:16:59.502096","2024-02-09 12:24:00","58.00",8,"2024-02-09 15:16:59.502096","136","12","1"
"2049","2023-08-11 20:41:00","CERRADA","2023-08-11 23:04:45.707643","2023-08-11 20:41:00","95.00",8,"2023-08-11 23:04:45.707643","193","1","1"
"2050","2025-06-02 00:00:00","CERRADA","2025-06-02 00:00:00","2025-06-02 00:00:00","86.00",2,"2025-06-02 00:00:00","1","2","1"
"2051","2024-07-19 21:23:00","CERRADA","2024-07-19 22:50:17.371925","2024-07-19 21:23:00","250.00",2,"2024-07-19 22:50:17.371925","1","11","1"
"2052","2023-07-26 12:02:00","CERRADA","2023-07-26 13:57:29.103277","2023-07-26 12:02:00","89.00",8,"2023-07-26 13:57:29.103277","1","13","1"
"2053","2025-05-02 14:57:00","CERRADA","2025-05-02 17:21:04.759646","2025-05-02 14:57:00","220.00",6,"2025-05-02 17:21:04.759646","1","10","1"
"2054","2024-12-28 13:51:00","CERRADA","2024-12-28 16:08:30.190033","2024-12-28 13:51:00","203.00",5,"2024-12-28 16:08:30.190033","1","2","1"
"2055","2024-08-02 19:22:00","CERRADA","2024-08-02 20:37:46.836444","2024-08-02 19:22:00","163.00",8,"2024-08-02 20:37:46.836444","1","9","1"
"2056","2024-07-29 20:50:00","CERRADA","2024-07-29 23:16:30.842602","2024-07-29 20:50:00","136.00",2,"2024-07-29 23:16:30.842602","243","13","1"
"2057","2024-12-15 12:02:00","CERRADA","2024-12-15 13:32:56.281882","2024-12-15 12:02:00","223.00",4,"2024-12-15 13:32:56.281882","1","8","1"
"2058","2024-08-15 13:56:00","CERRADA","2024-08-15 16:30:02.435206","2024-08-15 13:56:00","101.00",7,"2024-08-15 16:30:02.435206","182","13","1"
"2059","2024-12-12 12:25:00","CERRADA","2024-12-12 15:08:26.718257","2024-12-12 12:25:00","249.00",4,"2024-12-12 15:08:26.718257","226","5","1"
"2060","2024-08-16 13:45:00","CERRADA","2024-08-16 16:44:34.482282","2024-08-16 13:45:00","63.00",1,"2024-08-16 16:44:34.482282","1","7","1"
"2061","2024-12-13 13:24:00","CERRADA","2024-12-13 16:14:32.18885","2024-12-13 13:24:00","126.00",4,"2024-12-13 16:14:32.18885","1","15","1"
"2062","2024-07-21 14:21:00","CERRADA","2024-07-21 15:27:22.125384","2024-07-21 14:21:00","230.00",5,"2024-07-21 15:27:22.125384","1","11","1"
"2063","2025-05-23 20:21:00","CERRADA","2025-05-23 22:03:17.562369","2025-05-23 20:21:00","185.00",5,"2025-05-23 22:03:17.562369","1","15","1"
"2064","2025-01-03 20:02:00","CERRADA","2025-01-03 22:06:54.063499","2025-01-03 20:02:00","126.00",4,"2025-01-03 22:06:54.063499","205","3","1"
"2065","2024-10-19 12:42:00","CERRADA","2024-10-19 15:40:48.812488","2024-10-19 12:42:00","182.00",1,"2024-10-19 15:40:48.812488","168","2","1"
"2066","2023-09-15 19:06:00","CERRADA","2023-09-15 21:18:07.394538","2023-09-15 19:06:00","104.00",2,"2023-09-15 21:18:07.394538","121","2","1"
"2067","2025-05-23 12:43:00","CERRADA","2025-05-23 15:07:19.419761","2025-05-23 12:43:00","393.00",5,"2025-05-23 15:07:19.419761","74","6","1"
"2068","2024-02-02 14:44:00","CERRADA","2024-02-02 17:36:51.576767","2024-02-02 14:44:00","254.00",6,"2024-02-02 17:36:51.576767","14","7","1"
"2069","2025-04-18 14:50:00","CERRADA","2025-04-18 17:25:15.981007","2025-04-18 14:50:00","645.00",2,"2025-04-18 17:25:15.981007","2","15","1"
"2070","2024-08-02 12:05:00","CERRADA","2024-08-02 13:43:20.454289","2024-08-02 12:05:00","227.00",3,"2024-08-02 13:43:20.454289","32","1","1"
"2071","2025-04-02 19:40:00","CERRADA","2025-04-02 22:26:52.296775","2025-04-02 19:40:00","210.00",6,"2025-04-02 22:26:52.296775","95","15","1"
"2072","2024-10-18 13:54:00","CERRADA","2024-10-18 15:09:29.772974","2024-10-18 13:54:00","158.00",1,"2024-10-18 15:09:29.772974","226","5","1"
"2073","2025-05-27 21:01:00","CERRADA","2025-05-27 23:50:36.878065","2025-05-27 21:01:00","133.00",6,"2025-05-27 23:50:36.878065","27","15","1"
"2074","2024-07-12 13:19:00","CERRADA","2024-07-12 15:51:44.601734","2024-07-12 13:19:00","377.00",1,"2024-07-12 15:51:44.601734","35","1","1"
"2075","2024-03-15 13:27:00","CERRADA","2024-03-15 14:32:28.371343","2024-03-15 13:27:00","285.00",1,"2024-03-15 14:32:28.371343","298","2","1"
"2076","2024-12-13 12:14:00","CERRADA","2024-12-13 15:12:51.496685","2024-12-13 12:14:00","188.00",2,"2024-12-13 15:12:51.496685","147","2","1"
"2077","2024-08-21 21:36:00","CERRADA","2024-08-21 23:16:51.366796","2024-08-21 21:36:00","380.00",6,"2024-08-21 23:16:51.366796","91","9","1"
"2078","2023-08-04 20:00:00","CERRADA","2023-08-04 22:17:17.702305","2023-08-04 20:00:00","152.00",1,"2023-08-04 22:17:17.702305","200","2","1"
"2079","2023-08-18 19:16:00","CERRADA","2023-08-18 20:21:17.439586","2023-08-18 19:16:00","48.00",1,"2023-08-18 20:21:17.439586","221","15","1"
"2080","2025-05-13 13:42:00","CERRADA","2025-05-13 15:05:15.687009","2025-05-13 13:42:00","75.00",5,"2025-05-13 15:05:15.687009","125","8","1"
"2081","2024-01-19 19:24:00","CERRADA","2024-01-19 21:55:03.092039","2024-01-19 19:24:00","121.00",6,"2024-01-19 21:55:03.092039","1","5","1"
"2082","2023-06-16 12:04:00","CERRADA","2023-06-16 14:03:11.257944","2023-06-16 12:04:00","327.00",6,"2023-06-16 14:03:11.257944","1","6","1"
"2083","2023-07-13 19:34:00","CERRADA","2023-07-13 21:04:34.352402","2023-07-13 19:34:00","246.00",5,"2023-07-13 21:04:34.352402","1","6","1"
"2084","2024-01-12 12:04:00","CERRADA","2024-01-12 13:05:49.680072","2024-01-12 12:04:00","446.00",3,"2024-01-12 13:05:49.680072","97","11","1"
"2085","2025-03-21 21:02:00","CERRADA","2025-03-21 22:44:44.420356","2025-03-21 21:02:00","50.00",1,"2025-03-21 22:44:44.420356","1","10","1"
"2086","2024-07-08 12:24:00","CERRADA","2024-07-08 14:11:06.590955","2024-07-08 12:24:00","304.00",7,"2024-07-08 14:11:06.590955","278","9","1"
"2087","2024-03-16 19:21:00","CERRADA","2024-03-16 21:51:30.507063","2024-03-16 19:21:00","254.00",1,"2024-03-16 21:51:30.507063","71","10","1"
"2088","2024-04-28 12:10:00","CERRADA","2024-04-28 14:21:12.617433","2024-04-28 12:10:00","244.00",8,"2024-04-28 14:21:12.617433","1","9","1"
"2089","2024-07-12 13:26:00","CERRADA","2024-07-12 15:46:31.462552","2024-07-12 13:26:00","148.00",3,"2024-07-12 15:46:31.462552","218","5","1"
"2090","2025-05-16 20:11:00","CERRADA","2025-05-16 21:20:19.711321","2025-05-16 20:11:00","112.00",1,"2025-05-16 21:20:19.711321","1","13","1"
"2091","2025-06-02 00:00:00","CERRADA","2025-06-02 00:00:00","2025-06-02 00:00:00","101.00",1,"2025-06-02 00:00:00","239","15","1"
"2092","2023-12-08 13:06:00","CERRADA","2023-12-08 15:23:38.651472","2023-12-08 13:06:00","240.00",1,"2023-12-08 15:23:38.651472","1","4","1"
"2093","2024-11-20 19:46:00","CERRADA","2024-11-20 20:46:30.786646","2024-11-20 19:46:00","294.00",6,"2024-11-20 20:46:30.786646","89","2","1"
"2094","2023-08-29 14:35:00","CERRADA","2023-08-29 16:41:04.327995","2023-08-29 14:35:00","316.00",2,"2023-08-29 16:41:04.327995","50","7","1"
"2095","2025-06-02 00:00:00","CERRADA","2025-06-02 00:00:00","2025-06-02 00:00:00","66.00",8,"2025-06-02 00:00:00","162","10","1"
"2096","2024-02-02 21:38:00","CERRADA","2024-02-03 00:20:58.17676","2024-02-02 21:38:00","305.00",6,"2024-02-03 00:20:58.17676","27","13","1"
"2097","2024-11-03 13:51:00","CERRADA","2024-11-03 15:52:05.264544","2024-11-03 13:51:00","289.00",3,"2024-11-03 15:52:05.264544","194","10","1"
"2098","2025-04-11 13:46:00","CERRADA","2025-04-11 16:16:28.747835","2025-04-11 13:46:00","194.00",1,"2025-04-11 16:16:28.747835","161","14","1"
"2099","2025-06-02 00:00:00","CERRADA","2025-06-02 00:00:00","2025-06-02 00:00:00","282.00",4,"2025-06-02 00:00:00","29","3","1"
"2100","2024-10-12 21:08:00","CERRADA","2024-10-12 23:58:56.794296","2024-10-12 21:08:00","206.00",5,"2024-10-12 23:58:56.794296","47","5","1"
"2101","2023-08-11 14:36:00","CERRADA","2023-08-11 16:48:17.59298","2023-08-11 14:36:00","93.00",2,"2023-08-11 16:48:17.59298","1","12","1"
"2102","2025-06-02 00:00:00","CERRADA","2025-06-02 00:00:00","2025-06-02 00:00:00","805.00",3,"2025-06-02 00:00:00","7","11","1"
"2103","2023-10-13 13:44:00","CERRADA","2023-10-13 16:29:05.835741","2023-10-13 13:44:00","168.00",3,"2023-10-13 16:29:05.835741","78","4","1"
"2104","2024-11-01 12:26:00","CERRADA","2024-11-01 13:56:24.952719","2024-11-01 12:26:00","531.00",3,"2024-11-01 13:56:24.952719","101","1","1"
"2105","2024-08-30 20:06:00","CERRADA","2024-08-30 22:19:19.957763","2024-08-30 20:06:00","308.00",4,"2024-08-30 22:19:19.957763","31","6","1"
"2106","2025-04-04 19:43:00","CERRADA","2025-04-04 22:29:00.914834","2025-04-04 19:43:00","263.00",1,"2025-04-04 22:29:00.914834","38","11","1"
"2107","2024-07-23 20:47:00","CERRADA","2024-07-23 23:41:41.663875","2024-07-23 20:47:00","157.00",5,"2024-07-23 23:41:41.663875","39","8","1"
"2108","2024-12-07 19:25:00","CERRADA","2024-12-07 20:44:27.856987","2024-12-07 19:25:00","529.00",4,"2024-12-07 20:44:27.856987","16","5","1"
"2109","2024-08-18 20:56:00","CERRADA","2024-08-18 22:40:13.735702","2024-08-18 20:56:00","156.00",7,"2024-08-18 22:40:13.735702","105","2","1"
"2110","2024-09-15 12:24:00","CERRADA","2024-09-15 13:52:03.848746","2024-09-15 12:24:00","336.00",7,"2024-09-15 13:52:03.848746","1","14","1"
"2111","2024-06-07 14:49:00","CERRADA","2024-06-07 17:20:34.082868","2024-06-07 14:49:00","407.00",7,"2024-06-07 17:20:34.082868","80","2","1"
"2112","2024-07-06 20:49:00","CERRADA","2024-07-06 22:11:37.664504","2024-07-06 20:49:00","331.00",7,"2024-07-06 22:11:37.664504","20","8","1"
"2113","2024-04-06 19:12:00","CERRADA","2024-04-06 20:27:32.225553","2024-04-06 19:12:00","124.00",1,"2024-04-06 20:27:32.225553","215","6","1"
"2114","2023-07-01 19:42:00","CERRADA","2023-07-01 20:58:29.607127","2023-07-01 19:42:00","319.00",2,"2023-07-01 20:58:29.607127","70","7","1"
"2115","2024-12-29 20:40:00","CERRADA","2024-12-29 23:26:21.247274","2024-12-29 20:40:00","224.00",6,"2024-12-29 23:26:21.247274","1","6","1"
"2116","2025-06-02 00:00:00","CERRADA","2025-06-02 00:00:00","2025-06-02 00:00:00","126.00",2,"2025-06-02 00:00:00","254","10","1"
"2117","2024-03-01 13:56:00","CERRADA","2024-03-01 15:12:04.6409","2024-03-01 13:56:00","182.00",7,"2024-03-01 15:12:04.6409","294","11","1"
"2118","2023-12-10 14:34:00","CERRADA","2023-12-10 16:02:18.12156","2023-12-10 14:34:00","48.00",8,"2023-12-10 16:02:18.12156","1","5","1"
"2119","2025-06-02 00:00:00","CERRADA","2025-06-02 00:00:00","2025-06-02 00:00:00","352.00",1,"2025-06-02 00:00:00","105","14","1"
"2120","2024-07-05 14:31:00","CERRADA","2024-07-05 16:10:41.94123","2024-07-05 14:31:00","250.00",8,"2024-07-05 16:10:41.94123","138","6","1"
"2121","2023-12-29 14:36:00","CERRADA","2023-12-29 16:32:39.754589","2023-12-29 14:36:00","232.00",6,"2023-12-29 16:32:39.754589","139","12","1"
"2122","2025-01-30 12:27:00","CERRADA","2025-01-30 13:52:02.076525","2025-01-30 12:27:00","87.00",7,"2025-01-30 13:52:02.076525","1","7","1"
"2123","2024-03-22 12:36:00","CERRADA","2024-03-22 14:15:50.691032","2024-03-22 12:36:00","353.00",6,"2024-03-22 14:15:50.691032","42","3","1"
"2124","2024-11-08 19:38:00","CERRADA","2024-11-08 20:55:06.686704","2024-11-08 19:38:00","76.00",5,"2024-11-08 20:55:06.686704","1","10","1"
"2125","2024-07-12 12:54:00","CERRADA","2024-07-12 15:44:42.993338","2024-07-12 12:54:00","130.00",7,"2024-07-12 15:44:42.993338","1","6","1"
"2126","2024-06-12 12:17:00","CERRADA","2024-06-12 13:38:47.467106","2024-06-12 12:17:00","167.00",4,"2024-06-12 13:38:47.467106","143","3","1"
"2127","2025-06-02 00:00:00","CERRADA","2025-06-02 00:00:00","2025-06-02 00:00:00","213.00",5,"2025-06-02 00:00:00","148","1","1"
"2128","2024-12-06 19:14:00","CERRADA","2024-12-06 21:32:56.055463","2024-12-06 19:14:00","360.00",5,"2024-12-06 21:32:56.055463","1","15","1"
"2129","2023-07-07 12:31:00","CERRADA","2023-07-07 15:23:49.056104","2023-07-07 12:31:00","335.00",1,"2023-07-07 15:23:49.056104","55","15","1"
"2130","2023-12-25 20:28:00","CERRADA","2023-12-25 21:39:05.122224","2023-12-25 20:28:00","50.00",3,"2023-12-25 21:39:05.122224","1","15","1"
"2131","2023-11-10 21:17:00","CERRADA","2023-11-10 23:45:41.695531","2023-11-10 21:17:00","284.00",6,"2023-11-10 23:45:41.695531","1","5","1"
"2132","2024-02-23 21:31:00","CERRADA","2024-02-23 22:36:49.987888","2024-02-23 21:31:00","241.00",8,"2024-02-23 22:36:49.987888","260","13","1"
"2133","2025-05-16 21:52:00","CERRADA","2025-05-16 23:09:42.632912","2025-05-16 21:52:00","536.00",1,"2025-05-16 23:09:42.632912","85","14","1"
"2134","2023-10-20 14:26:00","CERRADA","2023-10-20 15:48:35.761986","2023-10-20 14:26:00","137.00",8,"2023-10-20 15:48:35.761986","1","8","1"
"2135","2025-03-24 21:44:00","CERRADA","2025-03-24 23:26:51.191408","2025-03-24 21:44:00","245.00",1,"2025-03-24 23:26:51.191408","59","5","1"
"2136","2023-06-27 21:33:00","CERRADA","2023-06-27 23:51:59.654141","2023-06-27 21:33:00","236.00",2,"2023-06-27 23:51:59.654141","226","15","1"
"2137","2024-07-09 12:19:00","CERRADA","2024-07-09 13:41:21.421776","2024-07-09 12:19:00","158.00",3,"2024-07-09 13:41:21.421776","14","15","1"
"2138","2023-12-29 21:50:00","CERRADA","2023-12-29 23:04:48.608861","2023-12-29 21:50:00","107.00",7,"2023-12-29 23:04:48.608861","101","2","1"
"2139","2024-11-24 19:10:00","CERRADA","2024-11-24 21:59:00.718444","2024-11-24 19:10:00","141.00",7,"2024-11-24 21:59:00.718444","1","13","1"
"2140","2024-05-26 19:11:00","CERRADA","2024-05-26 21:59:46.686129","2024-05-26 19:11:00","216.00",6,"2024-05-26 21:59:46.686129","103","7","1"
"2141","2024-02-09 20:22:00","CERRADA","2024-02-09 23:01:16.178349","2024-02-09 20:22:00","160.00",8,"2024-02-09 23:01:16.178349","97","10","1"
"2142","2024-12-02 19:14:00","CERRADA","2024-12-02 21:37:55.035715","2024-12-02 19:14:00","250.00",4,"2024-12-02 21:37:55.035715","1","11","1"
"2143","2023-06-09 21:44:00","CERRADA","2023-06-10 00:23:23.799739","2023-06-09 21:44:00","158.00",3,"2023-06-10 00:23:23.799739","269","10","1"
"2144","2024-01-19 12:32:00","CERRADA","2024-01-19 14:14:00.058106","2024-01-19 12:32:00","301.00",6,"2024-01-19 14:14:00.058106","1","4","1"
"2145","2024-12-17 13:24:00","CERRADA","2024-12-17 15:36:51.366915","2024-12-17 13:24:00","88.00",1,"2024-12-17 15:36:51.366915","205","2","1"
"2146","2023-12-29 19:07:00","CERRADA","2023-12-29 20:25:42.990618","2023-12-29 19:07:00","200.00",3,"2023-12-29 20:25:42.990618","1","2","1"
"2147","2025-05-30 21:50:00","CERRADA","2025-05-31 00:31:01.06451","2025-05-30 21:50:00","239.00",3,"2025-05-31 00:31:01.06451","285","4","1"
"2148","2024-07-19 14:08:00","CERRADA","2024-07-19 15:25:25.069968","2024-07-19 14:08:00","145.00",5,"2024-07-19 15:25:25.069968","136","9","1"
"2149","2023-10-25 20:01:00","CERRADA","2023-10-25 22:17:10.131135","2023-10-25 20:01:00","273.00",3,"2023-10-25 22:17:10.131135","1","4","1"
"2150","2023-11-10 21:36:00","CERRADA","2023-11-10 22:54:30.837599","2023-11-10 21:36:00","172.00",5,"2023-11-10 22:54:30.837599","1","5","1"
"2151","2023-12-01 12:24:00","CERRADA","2023-12-01 13:45:57.891427","2023-12-01 12:24:00","68.00",3,"2023-12-01 13:45:57.891427","1","11","1"
"2152","2024-06-16 13:53:00","CERRADA","2024-06-16 16:40:39.039633","2024-06-16 13:53:00","180.00",4,"2024-06-16 16:40:39.039633","1","6","1"
"2153","2023-08-09 12:17:00","CERRADA","2023-08-09 14:04:37.102169","2023-08-09 12:17:00","229.00",4,"2023-08-09 14:04:37.102169","1","8","1"
"2154","2024-02-02 13:54:00","CERRADA","2024-02-02 16:01:04.011645","2024-02-02 13:54:00","257.00",2,"2024-02-02 16:01:04.011645","1","5","1"
"2155","2023-11-03 13:49:00","CERRADA","2023-11-03 15:35:14.640844","2023-11-03 13:49:00","332.00",6,"2023-11-03 15:35:14.640844","64","11","1"
"2156","2025-04-11 21:30:00","CERRADA","2025-04-11 23:48:49.327013","2025-04-11 21:30:00","238.00",5,"2025-04-11 23:48:49.327013","31","9","1"
"2157","2024-10-04 20:04:00","CERRADA","2024-10-04 22:39:54.831586","2024-10-04 20:04:00","221.00",5,"2024-10-04 22:39:54.831586","162","12","1"
"2158","2024-06-14 14:04:00","CERRADA","2024-06-14 15:13:17.950789","2024-06-14 14:04:00","252.00",2,"2024-06-14 15:13:17.950789","1","11","1"
"2159","2024-12-10 12:36:00","CERRADA","2024-12-10 15:02:30.454962","2024-12-10 12:36:00","232.00",6,"2024-12-10 15:02:30.454962","1","11","1"
"2160","2024-09-06 13:03:00","CERRADA","2024-09-06 15:00:15.55472","2024-09-06 13:03:00","354.00",6,"2024-09-06 15:00:15.55472","110","10","1"
"2161","2023-07-24 12:39:00","CERRADA","2023-07-24 15:23:01.515969","2023-07-24 12:39:00","190.00",5,"2023-07-24 15:23:01.515969","72","1","1"
"2162","2023-11-03 20:15:00","CERRADA","2023-11-03 22:45:13.663909","2023-11-03 20:15:00","324.00",2,"2023-11-03 22:45:13.663909","71","12","1"
"2163","2024-07-26 19:13:00","CERRADA","2024-07-26 20:21:54.192136","2024-07-26 19:13:00","196.00",8,"2024-07-26 20:21:54.192136","208","8","1"
"2164","2025-06-02 00:00:00","CERRADA","2025-06-02 00:00:00","2025-06-02 00:00:00","145.00",2,"2025-06-02 00:00:00","249","4","1"
"2165","2025-03-28 21:59:00","CERRADA","2025-03-28 23:23:57.635057","2025-03-28 21:59:00","144.00",8,"2025-03-28 23:23:57.635057","175","12","1"
"2166","2023-12-29 19:21:00","CERRADA","2023-12-29 20:58:03.120199","2023-12-29 19:21:00","79.00",5,"2023-12-29 20:58:03.120199","294","15","1"
"2167","2023-12-08 13:07:00","CERRADA","2023-12-08 15:17:19.873259","2023-12-08 13:07:00","54.00",6,"2023-12-08 15:17:19.873259","264","11","1"
"2168","2024-08-11 20:40:00","CERRADA","2024-08-11 22:34:43.882613","2024-08-11 20:40:00","548.00",6,"2024-08-11 22:34:43.882613","14","13","1"
"2169","2025-06-02 00:00:00","CERRADA","2025-06-02 00:00:00","2025-06-02 00:00:00","216.00",1,"2025-06-02 00:00:00","1","8","1"
"2170","2024-04-05 14:56:00","CERRADA","2024-04-05 17:48:55.174253","2024-04-05 14:56:00","158.00",7,"2024-04-05 17:48:55.174253","224","8","1"
"2171","2024-08-11 14:02:00","CERRADA","2024-08-11 15:04:45.985844","2024-08-11 14:02:00","115.00",6,"2024-08-11 15:04:45.985844","105","7","1"
"2172","2024-09-27 19:17:00","CERRADA","2024-09-27 21:24:48.333404","2024-09-27 19:17:00","277.00",4,"2024-09-27 21:24:48.333404","163","12","1"
"2173","2023-09-22 14:08:00","CERRADA","2023-09-22 16:16:19.030282","2023-09-22 14:08:00","64.00",2,"2023-09-22 16:16:19.030282","239","8","1"
"2174","2025-05-16 12:11:00","CERRADA","2025-05-16 13:55:09.649269","2025-05-16 12:11:00","239.00",1,"2025-05-16 13:55:09.649269","166","4","1"
"2175","2024-07-29 13:05:00","CERRADA","2024-07-29 15:47:23.942659","2024-07-29 13:05:00","244.00",8,"2024-07-29 15:47:23.942659","272","3","1"
"2176","2025-02-21 19:42:00","CERRADA","2025-02-21 21:34:09.296632","2025-02-21 19:42:00","51.00",6,"2025-02-21 21:34:09.296632","270","10","1"
"2177","2024-03-27 14:50:00","CERRADA","2024-03-27 15:58:45.556315","2024-03-27 14:50:00","199.00",5,"2024-03-27 15:58:45.556315","171","13","1"
"2178","2024-07-12 13:48:00","CERRADA","2024-07-12 16:00:53.718877","2024-07-12 13:48:00","196.00",2,"2024-07-12 16:00:53.718877","1","10","1"
"2179","2024-12-15 14:56:00","CERRADA","2024-12-15 16:45:11.408561","2024-12-15 14:56:00","100.00",5,"2024-12-15 16:45:11.408561","1","14","1"
"2180","2024-01-19 19:08:00","CERRADA","2024-01-19 21:20:39.159014","2024-01-19 19:08:00","158.00",3,"2024-01-19 21:20:39.159014","289","3","1"
"2181","2023-07-15 20:28:00","CERRADA","2023-07-15 21:43:29.439071","2023-07-15 20:28:00","202.00",5,"2023-07-15 21:43:29.439071","113","10","1"
"2182","2023-07-21 20:22:00","CERRADA","2023-07-21 21:45:07.558023","2023-07-21 20:22:00","260.00",8,"2023-07-21 21:45:07.558023","60","14","1"
"2183","2024-07-27 12:15:00","CERRADA","2024-07-27 13:16:13.156609","2024-07-27 12:15:00","102.00",6,"2024-07-27 13:16:13.156609","213","6","1"
"2184","2024-12-26 13:36:00","CERRADA","2024-12-26 14:42:33.1753","2024-12-26 13:36:00","260.00",5,"2024-12-26 14:42:33.1753","292","7","1"
"2185","2023-09-29 14:54:00","CERRADA","2023-09-29 16:41:13.07259","2023-09-29 14:54:00","205.00",3,"2023-09-29 16:41:13.07259","184","2","1"
"2186","2025-01-24 19:00:00","CERRADA","2025-01-24 21:06:38.716107","2025-01-24 19:00:00","59.00",6,"2025-01-24 21:06:38.716107","202","4","1"
"2187","2023-08-11 14:12:00","CERRADA","2023-08-11 15:43:07.499329","2023-08-11 14:12:00","103.00",4,"2023-08-11 15:43:07.499329","42","15","1"
"2188","2023-08-18 14:03:00","CERRADA","2023-08-18 16:49:12.129654","2023-08-18 14:03:00","215.00",2,"2023-08-18 16:49:12.129654","200","4","1"
"2189","2023-11-10 12:54:00","CERRADA","2023-11-10 14:23:50.359454","2023-11-10 12:54:00","263.00",7,"2023-11-10 14:23:50.359454","95","4","1"
"2190","2024-07-26 14:14:00","CERRADA","2024-07-26 16:33:35.656975","2024-07-26 14:14:00","52.00",5,"2024-07-26 16:33:35.656975","151","3","1"
"2191","2024-12-06 21:20:00","CERRADA","2024-12-06 23:45:17.440476","2024-12-06 21:20:00","173.00",7,"2024-12-06 23:45:17.440476","214","9","1"
"2192","2024-06-26 13:56:00","CERRADA","2024-06-26 16:32:33.96724","2024-06-26 13:56:00","243.00",5,"2024-06-26 16:32:33.96724","1","10","1"
"2193","2023-08-11 12:19:00","CERRADA","2023-08-11 13:43:56.443132","2023-08-11 12:19:00","199.00",5,"2023-08-11 13:43:56.443132","251","8","1"
"2194","2023-07-21 20:17:00","CERRADA","2023-07-21 22:07:39.295009","2023-07-21 20:17:00","304.00",6,"2023-07-21 22:07:39.295009","81","4","1"
"2195","2023-07-17 20:50:00","CERRADA","2023-07-17 22:18:03.166463","2023-07-17 20:50:00","200.00",6,"2023-07-17 22:18:03.166463","231","13","1"
"2196","2025-06-02 00:00:00","CERRADA","2025-06-02 00:00:00","2025-06-02 00:00:00","400.00",7,"2025-06-02 00:00:00","70","6","1"
"2197","2025-05-16 19:23:00","CERRADA","2025-05-16 22:14:56.265686","2025-05-16 19:23:00","170.00",2,"2025-05-16 22:14:56.265686","241","8","1"
"2198","2025-02-15 14:15:00","CERRADA","2025-02-15 17:02:50.244031","2025-02-15 14:15:00","163.00",8,"2025-02-15 17:02:50.244031","220","3","1"
"2199","2024-01-05 13:58:00","CERRADA","2024-01-05 15:25:41.978499","2024-01-05 13:58:00","166.00",6,"2024-01-05 15:25:41.978499","144","11","1"
"2200","2023-12-24 13:02:00","CERRADA","2023-12-24 14:17:14.801746","2023-12-24 13:02:00","214.00",8,"2023-12-24 14:17:14.801746","134","14","1"
"2201","2023-07-08 21:51:00","CERRADA","2023-07-08 23:06:53.2998","2023-07-08 21:51:00","88.00",1,"2023-07-08 23:06:53.2998","36","13","1"
"2202","2024-07-29 20:29:00","CERRADA","2024-07-29 22:56:33.460663","2024-07-29 20:29:00","126.00",8,"2024-07-29 22:56:33.460663","193","1","1"
"2203","2025-03-20 14:26:00","CERRADA","2025-03-20 15:38:42.270103","2025-03-20 14:26:00","118.00",8,"2025-03-20 15:38:42.270103","1","14","1"
"2204","2024-03-01 20:14:00","CERRADA","2024-03-01 22:18:25.125143","2024-03-01 20:14:00","252.00",3,"2024-03-01 22:18:25.125143","1","10","1"
"2205","2025-03-07 12:11:00","CERRADA","2025-03-07 13:29:39.973235","2025-03-07 12:11:00","153.00",8,"2025-03-07 13:29:39.973235","1","3","1"
"2206","2024-12-29 21:47:00","CERRADA","2024-12-29 23:04:41.51667","2024-12-29 21:47:00","197.00",7,"2024-12-29 23:04:41.51667","177","7","1"
"2207","2024-09-06 13:06:00","CERRADA","2024-09-06 14:21:35.933237","2024-09-06 13:06:00","259.00",4,"2024-09-06 14:21:35.933237","129","11","1"
"2208","2024-11-08 21:35:00","CERRADA","2024-11-08 23:24:54.686355","2024-11-08 21:35:00","590.00",8,"2024-11-08 23:24:54.686355","26","2","1"
"2209","2025-04-17 12:29:00","CERRADA","2025-04-17 15:11:36.415775","2025-04-17 12:29:00","225.00",1,"2025-04-17 15:11:36.415775","1","10","1"
"2210","2025-05-16 13:38:00","CERRADA","2025-05-16 14:56:07.564267","2025-05-16 13:38:00","279.00",5,"2025-05-16 14:56:07.564267","1","8","1"
"2211","2023-12-01 12:31:00","CERRADA","2023-12-01 13:43:14.570369","2023-12-01 12:31:00","111.00",6,"2023-12-01 13:43:14.570369","130","12","1"
"2212","2024-02-16 13:01:00","CERRADA","2024-02-16 14:44:17.159217","2024-02-16 13:01:00","231.00",5,"2024-02-16 14:44:17.159217","254","7","1"
"2213","2023-12-01 14:37:00","CERRADA","2023-12-01 17:22:29.304509","2023-12-01 14:37:00","288.00",7,"2023-12-01 17:22:29.304509","75","2","1"
"2214","2023-06-03 13:18:00","CERRADA","2023-06-03 14:53:19.87903","2023-06-03 13:18:00","215.00",4,"2023-06-03 14:53:19.87903","100","15","1"
"2215","2024-11-08 12:17:00","CERRADA","2024-11-08 14:12:45.299525","2024-11-08 12:17:00","601.00",8,"2024-11-08 14:12:45.299525","11","5","1"
"2216","2025-02-19 21:22:00","CERRADA","2025-02-19 22:30:33.874373","2025-02-19 21:22:00","368.00",6,"2025-02-19 22:30:33.874373","1","1","1"
"2217","2025-06-02 00:00:00","CERRADA","2025-06-02 00:00:00","2025-06-02 00:00:00","61.00",4,"2025-06-02 00:00:00","1","6","1"
"2218","2024-08-02 19:30:00","CERRADA","2024-08-02 21:08:16.128834","2024-08-02 19:30:00","86.00",6,"2024-08-02 21:08:16.128834","83","15","1"
"2219","2023-06-23 14:34:00","CERRADA","2023-06-23 15:44:02.74768","2023-06-23 14:34:00","216.00",3,"2023-06-23 15:44:02.74768","185","10","1"
"2220","2025-04-04 13:09:00","CERRADA","2025-04-04 15:20:06.209987","2025-04-04 13:09:00","51.00",1,"2025-04-04 15:20:06.209987","1","3","1"
"2221","2024-01-12 14:48:00","CERRADA","2024-01-12 17:07:46.851777","2024-01-12 14:48:00","98.00",7,"2024-01-12 17:07:46.851777","167","15","1"
"2222","2024-09-18 21:26:00","CERRADA","2024-09-18 22:46:40.995392","2024-09-18 21:26:00","254.00",4,"2024-09-18 22:46:40.995392","121","7","1"
"2223","2023-07-21 21:16:00","CERRADA","2023-07-21 23:30:49.217118","2023-07-21 21:16:00","243.00",3,"2023-07-21 23:30:49.217118","153","11","1"
"2224","2023-12-22 21:34:00","CERRADA","2023-12-23 00:05:14.038456","2023-12-22 21:34:00","110.00",2,"2023-12-23 00:05:14.038456","284","6","1"
"2225","2025-06-02 00:00:00","CERRADA","2025-06-02 00:00:00","2025-06-02 00:00:00","251.00",4,"2025-06-02 00:00:00","141","10","1"
"2226","2024-06-17 12:45:00","CERRADA","2024-06-17 14:29:41.924247","2024-06-17 12:45:00","555.00",2,"2024-06-17 14:29:41.924247","90","13","1"
"2227","2024-12-06 12:06:00","CERRADA","2024-12-06 14:37:37.746594","2024-12-06 12:06:00","92.00",7,"2024-12-06 14:37:37.746594","224","9","1"
"2228","2024-07-05 13:53:00","CERRADA","2024-07-05 16:33:25.105209","2024-07-05 13:53:00","336.00",1,"2024-07-05 16:33:25.105209","169","5","1"
"2229","2024-08-27 14:33:00","CERRADA","2024-08-27 16:12:16.504071","2024-08-27 14:33:00","206.00",8,"2024-08-27 16:12:16.504071","200","3","1"
"2230","2024-03-16 14:49:00","CERRADA","2024-03-16 17:18:26.561658","2024-03-16 14:49:00","132.00",7,"2024-03-16 17:18:26.561658","200","11","1"
"2231","2025-04-11 21:59:00","CERRADA","2025-04-11 23:51:20.054734","2025-04-11 21:59:00","539.00",5,"2025-04-11 23:51:20.054734","68","4","1"
"2232","2023-08-23 13:39:00","CERRADA","2023-08-23 15:09:21.13664","2023-08-23 13:39:00","507.00",3,"2023-08-23 15:09:21.13664","40","4","1"
"2233","2024-11-06 21:55:00","CERRADA","2024-11-06 23:08:25.799912","2024-11-06 21:55:00","65.00",8,"2024-11-06 23:08:25.799912","59","5","1"
"2234","2025-01-24 14:36:00","CERRADA","2025-01-24 16:58:52.713779","2025-01-24 14:36:00","260.00",7,"2025-01-24 16:58:52.713779","230","3","1"
"2235","2023-07-23 19:27:00","CERRADA","2023-07-23 21:16:10.713642","2023-07-23 19:27:00","534.00",4,"2023-07-23 21:16:10.713642","84","9","1"
"2236","2023-08-04 21:10:00","CERRADA","2023-08-04 23:14:42.537854","2023-08-04 21:10:00","536.00",1,"2023-08-04 23:14:42.537854","88","12","1"
"2237","2023-07-09 14:15:00","CERRADA","2023-07-09 17:01:21.330614","2023-07-09 14:15:00","84.00",2,"2023-07-09 17:01:21.330614","204","4","1"
"2238","2024-08-31 20:10:00","CERRADA","2024-08-31 22:29:11.89026","2024-08-31 20:10:00","173.00",1,"2024-08-31 22:29:11.89026","1","9","1"
"2239","2024-07-19 19:48:00","CERRADA","2024-07-19 21:40:20.263685","2024-07-19 19:48:00","357.00",8,"2024-07-19 21:40:20.263685","33","1","1"
"2240","2024-10-27 13:13:00","CERRADA","2024-10-27 15:50:44.813008","2024-10-27 13:13:00","220.00",4,"2024-10-27 15:50:44.813008","118","3","1"
"2241","2025-03-14 20:58:00","CERRADA","2025-03-14 23:35:21.541909","2025-03-14 20:58:00","270.00",6,"2025-03-14 23:35:21.541909","44","9","1"
"2242","2024-07-19 20:19:00","CERRADA","2024-07-19 23:14:48.952144","2024-07-19 20:19:00","55.00",3,"2024-07-19 23:14:48.952144","1","7","1"
"2243","2025-06-02 00:00:00","CERRADA","2025-06-02 00:00:00","2025-06-02 00:00:00","78.00",3,"2025-06-02 00:00:00","40","4","1"
"2244","2024-05-24 20:46:00","CERRADA","2024-05-24 23:28:44.195952","2024-05-24 20:46:00","94.00",4,"2024-05-24 23:28:44.195952","262","12","1"
"2245","2024-07-21 19:06:00","CERRADA","2024-07-21 21:24:04.626856","2024-07-21 19:06:00","195.00",1,"2024-07-21 21:24:04.626856","168","12","1"
"2246","2023-06-08 20:06:00","CERRADA","2023-06-08 22:48:45.364301","2023-06-08 20:06:00","184.00",3,"2023-06-08 22:48:45.364301","191","14","1"
"2247","2025-02-28 19:07:00","CERRADA","2025-02-28 21:02:16.639043","2025-02-28 19:07:00","275.00",2,"2025-02-28 21:02:16.639043","1","4","1"
"2248","2025-01-15 20:44:00","CERRADA","2025-01-15 22:19:52.141769","2025-01-15 20:44:00","289.00",7,"2025-01-15 22:19:52.141769","58","6","1"
"2249","2023-11-03 21:52:00","CERRADA","2023-11-03 23:39:54.627178","2023-11-03 21:52:00","332.00",1,"2023-11-03 23:39:54.627178","93","12","1"
"2250","2025-06-02 00:00:00","CERRADA","2025-06-02 00:00:00","2025-06-02 00:00:00","622.00",6,"2025-06-02 00:00:00","89","10","1"
"2251","2024-01-16 21:40:00","CERRADA","2024-01-16 22:41:05.033739","2024-01-16 21:40:00","369.00",6,"2024-01-16 22:41:05.033739","85","6","1"
"2252","2025-06-02 00:00:00","CERRADA","2025-06-02 00:00:00","2025-06-02 00:00:00","294.00",3,"2025-06-02 00:00:00","154","15","1"
"2253","2023-08-05 19:31:00","CERRADA","2023-08-05 20:33:35.474544","2023-08-05 19:31:00","135.00",5,"2023-08-05 20:33:35.474544","218","10","1"
"2254","2024-02-23 20:18:00","CERRADA","2024-02-23 22:06:40.522335","2024-02-23 20:18:00","47.00",8,"2024-02-23 22:06:40.522335","236","5","1"
"2255","2023-08-29 20:40:00","CERRADA","2023-08-29 22:21:12.211318","2023-08-29 20:40:00","279.00",5,"2023-08-29 22:21:12.211318","262","4","1"
"2256","2024-06-28 12:16:00","CERRADA","2024-06-28 13:50:48.113468","2024-06-28 12:16:00","237.00",2,"2024-06-28 13:50:48.113468","299","9","1"
"2257","2023-07-16 13:25:00","CERRADA","2023-07-16 14:41:44.695145","2023-07-16 13:25:00","355.00",7,"2023-07-16 14:41:44.695145","87","11","1"
"2258","2024-12-19 20:11:00","CERRADA","2024-12-19 21:43:28.028945","2024-12-19 20:11:00","83.00",5,"2024-12-19 21:43:28.028945","205","7","1"
"2259","2024-01-19 20:35:00","CERRADA","2024-01-19 21:57:47.668026","2024-01-19 20:35:00","233.00",2,"2024-01-19 21:57:47.668026","1","6","1"
"2260","2024-04-09 13:39:00","CERRADA","2024-04-09 15:50:24.031627","2024-04-09 13:39:00","560.00",8,"2024-04-09 15:50:24.031627","23","6","1"
"2261","2024-07-31 13:59:00","CERRADA","2024-07-31 16:54:12.94567","2024-07-31 13:59:00","45.00",6,"2024-07-31 16:54:12.94567","56","9","1"
"2262","2023-07-21 14:46:00","CERRADA","2023-07-21 16:32:50.716801","2023-07-21 14:46:00","116.00",1,"2023-07-21 16:32:50.716801","1","15","1"
"2263","2025-03-28 14:24:00","CERRADA","2025-03-28 15:59:08.043664","2025-03-28 14:24:00","459.00",6,"2025-03-28 15:59:08.043664","54","10","1"
"2264","2024-12-07 14:27:00","CERRADA","2024-12-07 16:20:51.543637","2024-12-07 14:27:00","118.00",8,"2024-12-07 16:20:51.543637","291","4","1"
"2265","2025-04-04 19:56:00","CERRADA","2025-04-04 22:13:07.721204","2025-04-04 19:56:00","138.00",1,"2025-04-04 22:13:07.721204","247","15","1"
"2266","2024-08-16 12:14:00","CERRADA","2024-08-16 13:46:33.95992","2024-08-16 12:14:00","269.00",4,"2024-08-16 13:46:33.95992","59","11","1"
"2267","2024-07-12 19:35:00","CERRADA","2024-07-12 22:23:17.18565","2024-07-12 19:35:00","150.00",1,"2024-07-12 22:23:17.18565","131","3","1"
"2268","2023-07-14 13:07:00","CERRADA","2023-07-14 14:45:49.972417","2023-07-14 13:07:00","420.00",5,"2023-07-14 14:45:49.972417","193","3","1"
"2269","2023-10-20 13:11:00","CERRADA","2023-10-20 16:03:40.373114","2023-10-20 13:11:00","181.00",8,"2023-10-20 16:03:40.373114","225","14","1"
"2270","2024-01-08 14:28:00","CERRADA","2024-01-08 17:03:10.522987","2024-01-08 14:28:00","518.00",4,"2024-01-08 17:03:10.522987","6","6","1"
"2271","2024-04-12 14:23:00","CERRADA","2024-04-12 16:34:40.47161","2024-04-12 14:23:00","138.00",7,"2024-04-12 16:34:40.47161","159","8","1"
"2272","2024-01-26 19:53:00","CERRADA","2024-01-26 21:02:49.216785","2024-01-26 19:53:00","174.00",2,"2024-01-26 21:02:49.216785","169","3","1"
"2273","2024-01-12 20:03:00","CERRADA","2024-01-12 21:03:23.935","2024-01-12 20:03:00","307.00",6,"2024-01-12 21:03:23.935","172","12","1"
"2274","2023-12-03 19:15:00","CERRADA","2023-12-03 22:05:46.57712","2023-12-03 19:15:00","186.00",3,"2023-12-03 22:05:46.57712","67","11","1"
"2275","2024-08-10 20:46:00","CERRADA","2024-08-10 22:15:33.941568","2024-08-10 20:46:00","215.00",3,"2024-08-10 22:15:33.941568","239","8","1"
"2276","2024-12-20 21:19:00","CERRADA","2024-12-20 22:39:26.240499","2024-12-20 21:19:00","258.00",6,"2024-12-20 22:39:26.240499","166","12","1"
"2277","2023-09-15 14:31:00","CERRADA","2023-09-15 16:15:11.352433","2023-09-15 14:31:00","157.00",6,"2023-09-15 16:15:11.352433","1","3","1"
"2278","2023-07-28 14:19:00","CERRADA","2023-07-28 16:30:54.861654","2023-07-28 14:19:00","230.00",6,"2023-07-28 16:30:54.861654","36","1","1"
"2279","2024-09-27 13:22:00","CERRADA","2024-09-27 15:54:41.11628","2024-09-27 13:22:00","105.00",5,"2024-09-27 15:54:41.11628","234","5","1"
"2280","2023-09-24 12:22:00","CERRADA","2023-09-24 14:31:40.182908","2023-09-24 12:22:00","183.00",5,"2023-09-24 14:31:40.182908","272","12","1"
"2281","2024-02-23 13:02:00","CERRADA","2024-02-23 14:42:00.264282","2024-02-23 13:02:00","112.00",4,"2024-02-23 14:42:00.264282","294","8","1"
"2282","2023-12-22 12:55:00","CERRADA","2023-12-22 15:29:30.1102","2023-12-22 12:55:00","214.00",4,"2023-12-22 15:29:30.1102","275","1","1"
"2283","2024-08-12 20:34:00","CERRADA","2024-08-12 23:20:45.295971","2024-08-12 20:34:00","276.00",3,"2024-08-12 23:20:45.295971","124","14","1"
"2284","2024-05-28 19:12:00","CERRADA","2024-05-28 20:13:09.427279","2024-05-28 19:12:00","376.00",2,"2024-05-28 20:13:09.427279","1","9","1"
"2285","2024-04-20 12:28:00","CERRADA","2024-04-20 14:50:58.868417","2024-04-20 12:28:00","292.00",3,"2024-04-20 14:50:58.868417","1","7","1"
"2286","2024-01-19 20:03:00","CERRADA","2024-01-19 21:15:10.995593","2024-01-19 20:03:00","407.00",6,"2024-01-19 21:15:10.995593","110","15","1"
"2287","2025-06-02 00:00:00","CERRADA","2025-06-02 00:00:00","2025-06-02 00:00:00","210.00",7,"2025-06-02 00:00:00","56","6","1"
"2288","2025-01-28 12:19:00","CERRADA","2025-01-28 13:45:56.284036","2025-01-28 12:19:00","236.00",3,"2025-01-28 13:45:56.284036","195","15","1"
"2289","2024-06-21 14:03:00","CERRADA","2024-06-21 16:16:09.057966","2024-06-21 14:03:00","90.00",5,"2024-06-21 16:16:09.057966","1","3","1"
"2290","2023-09-29 14:30:00","CERRADA","2023-09-29 15:57:20.700258","2023-09-29 14:30:00","124.00",1,"2023-09-29 15:57:20.700258","16","12","1"
"2291","2023-12-17 19:42:00","CERRADA","2023-12-17 21:44:38.883993","2023-12-17 19:42:00","161.00",6,"2023-12-17 21:44:38.883993","121","14","1"
"2292","2024-07-05 20:19:00","CERRADA","2024-07-05 22:33:18.622889","2024-07-05 20:19:00","304.00",5,"2024-07-05 22:33:18.622889","1","3","1"
"2293","2025-06-02 00:00:00","CERRADA","2025-06-02 00:00:00","2025-06-02 00:00:00","241.00",8,"2025-06-02 00:00:00","1","14","1"
"2294","2025-06-02 00:00:00","CERRADA","2025-06-02 00:00:00","2025-06-02 00:00:00","145.00",2,"2025-06-02 00:00:00","268","3","1"
"2295","2024-12-05 19:57:00","CERRADA","2024-12-05 21:06:50.034885","2024-12-05 19:57:00","267.00",3,"2024-12-05 21:06:50.034885","39","14","1"
"2296","2024-02-25 14:50:00","CERRADA","2024-02-25 17:41:06.946857","2024-02-25 14:50:00","343.00",5,"2024-02-25 17:41:06.946857","170","13","1"
"2297","2024-07-22 21:01:00","CERRADA","2024-07-22 22:26:11.424325","2024-07-22 21:01:00","193.00",7,"2024-07-22 22:26:11.424325","83","9","1"
"2298","2023-08-25 19:53:00","CERRADA","2023-08-25 21:57:39.148225","2023-08-25 19:53:00","260.00",2,"2023-08-25 21:57:39.148225","224","14","1"
"2299","2023-06-25 21:36:00","CERRADA","2023-06-25 23:51:37.98034","2023-06-25 21:36:00","96.00",1,"2023-06-25 23:51:37.98034","174","10","1"
"2300","2025-01-17 20:55:00","CERRADA","2025-01-17 22:46:01.623194","2025-01-17 20:55:00","180.00",8,"2025-01-17 22:46:01.623194","55","8","1"
"2301","2023-09-01 21:32:00","CERRADA","2023-09-01 23:36:36.919507","2023-09-01 21:32:00","440.00",6,"2023-09-01 23:36:36.919507","108","4","1"
"2302","2025-06-02 00:00:00","CERRADA","2025-06-02 00:00:00","2025-06-02 00:00:00","206.00",1,"2025-06-02 00:00:00","239","12","1"
"2303","2023-06-16 13:54:00","CERRADA","2023-06-16 16:02:49.237818","2023-06-16 13:54:00","54.00",2,"2023-06-16 16:02:49.237818","125","13","1"
"2304","2024-05-24 12:36:00","CERRADA","2024-05-24 13:43:05.30982","2024-05-24 12:36:00","327.00",6,"2024-05-24 13:43:05.30982","70","11","1"
"2305","2024-08-28 12:56:00","CERRADA","2024-08-28 14:12:16.528857","2024-08-28 12:56:00","141.00",2,"2024-08-28 14:12:16.528857","275","13","1"
"2306","2023-08-12 20:31:00","CERRADA","2023-08-12 21:55:40.619361","2023-08-12 20:31:00","167.00",7,"2023-08-12 21:55:40.619361","238","4","1"
"2307","2023-08-25 21:38:00","CERRADA","2023-08-25 23:26:06.791266","2023-08-25 21:38:00","112.00",8,"2023-08-25 23:26:06.791266","1","3","1"
"2308","2025-05-23 14:55:00","CERRADA","2025-05-23 17:52:11.319778","2025-05-23 14:55:00","246.00",1,"2025-05-23 17:52:11.319778","182","4","1"
"2309","2024-12-11 13:05:00","CERRADA","2024-12-11 15:23:04.762967","2024-12-11 13:05:00","137.00",2,"2024-12-11 15:23:04.762967","1","7","1"
"2310","2024-02-02 14:22:00","CERRADA","2024-02-02 16:56:46.948132","2024-02-02 14:22:00","157.00",7,"2024-02-02 16:56:46.948132","1","14","1"
"2311","2024-07-08 21:08:00","CERRADA","2024-07-08 23:48:35.89798","2024-07-08 21:08:00","66.00",4,"2024-07-08 23:48:35.89798","196","5","1"
"2312","2023-12-08 20:38:00","CERRADA","2023-12-08 22:28:37.134307","2023-12-08 20:38:00","145.00",8,"2023-12-08 22:28:37.134307","1","8","1"
"2313","2023-07-09 20:05:00","CERRADA","2023-07-09 21:50:19.519122","2023-07-09 20:05:00","157.00",7,"2023-07-09 21:50:19.519122","1","7","1"
"2314","2023-08-25 21:29:00","CERRADA","2023-08-26 00:24:04.077348","2023-08-25 21:29:00","121.00",7,"2023-08-26 00:24:04.077348","37","14","1"
"2315","2024-07-25 14:07:00","CERRADA","2024-07-25 15:11:29.808565","2024-07-25 14:07:00","331.00",5,"2024-07-25 15:11:29.808565","106","6","1"
"2316","2024-07-16 19:26:00","CERRADA","2024-07-16 20:51:01.420485","2024-07-16 19:26:00","260.00",3,"2024-07-16 20:51:01.420485","281","1","1"
"2317","2024-02-26 19:07:00","CERRADA","2024-02-26 21:10:27.853537","2024-02-26 19:07:00","137.00",2,"2024-02-26 21:10:27.853537","262","14","1"
"2318","2023-06-30 12:26:00","CERRADA","2023-06-30 14:25:26.139171","2023-06-30 12:26:00","100.00",4,"2023-06-30 14:25:26.139171","164","13","1"
"2319","2023-12-01 14:39:00","CERRADA","2023-12-01 16:40:05.862096","2023-12-01 14:39:00","572.00",3,"2023-12-01 16:40:05.862096","3","10","1"
"2320","2024-05-31 14:34:00","CERRADA","2024-05-31 17:03:50.039557","2024-05-31 14:34:00","304.00",6,"2024-05-31 17:03:50.039557","1","14","1"
"2321","2024-08-29 20:35:00","CERRADA","2024-08-29 23:33:12.859006","2024-08-29 20:35:00","223.00",8,"2024-08-29 23:33:12.859006","253","2","1"
"2322","2024-03-05 12:12:00","CERRADA","2024-03-05 13:48:36.481505","2024-03-05 12:12:00","179.00",7,"2024-03-05 13:48:36.481505","1","13","1"
"2323","2024-11-08 19:41:00","CERRADA","2024-11-08 22:10:41.372829","2024-11-08 19:41:00","284.00",2,"2024-11-08 22:10:41.372829","259","13","1"
"2324","2024-01-12 19:00:00","CERRADA","2024-01-12 21:39:31.680678","2024-01-12 19:00:00","128.00",4,"2024-01-12 21:39:31.680678","1","4","1"
"2325","2025-02-28 14:12:00","CERRADA","2025-02-28 16:13:31.087809","2025-02-28 14:12:00","774.00",1,"2025-02-28 16:13:31.087809","6","10","1"
"2326","2024-12-13 14:50:00","CERRADA","2024-12-13 16:10:01.382981","2024-12-13 14:50:00","130.00",3,"2024-12-13 16:10:01.382981","216","1","1"
"2327","2024-01-26 21:41:00","CERRADA","2024-01-26 23:23:43.916272","2024-01-26 21:41:00","131.00",3,"2024-01-26 23:23:43.916272","136","2","1"
"2328","2023-08-11 19:44:00","CERRADA","2023-08-11 21:54:59.268996","2023-08-11 19:44:00","352.00",5,"2023-08-11 21:54:59.268996","5","5","1"
"2329","2023-11-17 13:53:00","CERRADA","2023-11-17 15:59:06.035788","2023-11-17 13:53:00","235.00",4,"2023-11-17 15:59:06.035788","53","10","1"
"2330","2023-09-11 13:48:00","CERRADA","2023-09-11 15:21:14.744497","2023-09-11 13:48:00","254.00",5,"2023-09-11 15:21:14.744497","249","12","1"
"2331","2023-11-03 20:26:00","CERRADA","2023-11-03 21:50:33.739914","2023-11-03 20:26:00","200.00",8,"2023-11-03 21:50:33.739914","1","1","1"
"2332","2023-12-27 21:43:00","CERRADA","2023-12-27 23:08:40.691445","2023-12-27 21:43:00","175.00",5,"2023-12-27 23:08:40.691445","42","8","1"
"2333","2023-07-14 19:06:00","CERRADA","2023-07-14 21:28:30.304344","2023-07-14 19:06:00","292.00",1,"2023-07-14 21:28:30.304344","57","9","1"
"2334","2024-12-13 13:03:00","CERRADA","2024-12-13 15:55:06.600834","2024-12-13 13:03:00","145.00",3,"2024-12-13 15:55:06.600834","245","1","1"
"2335","2024-02-02 21:08:00","CERRADA","2024-02-02 22:16:24.564799","2024-02-02 21:08:00","511.00",6,"2024-02-02 22:16:24.564799","19","1","1"
"2336","2023-06-16 14:01:00","CERRADA","2023-06-16 15:08:11.513952","2023-06-16 14:01:00","316.00",1,"2023-06-16 15:08:11.513952","211","9","1"
"2337","2023-08-28 12:12:00","CERRADA","2023-08-28 14:42:18.97372","2023-08-28 12:12:00","55.00",1,"2023-08-28 14:42:18.97372","71","6","1"
"2338","2023-09-08 19:36:00","CERRADA","2023-09-08 20:40:57.046427","2023-09-08 19:36:00","272.00",3,"2023-09-08 20:40:57.046427","233","3","1"
"2339","2024-08-25 14:55:00","CERRADA","2024-08-25 17:45:38.755151","2024-08-25 14:55:00","135.00",7,"2024-08-25 17:45:38.755151","40","11","1"
"2340","2023-07-24 20:51:00","CERRADA","2023-07-24 23:50:08.232023","2023-07-24 20:51:00","208.00",7,"2023-07-24 23:50:08.232023","1","12","1"
"2341","2024-07-12 13:48:00","CERRADA","2024-07-12 15:24:11.04753","2024-07-12 13:48:00","222.00",5,"2024-07-12 15:24:11.04753","5","8","1"
"2342","2023-12-08 19:00:00","CERRADA","2023-12-08 20:17:17.309272","2023-12-08 19:00:00","141.00",3,"2023-12-08 20:17:17.309272","1","15","1"
"2343","2023-10-25 21:46:00","CERRADA","2023-10-25 22:48:02.527094","2023-10-25 21:46:00","276.00",2,"2023-10-25 22:48:02.527094","140","13","1"
"2344","2023-12-08 21:11:00","CERRADA","2023-12-08 23:01:28.797071","2023-12-08 21:11:00","117.00",8,"2023-12-08 23:01:28.797071","230","13","1"
"2345","2023-08-13 20:52:00","CERRADA","2023-08-13 22:28:00.777214","2023-08-13 20:52:00","91.00",4,"2023-08-13 22:28:00.777214","163","2","1"
"2346","2025-05-16 12:24:00","CERRADA","2025-05-16 13:28:26.798748","2025-05-16 12:24:00","102.00",6,"2025-05-16 13:28:26.798748","70","5","1"
"2347","2024-04-24 12:10:00","CERRADA","2024-04-24 14:46:39.04701","2024-04-24 12:10:00","176.00",2,"2024-04-24 14:46:39.04701","296","11","1"
"2348","2025-02-12 14:30:00","CERRADA","2025-02-12 16:36:43.218704","2025-02-12 14:30:00","173.00",5,"2025-02-12 16:36:43.218704","209","13","1"
"2349","2023-10-13 12:58:00","CERRADA","2023-10-13 13:59:09.635645","2023-10-13 12:58:00","216.00",7,"2023-10-13 13:59:09.635645","1","15","1"
"2350","2023-12-30 20:05:00","CERRADA","2023-12-30 23:02:12.38895","2023-12-30 20:05:00","272.00",5,"2023-12-30 23:02:12.38895","161","8","1"
"2351","2025-06-02 00:00:00","CERRADA","2025-06-02 00:00:00","2025-06-02 00:00:00","348.00",5,"2025-06-02 00:00:00","18","8","1"
"2352","2024-07-08 13:53:00","CERRADA","2024-07-08 15:16:41.139574","2024-07-08 13:53:00","98.00",4,"2024-07-08 15:16:41.139574","272","15","1"
"2353","2024-11-08 12:32:00","CERRADA","2024-11-08 13:50:55.586417","2024-11-08 12:32:00","84.00",5,"2024-11-08 13:50:55.586417","119","5","1"
"2354","2024-07-08 13:04:00","CERRADA","2024-07-08 16:03:44.671721","2024-07-08 13:04:00","168.00",6,"2024-07-08 16:03:44.671721","272","7","1"
"2355","2023-06-16 13:48:00","CERRADA","2023-06-16 15:14:08.188852","2023-06-16 13:48:00","146.00",3,"2023-06-16 15:14:08.188852","253","11","1"
"2356","2024-02-11 19:29:00","CERRADA","2024-02-11 20:57:42.763409","2024-02-11 19:29:00","324.00",7,"2024-02-11 20:57:42.763409","11","9","1"
"2357","2023-10-06 12:01:00","CERRADA","2023-10-06 14:10:33.44443","2023-10-06 12:01:00","507.00",2,"2023-10-06 14:10:33.44443","4","1","1"
"2358","2025-01-03 13:08:00","CERRADA","2025-01-03 15:30:15.679069","2025-01-03 13:08:00","65.00",7,"2025-01-03 15:30:15.679069","1","2","1"
"2359","2025-06-02 00:00:00","CERRADA","2025-06-02 00:00:00","2025-06-02 00:00:00","154.00",8,"2025-06-02 00:00:00","235","12","1"
"2360","2024-10-05 12:03:00","CERRADA","2024-10-05 13:05:46.015215","2024-10-05 12:03:00","224.00",7,"2024-10-05 13:05:46.015215","1","2","1"
"2361","2024-02-16 21:53:00","CERRADA","2024-02-16 23:22:19.09336","2024-02-16 21:53:00","225.00",4,"2024-02-16 23:22:19.09336","265","5","1"
"2362","2024-04-26 21:23:00","CERRADA","2024-04-26 23:46:18.980745","2024-04-26 21:23:00","174.00",2,"2024-04-26 23:46:18.980745","51","9","1"
"2363","2023-08-02 21:00:00","CERRADA","2023-08-02 22:08:12.577835","2023-08-02 21:00:00","233.00",5,"2023-08-02 22:08:12.577835","74","13","1"
"2364","2024-07-26 20:38:00","CERRADA","2024-07-26 22:49:40.059195","2024-07-26 20:38:00","179.00",7,"2024-07-26 22:49:40.059195","124","5","1"
"2365","2024-08-23 12:03:00","CERRADA","2024-08-23 14:09:03.862421","2024-08-23 12:03:00","261.00",7,"2024-08-23 14:09:03.862421","141","14","1"
"2366","2025-05-25 21:32:00","CERRADA","2025-05-25 22:50:15.894326","2025-05-25 21:32:00","161.00",3,"2025-05-25 22:50:15.894326","10","13","1"
"2367","2025-06-02 00:00:00","CERRADA","2025-06-02 00:00:00","2025-06-02 00:00:00","147.00",8,"2025-06-02 00:00:00","115","9","1"
"2368","2024-10-25 13:29:00","CERRADA","2024-10-25 14:56:17.290914","2024-10-25 13:29:00","207.00",2,"2024-10-25 14:56:17.290914","179","9","1"
"2369","2024-08-02 13:22:00","CERRADA","2024-08-02 16:21:29.369573","2024-08-02 13:22:00","238.00",4,"2024-08-02 16:21:29.369573","1","11","1"
"2370","2025-02-28 13:35:00","CERRADA","2025-02-28 15:59:08.780411","2025-02-28 13:35:00","50.00",3,"2025-02-28 15:59:08.780411","152","2","1"
"2371","2023-08-12 14:22:00","CERRADA","2023-08-12 16:29:44.117862","2023-08-12 14:22:00","291.00",7,"2023-08-12 16:29:44.117862","61","11","1"
"2372","2023-08-04 12:16:00","CERRADA","2023-08-04 14:07:10.587913","2023-08-04 12:16:00","88.00",1,"2023-08-04 14:07:10.587913","205","2","1"
"2373","2024-07-22 21:56:00","CERRADA","2024-07-23 00:25:28.590791","2024-07-22 21:56:00","108.00",4,"2024-07-23 00:25:28.590791","45","3","1"
"2374","2023-08-11 21:57:00","CERRADA","2023-08-11 23:28:44.342112","2023-08-11 21:57:00","83.00",7,"2023-08-11 23:28:44.342112","67","10","1"
"2375","2024-08-16 21:58:00","CERRADA","2024-08-17 00:54:49.586643","2024-08-16 21:58:00","127.00",8,"2024-08-17 00:54:49.586643","193","1","1"
"2376","2024-04-09 19:26:00","CERRADA","2024-04-09 22:24:30.545391","2024-04-09 19:26:00","77.00",1,"2024-04-09 22:24:30.545391","197","12","1"
"2377","2023-07-30 12:23:00","CERRADA","2023-07-30 14:22:54.388214","2023-07-30 12:23:00","150.00",7,"2023-07-30 14:22:54.388214","1","5","1"
"2378","2024-07-19 14:35:00","CERRADA","2024-07-19 17:30:19.938188","2024-07-19 14:35:00","157.00",4,"2024-07-19 17:30:19.938188","1","11","1"
"2379","2023-11-16 21:43:00","CERRADA","2023-11-16 22:58:08.766737","2023-11-16 21:43:00","51.00",3,"2023-11-16 22:58:08.766737","211","9","1"
"2380","2023-06-09 21:51:00","CERRADA","2023-06-09 23:37:29.473339","2023-06-09 21:51:00","375.00",8,"2023-06-09 23:37:29.473339","95","7","1"
"2381","2024-03-10 20:56:00","CERRADA","2024-03-10 22:49:01.894517","2024-03-10 20:56:00","221.00",3,"2024-03-10 22:49:01.894517","206","3","1"
"2382","2024-12-05 14:30:00","CERRADA","2024-12-05 16:26:02.986967","2024-12-05 14:30:00","145.00",8,"2024-12-05 16:26:02.986967","1","14","1"
"2383","2025-06-02 00:00:00","CERRADA","2025-06-02 00:00:00","2025-06-02 00:00:00","104.00",1,"2025-06-02 00:00:00","83","10","1"
"2384","2023-10-13 13:19:00","CERRADA","2023-10-13 14:25:26.262523","2023-10-13 13:19:00","203.00",3,"2023-10-13 14:25:26.262523","249","5","1"
"2385","2023-09-29 21:27:00","CERRADA","2023-09-30 00:08:13.031755","2023-09-29 21:27:00","114.00",3,"2023-09-30 00:08:13.031755","195","9","1"
"2386","2024-08-23 21:44:00","CERRADA","2024-08-23 23:17:10.168394","2024-08-23 21:44:00","274.00",6,"2024-08-23 23:17:10.168394","184","3","1"
"2387","2023-09-13 13:34:00","CERRADA","2023-09-13 15:40:03.104908","2023-09-13 13:34:00","37.00",2,"2023-09-13 15:40:03.104908","47","13","1"
"2388","2025-04-18 14:43:00","CERRADA","2025-04-18 16:53:24.667371","2025-04-18 14:43:00","158.00",1,"2025-04-18 16:53:24.667371","239","4","1"
"2389","2023-08-11 19:34:00","CERRADA","2023-08-11 20:36:47.033547","2023-08-11 19:34:00","124.00",3,"2023-08-11 20:36:47.033547","259","13","1"
"2390","2024-05-22 12:11:00","CERRADA","2024-05-22 13:21:55.977782","2024-05-22 12:11:00","166.00",1,"2024-05-22 13:21:55.977782","134","14","1"
"2391","2023-12-19 21:11:00","CERRADA","2023-12-19 22:40:39.368816","2023-12-19 21:11:00","266.00",5,"2023-12-19 22:40:39.368816","1","6","1"
"2392","2025-02-16 12:52:00","CERRADA","2025-02-16 15:45:30.970218","2025-02-16 12:52:00","139.00",5,"2025-02-16 15:45:30.970218","207","1","1"
"2393","2023-07-26 12:44:00","CERRADA","2023-07-26 14:08:11.839888","2023-07-26 12:44:00","443.00",7,"2023-07-26 14:08:11.839888","53","12","1"
"2394","2023-08-25 12:13:00","CERRADA","2023-08-25 13:48:44.260986","2023-08-25 12:13:00","137.00",1,"2023-08-25 13:48:44.260986","283","14","1"
"2395","2024-02-09 21:06:00","CERRADA","2024-02-09 23:16:45.79685","2024-02-09 21:06:00","119.00",2,"2024-02-09 23:16:45.79685","1","14","1"
"2396","2023-09-17 13:48:00","CERRADA","2023-09-17 16:46:31.402717","2023-09-17 13:48:00","112.00",1,"2023-09-17 16:46:31.402717","286","7","1"
"2397","2023-12-15 19:52:00","CERRADA","2023-12-15 21:54:51.961158","2023-12-15 19:52:00","478.00",5,"2023-12-15 21:54:51.961158","28","12","1"
"2398","2025-06-02 00:00:00","CERRADA","2025-06-02 00:00:00","2025-06-02 00:00:00","68.00",1,"2025-06-02 00:00:00","1","15","1"
"2399","2023-11-24 19:33:00","CERRADA","2023-11-24 22:02:21.677081","2023-11-24 19:33:00","57.00",8,"2023-11-24 22:02:21.677081","63","1","1"
"2400","2024-01-26 12:27:00","CERRADA","2024-01-26 13:30:17.930693","2024-01-26 12:27:00","342.00",1,"2024-01-26 13:30:17.930693","241","10","1"
"2401","2023-12-10 20:40:00","CERRADA","2023-12-10 23:38:32.47777","2023-12-10 20:40:00","135.00",8,"2023-12-10 23:38:32.47777","58","13","1"
"2402","2024-12-06 13:02:00","CERRADA","2024-12-06 14:55:41.342623","2024-12-06 13:02:00","94.00",2,"2024-12-06 14:55:41.342623","253","13","1"
"2403","2023-12-05 21:46:00","CERRADA","2023-12-06 00:11:57.489818","2023-12-05 21:46:00","369.00",1,"2023-12-06 00:11:57.489818","56","15","1"
"2404","2023-08-23 13:51:00","CERRADA","2023-08-23 16:23:09.833032","2023-08-23 13:51:00","341.00",1,"2023-08-23 16:23:09.833032","182","8","1"
"2405","2023-08-06 20:42:00","CERRADA","2023-08-06 23:13:36.61217","2023-08-06 20:42:00","208.00",3,"2023-08-06 23:13:36.61217","204","3","1"
"2406","2025-04-18 19:43:00","CERRADA","2025-04-18 22:04:55.001429","2025-04-18 19:43:00","42.00",7,"2025-04-18 22:04:55.001429","235","5","1"
"2407","2025-05-15 13:05:00","CERRADA","2025-05-15 14:43:37.349252","2025-05-15 13:05:00","441.00",6,"2025-05-15 14:43:37.349252","62","4","1"
"2408","2023-07-03 13:12:00","CERRADA","2023-07-03 14:55:40.646473","2023-07-03 13:12:00","106.00",5,"2023-07-03 14:55:40.646473","210","15","1"
"2409","2023-12-10 21:07:00","CERRADA","2023-12-10 23:21:24.020019","2023-12-10 21:07:00","267.00",5,"2023-12-10 23:21:24.020019","1","14","1"
"2410","2024-07-29 13:01:00","CERRADA","2024-07-29 14:02:13.576067","2024-07-29 13:01:00","170.00",3,"2024-07-29 14:02:13.576067","1","10","1"
"2411","2025-06-02 00:00:00","CERRADA","2025-06-02 00:00:00","2025-06-02 00:00:00","302.00",7,"2025-06-02 00:00:00","1","12","1"
"2412","2024-06-28 21:35:00","CERRADA","2024-06-29 00:33:41.964636","2024-06-28 21:35:00","213.00",2,"2024-06-29 00:33:41.964636","190","15","1"
"2413","2024-01-24 14:14:00","CERRADA","2024-01-24 15:51:10.978983","2024-01-24 14:14:00","234.00",4,"2024-01-24 15:51:10.978983","208","12","1"
"2414","2023-08-01 19:16:00","CERRADA","2023-08-01 21:48:14.693348","2023-08-01 19:16:00","547.00",1,"2023-08-01 21:48:14.693348","3","6","1"
"2415","2023-08-06 14:47:00","CERRADA","2023-08-06 17:18:47.412274","2023-08-06 14:47:00","119.00",7,"2023-08-06 17:18:47.412274","260","14","1"
"2416","2024-09-03 12:08:00","CERRADA","2024-09-03 13:36:06.313583","2024-09-03 12:08:00","246.00",2,"2024-09-03 13:36:06.313583","1","3","1"
"2417","2024-12-17 12:48:00","CERRADA","2024-12-17 15:08:34.415503","2024-12-17 12:48:00","145.00",2,"2024-12-17 15:08:34.415503","290","8","1"
"2418","2023-06-23 19:48:00","CERRADA","2023-06-23 22:16:34.649579","2023-06-23 19:48:00","168.00",7,"2023-06-23 22:16:34.649579","84","4","1"
"2419","2024-08-07 12:22:00","CERRADA","2024-08-07 13:29:45.536558","2024-08-07 12:22:00","227.00",5,"2024-08-07 13:29:45.536558","1","13","1"
"2420","2024-11-01 14:48:00","CERRADA","2024-11-01 17:06:16.838709","2024-11-01 14:48:00","128.00",1,"2024-11-01 17:06:16.838709","237","4","1"
"2421","2024-01-12 13:33:00","CERRADA","2024-01-12 14:34:54.80937","2024-01-12 13:33:00","272.00",1,"2024-01-12 14:34:54.80937","119","8","1"
"2422","2024-04-05 19:42:00","CERRADA","2024-04-05 21:03:43.688839","2024-04-05 19:42:00","364.00",2,"2024-04-05 21:03:43.688839","228","5","1"
"2423","2024-02-22 20:25:00","CERRADA","2024-02-22 23:22:45.109249","2024-02-22 20:25:00","159.00",6,"2024-02-22 23:22:45.109249","290","3","1"
"2424","2023-07-21 13:00:00","CERRADA","2023-07-21 14:53:26.300782","2023-07-21 13:00:00","245.00",5,"2023-07-21 14:53:26.300782","1","3","1"
"2425","2023-12-27 13:21:00","CERRADA","2023-12-27 14:45:59.369899","2023-12-27 13:21:00","182.00",4,"2023-12-27 14:45:59.369899","1","11","1"
"2426","2025-05-16 13:57:00","CERRADA","2025-05-16 16:00:28.899527","2025-05-16 13:57:00","194.00",7,"2025-05-16 16:00:28.899527","207","8","1"
"2427","2024-07-22 14:33:00","CERRADA","2024-07-22 17:23:13.362315","2024-07-22 14:33:00","290.00",1,"2024-07-22 17:23:13.362315","245","10","1"
"2428","2023-12-01 14:49:00","CERRADA","2023-12-01 16:17:14.282677","2023-12-01 14:49:00","224.00",4,"2023-12-01 16:17:14.282677","203","10","1"
"2429","2024-10-04 12:57:00","CERRADA","2024-10-04 14:36:17.077571","2024-10-04 12:57:00","427.00",3,"2024-10-04 14:36:17.077571","15","11","1"
"2430","2023-06-16 21:20:00","CERRADA","2023-06-16 23:09:22.755978","2023-06-16 21:20:00","138.00",5,"2023-06-16 23:09:22.755978","1","7","1"
"2431","2024-10-25 13:27:00","CERRADA","2024-10-25 16:09:03.87629","2024-10-25 13:27:00","278.00",8,"2024-10-25 16:09:03.87629","244","9","1"
"2432","2023-10-30 19:47:00","CERRADA","2023-10-30 22:27:28.512121","2023-10-30 19:47:00","74.00",5,"2023-10-30 22:27:28.512121","16","4","1"
"2433","2025-05-30 13:30:00","CERRADA","2025-05-30 14:42:23.669599","2025-05-30 13:30:00","273.00",1,"2025-05-30 14:42:23.669599","107","3","1"
"2434","2024-06-15 20:07:00","CERRADA","2024-06-15 23:03:14.726441","2024-06-15 20:07:00","58.00",8,"2024-06-15 23:03:14.726441","1","14","1"
"2435","2023-11-10 12:18:00","CERRADA","2023-11-10 13:50:11.07504","2023-11-10 12:18:00","784.00",5,"2023-11-10 13:50:11.07504","86","1","1"
"2436","2023-07-07 19:37:00","CERRADA","2023-07-07 20:37:56.618117","2023-07-07 19:37:00","146.00",4,"2023-07-07 20:37:56.618117","297","9","1"
"2437","2023-12-03 20:50:00","CERRADA","2023-12-03 22:55:57.069934","2023-12-03 20:50:00","416.00",1,"2023-12-03 22:55:57.069934","93","3","1"
"2438","2024-08-08 20:01:00","CERRADA","2024-08-08 22:45:12.131049","2024-08-08 20:01:00","132.00",7,"2024-08-08 22:45:12.131049","138","3","1"
"2439","2023-08-25 12:56:00","CERRADA","2023-08-25 14:37:05.520198","2023-08-25 12:56:00","190.00",4,"2023-08-25 14:37:05.520198","11","15","1"
"2440","2024-01-05 13:16:00","CERRADA","2024-01-05 16:06:01.106462","2024-01-05 13:16:00","442.00",4,"2024-01-05 16:06:01.106462","18","5","1"
"2441","2024-08-30 19:27:00","CERRADA","2024-08-30 22:24:27.993005","2024-08-30 19:27:00","394.00",2,"2024-08-30 22:24:27.993005","116","14","1"
"2442","2025-01-03 14:16:00","CERRADA","2025-01-03 15:23:18.232138","2025-01-03 14:16:00","205.00",4,"2025-01-03 15:23:18.232138","1","1","1"
"2443","2023-12-21 13:08:00","CERRADA","2023-12-21 15:03:26.524796","2023-12-21 13:08:00","199.00",6,"2023-12-21 15:03:26.524796","1","10","1"
"2444","2023-08-12 13:22:00","CERRADA","2023-08-12 15:40:15.965305","2023-08-12 13:22:00","110.00",2,"2023-08-12 15:40:15.965305","254","3","1"
"2445","2023-08-04 19:28:00","CERRADA","2023-08-04 21:15:24.956534","2023-08-04 19:28:00","147.00",7,"2023-08-04 21:15:24.956534","290","14","1"
"2446","2024-12-19 13:37:00","CERRADA","2024-12-19 15:35:42.614207","2024-12-19 13:37:00","414.00",3,"2024-12-19 15:35:42.614207","89","8","1"
"2447","2023-06-02 14:52:00","CERRADA","2023-06-02 15:52:20.082365","2023-06-02 14:52:00","238.00",8,"2023-06-02 15:52:20.082365","193","1","1"
"2448","2023-06-30 21:45:00","CERRADA","2023-07-01 00:35:41.035586","2023-06-30 21:45:00","24.00",7,"2023-07-01 00:35:41.035586","1","6","1"
"2449","2023-08-24 14:56:00","CERRADA","2023-08-24 17:33:39.706123","2023-08-24 14:56:00","139.00",1,"2023-08-24 17:33:39.706123","89","10","1"
"2450","2025-01-24 14:12:00","CERRADA","2025-01-24 15:41:40.316567","2025-01-24 14:12:00","215.00",1,"2025-01-24 15:41:40.316567","145","5","1"
"2451","2023-08-11 21:51:00","CERRADA","2023-08-11 23:30:45.970206","2023-08-11 21:51:00","653.00",6,"2023-08-11 23:30:45.970206","87","4","1"
"2452","2025-06-02 00:00:00","CERRADA","2025-06-02 00:00:00","2025-06-02 00:00:00","173.00",2,"2025-06-02 00:00:00","1","1","1"
"2453","2025-01-17 20:18:00","CERRADA","2025-01-17 22:41:25.02674","2025-01-17 20:18:00","654.00",7,"2025-01-17 22:41:25.02674","19","4","1"
"2454","2023-12-16 13:25:00","CERRADA","2023-12-16 16:15:17.782232","2023-12-16 13:25:00","74.00",4,"2023-12-16 16:15:17.782232","101","13","1"
"2455","2024-05-24 21:14:00","CERRADA","2024-05-24 22:28:41.631703","2024-05-24 21:14:00","346.00",1,"2024-05-24 22:28:41.631703","69","1","1"
"2456","2024-03-08 12:28:00","CERRADA","2024-03-08 15:01:36.545373","2024-03-08 12:28:00","174.00",5,"2024-03-08 15:01:36.545373","1","13","1"
"2457","2025-06-02 00:00:00","CERRADA","2025-06-02 00:00:00","2025-06-02 00:00:00","133.00",6,"2025-06-02 00:00:00","1","7","1"
"2458","2024-09-20 13:04:00","CERRADA","2024-09-20 15:52:46.183982","2024-09-20 13:04:00","104.00",8,"2024-09-20 15:52:46.183982","103","2","1"
"2459","2025-01-03 20:50:00","CERRADA","2025-01-03 22:01:44.080166","2025-01-03 20:50:00","271.00",2,"2025-01-03 22:01:44.080166","139","11","1"
"2460","2025-05-23 13:46:00","CERRADA","2025-05-23 15:34:05.632367","2025-05-23 13:46:00","169.00",2,"2025-05-23 15:34:05.632367","204","8","1"
"2461","2024-10-04 20:40:00","CERRADA","2024-10-04 23:30:08.228699","2024-10-04 20:40:00","158.00",5,"2024-10-04 23:30:08.228699","1","14","1"
"2462","2025-05-23 12:28:00","CERRADA","2025-05-23 15:05:02.291159","2025-05-23 12:28:00","159.00",3,"2025-05-23 15:05:02.291159","54","15","1"
"2463","2025-04-07 14:20:00","CERRADA","2025-04-07 17:04:56.83146","2025-04-07 14:20:00","657.00",3,"2025-04-07 17:04:56.83146","4","10","1"
"2464","2023-08-11 14:22:00","CERRADA","2023-08-11 15:23:11.518277","2023-08-11 14:22:00","162.00",2,"2023-08-11 15:23:11.518277","99","3","1"
"2465","2023-07-15 21:53:00","CERRADA","2023-07-15 22:58:55.459456","2023-07-15 21:53:00","150.00",3,"2023-07-15 22:58:55.459456","109","12","1"
"2466","2025-03-21 13:23:00","CERRADA","2025-03-21 15:46:05.4538","2025-03-21 13:23:00","169.00",8,"2025-03-21 15:46:05.4538","1","8","1"
"2467","2024-11-01 14:40:00","CERRADA","2024-11-01 17:15:44.844085","2024-11-01 14:40:00","92.00",2,"2024-11-01 17:15:44.844085","69","3","1"
"2468","2025-01-31 12:19:00","CERRADA","2025-01-31 14:51:35.957555","2025-01-31 12:19:00","79.00",2,"2025-01-31 14:51:35.957555","278","13","1"
"2469","2025-03-14 13:56:00","CERRADA","2025-03-14 15:24:08.242744","2025-03-14 13:56:00","600.00",8,"2025-03-14 15:24:08.242744","23","7","1"
"2470","2023-09-08 12:10:00","CERRADA","2023-09-08 13:50:50.111808","2023-09-08 12:10:00","254.00",6,"2023-09-08 13:50:50.111808","287","7","1"
"2471","2023-07-30 20:50:00","CERRADA","2023-07-30 23:24:07.593392","2023-07-30 20:50:00","116.00",5,"2023-07-30 23:24:07.593392","150","7","1"
"2472","2024-04-25 19:08:00","CERRADA","2024-04-25 20:56:32.621701","2024-04-25 19:08:00","248.00",3,"2024-04-25 20:56:32.621701","273","4","1"
"2473","2024-10-11 13:23:00","CERRADA","2024-10-11 14:59:37.033663","2024-10-11 13:23:00","157.00",7,"2024-10-11 14:59:37.033663","262","5","1"
"2474","2023-08-23 20:10:00","CERRADA","2023-08-23 21:30:42.817275","2023-08-23 20:10:00","164.00",6,"2023-08-23 21:30:42.817275","165","12","1"
"2475","2024-11-29 21:59:00","CERRADA","2024-11-30 00:15:16.532725","2024-11-29 21:59:00","130.00",2,"2024-11-30 00:15:16.532725","1","1","1"
"2476","2024-12-20 14:56:00","CERRADA","2024-12-20 16:17:38.016732","2024-12-20 14:56:00","178.00",3,"2024-12-20 16:17:38.016732","155","8","1"
"2477","2024-12-08 20:11:00","CERRADA","2024-12-08 22:22:16.955867","2024-12-08 20:11:00","343.00",3,"2024-12-08 22:22:16.955867","88","13","1"
"2478","2024-07-12 12:08:00","CERRADA","2024-07-12 13:57:11.347253","2024-07-12 12:08:00","127.00",7,"2024-07-12 13:57:11.347253","1","10","1"
"2479","2025-06-02 00:00:00","CERRADA","2025-06-02 00:00:00","2025-06-02 00:00:00","115.00",1,"2025-06-02 00:00:00","177","14","1"
"2480","2023-07-23 13:15:00","CERRADA","2023-07-23 14:59:29.295882","2023-07-23 13:15:00","210.00",2,"2023-07-23 14:59:29.295882","120","10","1"
"2481","2024-12-02 13:24:00","CERRADA","2024-12-02 16:06:15.681385","2024-12-02 13:24:00","286.00",3,"2024-12-02 16:06:15.681385","92","3","1"
"2482","2024-08-20 14:25:00","CERRADA","2024-08-20 15:38:18.460414","2024-08-20 14:25:00","54.00",3,"2024-08-20 15:38:18.460414","216","1","1"
"2483","2024-09-29 19:18:00","CERRADA","2024-09-29 20:44:12.398188","2024-09-29 19:18:00","81.00",1,"2024-09-29 20:44:12.398188","216","14","1"
"2484","2025-01-10 13:17:00","CERRADA","2025-01-10 15:07:50.346606","2025-01-10 13:17:00","228.00",1,"2025-01-10 15:07:50.346606","183","1","1"
"2485","2024-07-16 19:07:00","CERRADA","2024-07-16 20:08:29.501809","2024-07-16 19:07:00","150.00",3,"2024-07-16 20:08:29.501809","219","11","1"
"2486","2024-03-17 14:08:00","CERRADA","2024-03-17 17:00:38.57691","2024-03-17 14:08:00","60.00",5,"2024-03-17 17:00:38.57691","1","10","1"
"2487","2024-03-22 19:11:00","CERRADA","2024-03-22 21:06:40.238489","2024-03-22 19:11:00","271.00",5,"2024-03-22 21:06:40.238489","201","6","1"
"2488","2024-10-02 12:27:00","CERRADA","2024-10-02 15:10:02.302023","2024-10-02 12:27:00","301.00",6,"2024-10-02 15:10:02.302023","200","9","1"
"2489","2023-12-03 14:56:00","CERRADA","2023-12-03 16:47:25.68153","2023-12-03 14:56:00","108.00",5,"2023-12-03 16:47:25.68153","130","10","1"
"2490","2023-09-15 12:53:00","CERRADA","2023-09-15 15:34:32.862466","2023-09-15 12:53:00","46.00",6,"2023-09-15 15:34:32.862466","169","14","1"
"2491","2024-07-03 14:35:00","CERRADA","2024-07-03 16:01:18.187293","2024-07-03 14:35:00","198.00",3,"2024-07-03 16:01:18.187293","291","4","1"
"2492","2023-11-24 14:50:00","CERRADA","2023-11-24 16:13:33.868466","2023-11-24 14:50:00","69.00",8,"2023-11-24 16:13:33.868466","138","2","1"
"2493","2024-09-06 13:22:00","CERRADA","2024-09-06 16:06:53.854592","2024-09-06 13:22:00","153.00",5,"2024-09-06 16:06:53.854592","1","10","1"
"2494","2024-12-23 20:02:00","CERRADA","2024-12-23 21:35:42.292669","2024-12-23 20:02:00","137.00",4,"2024-12-23 21:35:42.292669","1","6","1"
"2495","2025-05-30 12:38:00","CERRADA","2025-05-30 14:18:40.105546","2025-05-30 12:38:00","192.00",7,"2025-05-30 14:18:40.105546","103","9","1"
"2496","2024-07-07 19:46:00","CERRADA","2024-07-07 21:19:25.395318","2024-07-07 19:46:00","300.00",6,"2024-07-07 21:19:25.395318","174","11","1"
"2497","2025-01-17 12:16:00","CERRADA","2025-01-17 14:36:38.12369","2025-01-17 12:16:00","861.00",1,"2025-01-17 14:36:38.12369","10","14","1"
"2498","2023-09-08 20:16:00","CERRADA","2023-09-08 21:49:05.813045","2023-09-08 20:16:00","185.00",7,"2023-09-08 21:49:05.813045","252","14","1"
"2499","2023-08-25 21:54:00","CERRADA","2023-08-25 23:36:10.099487","2023-08-25 21:54:00","154.00",7,"2023-08-25 23:36:10.099487","204","12","1"
"2500","2023-10-14 13:25:00","CERRADA","2023-10-14 15:31:24.859385","2023-10-14 13:25:00","123.00",8,"2023-10-14 15:31:24.859385","214","14","1"
"2501","2024-06-12 12:33:00","CERRADA","2024-06-12 14:17:43.922454","2024-06-12 12:33:00","147.00",2,"2024-06-12 14:17:43.922454","1","13","1"
"2502","2023-11-03 13:36:00","CERRADA","2023-11-03 16:17:10.487726","2023-11-03 13:36:00","157.00",1,"2023-11-03 16:17:10.487726","294","1","1"
"2503","2023-07-13 20:24:00","CERRADA","2023-07-13 21:26:27.123847","2023-07-13 20:24:00","76.00",6,"2023-07-13 21:26:27.123847","266","5","1"
"2504","2024-08-16 13:45:00","CERRADA","2024-08-16 15:14:45.446304","2024-08-16 13:45:00","30.00",7,"2024-08-16 15:14:45.446304","1","6","1"
"2505","2024-01-05 19:42:00","CERRADA","2024-01-05 21:07:19.130446","2024-01-05 19:42:00","49.00",4,"2024-01-05 21:07:19.130446","219","10","1"
"2506","2024-12-14 13:26:00","CERRADA","2024-12-14 15:15:14.250824","2024-12-14 13:26:00","230.00",2,"2024-12-14 15:15:14.250824","1","8","1"
"2507","2023-08-24 19:32:00","CERRADA","2023-08-24 21:49:38.707622","2023-08-24 19:32:00","95.00",5,"2023-08-24 21:49:38.707622","1","15","1"
"2508","2025-04-25 19:30:00","CERRADA","2025-04-25 22:00:10.29508","2025-04-25 19:30:00","158.00",6,"2025-04-25 22:00:10.29508","113","9","1"
"2509","2025-05-16 20:48:00","CERRADA","2025-05-16 22:45:47.360633","2025-05-16 20:48:00","235.00",3,"2025-05-16 22:45:47.360633","106","5","1"
"2510","2023-06-24 20:08:00","CERRADA","2023-06-24 21:24:40.792202","2023-06-24 20:08:00","203.00",6,"2023-06-24 21:24:40.792202","163","13","1"
"2511","2025-03-26 21:48:00","CERRADA","2025-03-26 22:57:19.796416","2025-03-26 21:48:00","175.00",5,"2025-03-26 22:57:19.796416","235","1","1"
"2512","2023-07-07 12:48:00","CERRADA","2023-07-07 13:56:22.042601","2023-07-07 12:48:00","131.00",8,"2023-07-07 13:56:22.042601","1","11","1"
"2513","2024-10-04 20:11:00","CERRADA","2024-10-04 22:43:00.511374","2024-10-04 20:11:00","200.00",1,"2024-10-04 22:43:00.511374","1","10","1"
"2514","2024-12-18 14:56:00","CERRADA","2024-12-18 17:28:20.143608","2024-12-18 14:56:00","347.00",3,"2024-12-18 17:28:20.143608","43","11","1"
"2515","2023-09-08 12:34:00","CERRADA","2023-09-08 14:24:44.798228","2023-09-08 12:34:00","383.00",8,"2023-09-08 14:24:44.798228","1","4","1"
"2516","2023-07-24 13:45:00","CERRADA","2023-07-24 16:08:27.283487","2023-07-24 13:45:00","113.00",5,"2023-07-24 16:08:27.283487","1","10","1"
"2517","2025-04-22 14:43:00","CERRADA","2025-04-22 17:41:44.883108","2025-04-22 14:43:00","228.00",2,"2025-04-22 17:41:44.883108","122","15","1"
"2518","2024-06-03 19:28:00","CERRADA","2024-06-03 20:31:12.845195","2024-06-03 19:28:00","117.00",5,"2024-06-03 20:31:12.845195","11","2","1"
"2519","2024-12-06 14:38:00","CERRADA","2024-12-06 16:41:39.613972","2024-12-06 14:38:00","75.00",6,"2024-12-06 16:41:39.613972","93","2","1"
"2520","2024-12-27 14:42:00","CERRADA","2024-12-27 17:16:21.717792","2024-12-27 14:42:00","246.00",4,"2024-12-27 17:16:21.717792","1","5","1"
"2521","2025-05-12 19:46:00","CERRADA","2025-05-12 21:50:39.195809","2025-05-12 19:46:00","91.00",3,"2025-05-12 21:50:39.195809","1","12","1"
"2522","2024-07-01 14:42:00","CERRADA","2024-07-01 16:08:36.916795","2024-07-01 14:42:00","188.00",1,"2024-07-01 16:08:36.916795","259","14","1"
"2523","2023-09-15 20:58:00","CERRADA","2023-09-15 23:24:43.534233","2023-09-15 20:58:00","42.00",1,"2023-09-15 23:24:43.534233","272","10","1"
"2524","2023-06-09 12:07:00","CERRADA","2023-06-09 14:04:06.868722","2023-06-09 12:07:00","162.00",6,"2023-06-09 14:04:06.868722","263","2","1"
"2525","2025-03-14 12:13:00","CERRADA","2025-03-14 13:16:43.832355","2025-03-14 12:13:00","92.00",7,"2025-03-14 13:16:43.832355","1","3","1"
"2526","2024-07-13 20:26:00","CERRADA","2024-07-13 22:32:01.928067","2024-07-13 20:26:00","555.00",2,"2024-07-13 22:32:01.928067","18","9","1"
"2527","2024-11-22 21:54:00","CERRADA","2024-11-22 22:56:18.53199","2024-11-22 21:54:00","141.00",5,"2024-11-22 22:56:18.53199","153","14","1"
"2528","2025-01-03 21:17:00","CERRADA","2025-01-03 22:27:39.48466","2025-01-03 21:17:00","245.00",6,"2025-01-03 22:27:39.48466","261","11","1"
"2529","2025-02-05 12:10:00","CERRADA","2025-02-05 14:45:58.625372","2025-02-05 12:10:00","593.00",2,"2025-02-05 14:45:58.625372","3","7","1"
"2530","2024-12-29 12:29:00","CERRADA","2024-12-29 13:35:49.093825","2024-12-29 12:29:00","234.00",1,"2024-12-29 13:35:49.093825","69","1","1"
"2531","2023-12-18 14:17:00","CERRADA","2023-12-18 15:43:12.062623","2023-12-18 14:17:00","164.00",7,"2023-12-18 15:43:12.062623","1","3","1"
"2532","2025-03-21 21:52:00","CERRADA","2025-03-22 00:37:00.323608","2025-03-21 21:52:00","123.00",3,"2025-03-22 00:37:00.323608","1","7","1"
"2533","2023-12-13 21:09:00","CERRADA","2023-12-13 22:44:47.447464","2023-12-13 21:09:00","302.00",3,"2023-12-13 22:44:47.447464","1","2","1"
"2534","2025-06-02 00:00:00","CERRADA","2025-06-02 00:00:00","2025-06-02 00:00:00","128.00",7,"2025-06-02 00:00:00","193","4","1"
"2535","2025-01-10 21:03:00","CERRADA","2025-01-10 22:32:59.464235","2025-01-10 21:03:00","297.00",5,"2025-01-10 22:32:59.464235","284","15","1"
"2536","2024-03-29 21:19:00","CERRADA","2024-03-29 22:24:02.606196","2024-03-29 21:19:00","188.00",3,"2024-03-29 22:24:02.606196","231","1","1"
"2537","2025-05-23 14:49:00","CERRADA","2025-05-23 17:41:59.739007","2025-05-23 14:49:00","191.00",2,"2025-05-23 17:41:59.739007","219","5","1"
"2538","2025-05-23 20:34:00","CERRADA","2025-05-23 21:51:37.465417","2025-05-23 20:34:00","261.00",7,"2025-05-23 21:51:37.465417","126","14","1"
"2539","2024-12-16 19:26:00","CERRADA","2024-12-16 20:44:16.345156","2024-12-16 19:26:00","247.00",8,"2024-12-16 20:44:16.345156","293","8","1"
"2540","2023-07-14 20:49:00","CERRADA","2023-07-14 23:03:59.491773","2023-07-14 20:49:00","263.00",7,"2023-07-14 23:03:59.491773","67","4","1"
"2541","2023-10-13 19:58:00","CERRADA","2023-10-13 22:40:38.300126","2023-10-13 19:58:00","218.00",2,"2023-10-13 22:40:38.300126","147","10","1"
"2542","2024-02-23 13:10:00","CERRADA","2024-02-23 16:05:20.971267","2024-02-23 13:10:00","265.00",1,"2024-02-23 16:05:20.971267","91","3","1"
"2543","2024-08-02 20:37:00","CERRADA","2024-08-02 22:25:58.906244","2024-08-02 20:37:00","153.00",7,"2024-08-02 22:25:58.906244","67","1","1"
"2544","2025-01-24 21:35:00","CERRADA","2025-01-24 23:04:45.228067","2025-01-24 21:35:00","293.00",3,"2025-01-24 23:04:45.228067","178","7","1"
"2545","2024-07-19 19:28:00","CERRADA","2024-07-19 21:41:18.588316","2024-07-19 19:28:00","167.00",8,"2024-07-19 21:41:18.588316","285","12","1"
"2546","2023-10-06 12:33:00","CERRADA","2023-10-06 15:26:42.195243","2023-10-06 12:33:00","187.00",5,"2023-10-06 15:26:42.195243","224","1","1"
"2547","2023-09-08 21:12:00","CERRADA","2023-09-09 00:09:07.547412","2023-09-08 21:12:00","229.00",4,"2023-09-09 00:09:07.547412","1","15","1"
"2548","2023-06-16 14:19:00","CERRADA","2023-06-16 15:24:57.626473","2023-06-16 14:19:00","339.00",7,"2023-06-16 15:24:57.626473","81","3","1"
"2549","2024-07-19 21:04:00","CERRADA","2024-07-19 23:58:47.404997","2024-07-19 21:04:00","263.00",8,"2024-07-19 23:58:47.404997","1","12","1"
"2550","2024-03-19 13:19:00","CERRADA","2024-03-19 14:33:11.10317","2024-03-19 13:19:00","279.00",1,"2024-03-19 14:33:11.10317","118","14","1"
"2551","2023-11-04 19:08:00","CERRADA","2023-11-04 20:11:58.838514","2023-11-04 19:08:00","290.00",6,"2023-11-04 20:11:58.838514","296","8","1"
"2552","2025-06-02 00:00:00","CERRADA","2025-06-02 00:00:00","2025-06-02 00:00:00","230.00",6,"2025-06-02 00:00:00","224","11","1"
"2553","2024-12-02 19:27:00","CERRADA","2024-12-02 21:18:22.371458","2024-12-02 19:27:00","359.00",3,"2024-12-02 21:18:22.371458","79","1","1"
"2554","2024-12-25 20:52:00","CERRADA","2024-12-25 23:25:12.873066","2024-12-25 20:52:00","104.00",5,"2024-12-25 23:25:12.873066","1","2","1"
"2555","2025-03-27 20:08:00","CERRADA","2025-03-27 22:53:31.296605","2025-03-27 20:08:00","299.00",1,"2025-03-27 22:53:31.296605","1","14","1"
"2556","2024-09-03 20:27:00","CERRADA","2024-09-03 22:35:37.470825","2024-09-03 20:27:00","57.00",1,"2024-09-03 22:35:37.470825","188","4","1"
"2557","2023-06-09 14:31:00","CERRADA","2023-06-09 16:01:54.917914","2023-06-09 14:31:00","172.00",5,"2023-06-09 16:01:54.917914","1","3","1"
"2558","2025-04-04 14:54:00","CERRADA","2025-04-04 16:42:33.870179","2025-04-04 14:54:00","264.00",2,"2025-04-04 16:42:33.870179","164","4","1"
"2559","2023-12-20 14:03:00","CERRADA","2023-12-20 15:30:05.441377","2023-12-20 14:03:00","251.00",8,"2023-12-20 15:30:05.441377","256","8","1"
"2560","2023-07-21 20:47:00","CERRADA","2023-07-21 23:27:17.940755","2023-07-21 20:47:00","129.00",3,"2023-07-21 23:27:17.940755","296","13","1"
"2561","2024-07-15 13:19:00","CERRADA","2024-07-15 15:46:48.689303","2024-07-15 13:19:00","212.00",4,"2024-07-15 15:46:48.689303","38","10","1"
"2562","2024-12-09 12:49:00","CERRADA","2024-12-09 14:21:30.721988","2024-12-09 12:49:00","50.00",5,"2024-12-09 14:21:30.721988","1","14","1"
"2563","2023-10-11 12:59:00","CERRADA","2023-10-11 15:55:14.500513","2023-10-11 12:59:00","140.00",7,"2023-10-11 15:55:14.500513","229","12","1"
"2564","2023-08-19 19:40:00","CERRADA","2023-08-19 20:44:05.635413","2023-08-19 19:40:00","48.00",6,"2023-08-19 20:44:05.635413","242","7","1"
"2565","2023-12-01 13:55:00","CERRADA","2023-12-01 15:59:35.132879","2023-12-01 13:55:00","95.00",6,"2023-12-01 15:59:35.132879","1","9","1"
"2566","2023-12-16 12:35:00","CERRADA","2023-12-16 15:10:22.458191","2023-12-16 12:35:00","132.00",7,"2023-12-16 15:10:22.458191","139","6","1"
"2567","2023-09-08 14:17:00","CERRADA","2023-09-08 16:43:11.85526","2023-09-08 14:17:00","133.00",2,"2023-09-08 16:43:11.85526","178","6","1"
"2568","2024-07-19 19:00:00","CERRADA","2024-07-19 20:06:04.16466","2024-07-19 19:00:00","69.00",2,"2024-07-19 20:06:04.16466","189","4","1"
"2569","2024-04-19 20:17:00","CERRADA","2024-04-19 23:15:09.926703","2024-04-19 20:17:00","150.00",1,"2024-04-19 23:15:09.926703","127","15","1"
"2570","2023-12-01 21:13:00","CERRADA","2023-12-01 23:23:37.677726","2023-12-01 21:13:00","223.00",3,"2023-12-01 23:23:37.677726","1","4","1"
"2571","2024-02-02 20:35:00","CERRADA","2024-02-02 22:22:55.249405","2024-02-02 20:35:00","288.00",1,"2024-02-02 22:22:55.249405","84","13","1"
"2572","2025-04-11 13:25:00","CERRADA","2025-04-11 15:03:36.210821","2025-04-11 13:25:00","106.00",1,"2025-04-11 15:03:36.210821","1","11","1"
"2573","2024-03-17 13:55:00","CERRADA","2024-03-17 15:19:26.81051","2024-03-17 13:55:00","85.00",7,"2024-03-17 15:19:26.81051","175","2","1"
"2574","2023-07-28 19:19:00","CERRADA","2023-07-28 20:50:38.259179","2023-07-28 19:19:00","134.00",4,"2023-07-28 20:50:38.259179","215","3","1"
"2575","2024-08-23 20:35:00","CERRADA","2024-08-23 22:32:57.369082","2024-08-23 20:35:00","135.00",1,"2024-08-23 22:32:57.369082","261","15","1"
"2576","2023-07-14 20:44:00","CERRADA","2023-07-14 22:57:48.962289","2023-07-14 20:44:00","287.00",3,"2023-07-14 22:57:48.962289","1","10","1"
"2577","2023-08-25 13:51:00","CERRADA","2023-08-25 15:37:46.542888","2023-08-25 13:51:00","161.00",4,"2023-08-25 15:37:46.542888","146","14","1"
"2578","2024-12-20 13:51:00","CERRADA","2024-12-20 15:38:55.253029","2024-12-20 13:51:00","226.00",5,"2024-12-20 15:38:55.253029","173","9","1"
"2579","2023-07-07 21:43:00","CERRADA","2023-07-08 00:41:32.077304","2023-07-07 21:43:00","97.00",7,"2023-07-08 00:41:32.077304","63","2","1"
"2580","2025-05-02 14:23:00","CERRADA","2025-05-02 16:48:20.410571","2025-05-02 14:23:00","70.00",8,"2025-05-02 16:48:20.410571","162","4","1"
"2581","2025-06-02 00:00:00","CERRADA","2025-06-02 00:00:00","2025-06-02 00:00:00","543.00",3,"2025-06-02 00:00:00","31","14","1"
"2582","2024-02-09 19:51:00","CERRADA","2024-02-09 21:37:29.898741","2024-02-09 19:51:00","182.00",6,"2024-02-09 21:37:29.898741","1","10","1"
"2583","2024-05-01 12:23:00","CERRADA","2024-05-01 13:50:51.041911","2024-05-01 12:23:00","284.00",4,"2024-05-01 13:50:51.041911","210","3","1"
"2584","2023-06-23 20:58:00","CERRADA","2023-06-23 22:51:48.655351","2023-06-23 20:58:00","87.00",5,"2023-06-23 22:51:48.655351","198","2","1"
"2585","2023-07-21 19:15:00","CERRADA","2023-07-21 20:19:59.015686","2023-07-21 19:15:00","115.00",7,"2023-07-21 20:19:59.015686","200","9","1"
"2586","2024-06-21 21:05:00","CERRADA","2024-06-21 23:22:38.251331","2024-06-21 21:05:00","193.00",1,"2024-06-21 23:22:38.251331","224","14","1"
"2587","2023-06-13 20:07:00","CERRADA","2023-06-13 23:05:36.743651","2023-06-13 20:07:00","80.00",2,"2023-06-13 23:05:36.743651","6","10","1"
"2588","2023-08-27 14:10:00","CERRADA","2023-08-27 16:32:37.628857","2023-08-27 14:10:00","141.00",1,"2023-08-27 16:32:37.628857","123","11","1"
"2589","2025-01-10 13:54:00","CERRADA","2025-01-10 15:07:27.220114","2025-01-10 13:54:00","279.00",6,"2025-01-10 15:07:27.220114","1","8","1"
"2590","2023-07-22 12:08:00","CERRADA","2023-07-22 14:51:33.889609","2023-07-22 12:08:00","403.00",1,"2023-07-22 14:51:33.889609","97","7","1"
"2591","2025-04-11 21:37:00","CERRADA","2025-04-12 00:31:13.098811","2025-04-11 21:37:00","298.00",5,"2025-04-12 00:31:13.098811","254","15","1"
"2592","2025-05-16 20:05:00","CERRADA","2025-05-16 21:19:55.361203","2025-05-16 20:05:00","123.00",5,"2025-05-16 21:19:55.361203","148","12","1"
"2593","2024-05-23 14:56:00","CERRADA","2024-05-23 17:36:40.56708","2024-05-23 14:56:00","129.00",7,"2024-05-23 17:36:40.56708","289","2","1"
"2594","2023-11-09 21:23:00","CERRADA","2023-11-09 22:40:55.738019","2023-11-09 21:23:00","249.00",7,"2023-11-09 22:40:55.738019","171","7","1"
"2595","2025-06-02 00:00:00","CERRADA","2025-06-02 00:00:00","2025-06-02 00:00:00","162.00",6,"2025-06-02 00:00:00","255","1","1"
"2596","2024-09-06 21:09:00","CERRADA","2024-09-06 23:39:55.939906","2024-09-06 21:09:00","128.00",1,"2024-09-06 23:39:55.939906","279","7","1"
"2597","2023-10-20 12:23:00","CERRADA","2023-10-20 14:23:28.568711","2023-10-20 12:23:00","271.00",1,"2023-10-20 14:23:28.568711","1","7","1"
"2598","2023-08-11 21:05:00","CERRADA","2023-08-11 22:55:46.755203","2023-08-11 21:05:00","227.00",1,"2023-08-11 22:55:46.755203","193","4","1"
"2599","2023-07-28 12:23:00","CERRADA","2023-07-28 13:38:28.429548","2023-07-28 12:23:00","101.00",7,"2023-07-28 13:38:28.429548","1","6","1"
"2600","2025-01-31 14:03:00","CERRADA","2025-01-31 16:28:09.517374","2025-01-31 14:03:00","154.00",4,"2025-01-31 16:28:09.517374","40","4","1"
"2601","2024-01-12 21:58:00","CERRADA","2024-01-12 23:54:06.275395","2024-01-12 21:58:00","256.00",6,"2024-01-12 23:54:06.275395","1","12","1"
"2602","2025-03-21 20:25:00","CERRADA","2025-03-21 22:17:10.036048","2025-03-21 20:25:00","148.00",2,"2025-03-21 22:17:10.036048","237","2","1"
"2603","2025-01-17 12:35:00","CERRADA","2025-01-17 14:03:12.370527","2025-01-17 12:35:00","125.00",7,"2025-01-17 14:03:12.370527","1","5","1"
"2604","2024-02-27 19:35:00","CERRADA","2024-02-27 22:29:34.888158","2024-02-27 19:35:00","192.00",8,"2024-02-27 22:29:34.888158","1","12","1"
"2605","2024-02-05 19:51:00","CERRADA","2024-02-05 22:18:43.463281","2024-02-05 19:51:00","102.00",3,"2024-02-05 22:18:43.463281","241","1","1"
"2606","2025-06-02 00:00:00","CERRADA","2025-06-02 00:00:00","2025-06-02 00:00:00","86.00",1,"2025-06-02 00:00:00","127","14","1"
"2607","2025-05-08 13:50:00","CERRADA","2025-05-08 16:11:54.808942","2025-05-08 13:50:00","155.00",3,"2025-05-08 16:11:54.808942","99","14","1"
"2608","2023-07-14 13:20:00","CERRADA","2023-07-14 14:48:48.526091","2023-07-14 13:20:00","240.00",5,"2023-07-14 14:48:48.526091","209","5","1"
"2609","2024-06-21 13:16:00","CERRADA","2024-06-21 14:35:50.432888","2024-06-21 13:16:00","233.00",8,"2024-06-21 14:35:50.432888","204","15","1"
"2610","2024-01-17 21:09:00","CERRADA","2024-01-17 22:14:36.485489","2024-01-17 21:09:00","177.00",3,"2024-01-17 22:14:36.485489","123","10","1"
"2611","2024-08-14 20:12:00","CERRADA","2024-08-14 21:39:21.262995","2024-08-14 20:12:00","43.00",2,"2024-08-14 21:39:21.262995","95","1","1"
"2612","2024-03-29 19:42:00","CERRADA","2024-03-29 20:50:28.335235","2024-03-29 19:42:00","99.00",5,"2024-03-29 20:50:28.335235","1","9","1"
"2613","2025-04-25 12:21:00","CERRADA","2025-04-25 15:02:07.73611","2025-04-25 12:21:00","125.00",1,"2025-04-25 15:02:07.73611","78","15","1"
"2614","2023-07-30 19:36:00","CERRADA","2023-07-30 21:58:46.028538","2023-07-30 19:36:00","182.00",7,"2023-07-30 21:58:46.028538","66","15","1"
"2615","2023-10-13 19:50:00","CERRADA","2023-10-13 21:24:07.291248","2023-10-13 19:50:00","319.00",4,"2023-10-13 21:24:07.291248","105","9","1"
"2616","2025-06-02 00:00:00","CERRADA","2025-06-02 00:00:00","2025-06-02 00:00:00","360.00",7,"2025-06-02 00:00:00","81","3","1"
"2617","2024-07-19 19:01:00","CERRADA","2024-07-19 21:52:03.694335","2024-07-19 19:01:00","173.00",1,"2024-07-19 21:52:03.694335","40","7","1"
"2618","2023-07-28 14:39:00","CERRADA","2023-07-28 16:16:34.981944","2023-07-28 14:39:00","161.00",6,"2023-07-28 16:16:34.981944","108","9","1"
"2619","2023-08-27 19:50:00","CERRADA","2023-08-27 22:14:58.027966","2023-08-27 19:50:00","78.00",5,"2023-08-27 22:14:58.027966","157","3","1"
"2620","2024-03-08 19:30:00","CERRADA","2024-03-08 22:03:46.808815","2024-03-08 19:30:00","391.00",8,"2024-03-08 22:03:46.808815","69","15","1"
"2621","2024-08-09 12:53:00","CERRADA","2024-08-09 15:44:06.815012","2024-08-09 12:53:00","83.00",8,"2024-08-09 15:44:06.815012","87","7","1"
"2622","2024-12-07 21:22:00","CERRADA","2024-12-07 23:38:06.907749","2024-12-07 21:22:00","309.00",1,"2024-12-07 23:38:06.907749","1","1","1"
"2623","2024-07-27 19:17:00","CERRADA","2024-07-27 20:54:48.441238","2024-07-27 19:17:00","143.00",5,"2024-07-27 20:54:48.441238","1","7","1"
"2624","2025-01-23 19:47:00","CERRADA","2025-01-23 21:55:55.070971","2025-01-23 19:47:00","162.00",4,"2025-01-23 21:55:55.070971","108","2","1"
"2625","2024-02-23 19:02:00","CERRADA","2024-02-23 21:12:42.796634","2024-02-23 19:02:00","142.00",2,"2024-02-23 21:12:42.796634","144","14","1"
"2626","2023-06-16 21:13:00","CERRADA","2023-06-16 22:30:09.041656","2023-06-16 21:13:00","94.00",6,"2023-06-16 22:30:09.041656","163","14","1"
"2627","2023-12-13 14:57:00","CERRADA","2023-12-13 16:42:43.24333","2023-12-13 14:57:00","106.00",4,"2023-12-13 16:42:43.24333","225","5","1"
"2628","2025-06-02 00:00:00","CERRADA","2025-06-02 00:00:00","2025-06-02 00:00:00","283.00",2,"2025-06-02 00:00:00","82","12","1"
"2629","2023-12-05 21:58:00","CERRADA","2023-12-06 00:43:04.879269","2023-12-05 21:58:00","477.00",2,"2023-12-06 00:43:04.879269","10","1","1"
"2630","2024-10-25 21:10:00","CERRADA","2024-10-25 22:50:55.257246","2024-10-25 21:10:00","173.00",5,"2024-10-25 22:50:55.257246","100","14","1"
"2631","2023-08-06 20:09:00","CERRADA","2023-08-06 22:58:04.752697","2023-08-06 20:09:00","101.00",8,"2023-08-06 22:58:04.752697","260","12","1"
"2632","2023-08-04 14:04:00","CERRADA","2023-08-04 15:50:33.116454","2023-08-04 14:04:00","119.00",8,"2023-08-04 15:50:33.116454","232","9","1"
"2633","2025-05-16 14:25:00","CERRADA","2025-05-16 16:01:42.82088","2025-05-16 14:25:00","98.00",4,"2025-05-16 16:01:42.82088","41","12","1"
"2634","2024-07-12 20:27:00","CERRADA","2024-07-12 22:49:24.229412","2024-07-12 20:27:00","269.00",5,"2024-07-12 22:49:24.229412","1","10","1"
"2635","2023-12-16 12:54:00","CERRADA","2023-12-16 15:08:30.447521","2023-12-16 12:54:00","310.00",7,"2023-12-16 15:08:30.447521","292","13","1"
"2636","2024-07-10 20:03:00","CERRADA","2024-07-10 22:11:52.296657","2024-07-10 20:03:00","143.00",4,"2024-07-10 22:11:52.296657","1","3","1"
"2637","2023-10-20 14:57:00","CERRADA","2023-10-20 16:35:14.32247","2023-10-20 14:57:00","308.00",7,"2023-10-20 16:35:14.32247","44","7","1"
"2638","2024-05-10 19:20:00","CERRADA","2024-05-10 20:59:20.003547","2024-05-10 19:20:00","230.00",5,"2024-05-10 20:59:20.003547","261","7","1"
"2639","2024-05-31 14:30:00","CERRADA","2024-05-31 16:21:42.864429","2024-05-31 14:30:00","199.00",8,"2024-05-31 16:21:42.864429","1","15","1"
"2640","2024-05-17 20:54:00","CERRADA","2024-05-17 22:09:56.105391","2024-05-17 20:54:00","366.00",8,"2024-05-17 22:09:56.105391","28","7","1"
"2641","2024-06-28 13:11:00","CERRADA","2024-06-28 15:58:00.773609","2024-06-28 13:11:00","195.00",7,"2024-06-28 15:58:00.773609","184","2","1"
"2642","2024-11-08 14:00:00","CERRADA","2024-11-08 15:17:14.786142","2024-11-08 14:00:00","117.00",2,"2024-11-08 15:17:14.786142","1","5","1"
"2643","2024-11-29 19:01:00","CERRADA","2024-11-29 21:02:30.422565","2024-11-29 19:01:00","481.00",4,"2024-11-29 21:02:30.422565","1","4","1"
"2644","2023-07-14 13:26:00","CERRADA","2023-07-14 14:49:16.698227","2023-07-14 13:26:00","369.00",8,"2023-07-14 14:49:16.698227","164","14","1"
"2645","2023-11-06 19:03:00","CERRADA","2023-11-06 20:23:48.180988","2023-11-06 19:03:00","315.00",5,"2023-11-06 20:23:48.180988","1","5","1"
"2646","2024-12-06 12:38:00","CERRADA","2024-12-06 15:11:13.385386","2024-12-06 12:38:00","79.00",1,"2024-12-06 15:11:13.385386","1","6","1"
"2647","2025-04-18 19:40:00","CERRADA","2025-04-18 20:47:56.737537","2025-04-18 19:40:00","461.00",5,"2025-04-18 20:47:56.737537","37","4","1"
"2648","2023-10-18 13:35:00","CERRADA","2023-10-18 15:07:14.828377","2023-10-18 13:35:00","110.00",8,"2023-10-18 15:07:14.828377","250","14","1"
"2649","2024-11-22 12:29:00","CERRADA","2024-11-22 13:53:33.436512","2024-11-22 12:29:00","150.00",5,"2024-11-22 13:53:33.436512","201","10","1"
"2650","2024-04-03 12:36:00","CERRADA","2024-04-03 14:14:37.450127","2024-04-03 12:36:00","297.00",8,"2024-04-03 14:14:37.450127","1","7","1"
"2651","2025-04-25 21:48:00","CERRADA","2025-04-25 23:53:49.24899","2025-04-25 21:48:00","147.00",5,"2025-04-25 23:53:49.24899","116","10","1"
"2652","2025-06-02 00:00:00","CERRADA","2025-06-02 00:00:00","2025-06-02 00:00:00","154.00",3,"2025-06-02 00:00:00","223","1","1"
"2653","2025-06-02 00:00:00","CERRADA","2025-06-02 00:00:00","2025-06-02 00:00:00","113.00",5,"2025-06-02 00:00:00","73","6","1"
"2654","2024-09-27 14:39:00","CERRADA","2024-09-27 16:22:50.157474","2024-09-27 14:39:00","191.00",8,"2024-09-27 16:22:50.157474","227","11","1"
"2655","2023-08-11 14:58:00","CERRADA","2023-08-11 17:20:24.498013","2023-08-11 14:58:00","202.00",5,"2023-08-11 17:20:24.498013","1","11","1"
"2656","2025-02-14 19:44:00","CERRADA","2025-02-14 21:45:42.981259","2025-02-14 19:44:00","269.00",3,"2025-02-14 21:45:42.981259","105","1","1"
"2657","2023-11-17 13:57:00","CERRADA","2023-11-17 15:48:31.412886","2023-11-17 13:57:00","109.00",7,"2023-11-17 15:48:31.412886","1","2","1"
"2658","2025-06-02 00:00:00","CERRADA","2025-06-02 00:00:00","2025-06-02 00:00:00","109.00",7,"2025-06-02 00:00:00","186","12","1"
"2659","2024-07-05 13:42:00","CERRADA","2024-07-05 16:37:59.566282","2024-07-05 13:42:00","48.00",1,"2024-07-05 16:37:59.566282","229","4","1"
"2660","2023-09-04 12:29:00","CERRADA","2023-09-04 14:33:54.353047","2023-09-04 12:29:00","360.00",6,"2023-09-04 14:33:54.353047","1","2","1"
"2661","2024-06-06 19:39:00","CERRADA","2024-06-06 21:44:51.06745","2024-06-06 19:39:00","52.00",7,"2024-06-06 21:44:51.06745","77","15","1"
"2662","2023-11-10 13:14:00","CERRADA","2023-11-10 15:32:27.096334","2023-11-10 13:14:00","173.00",7,"2023-11-10 15:32:27.096334","1","15","1"
"2663","2023-12-04 20:03:00","CERRADA","2023-12-04 21:07:18.56327","2023-12-04 20:03:00","232.00",1,"2023-12-04 21:07:18.56327","259","10","1"
"2664","2024-04-20 21:34:00","CERRADA","2024-04-20 23:49:19.349168","2024-04-20 21:34:00","131.00",7,"2024-04-20 23:49:19.349168","1","13","1"
"2665","2024-09-06 12:40:00","CERRADA","2024-09-06 15:14:55.644099","2024-09-06 12:40:00","289.00",8,"2024-09-06 15:14:55.644099","284","5","1"
"2666","2025-01-31 20:34:00","CERRADA","2025-01-31 22:48:55.069654","2025-01-31 20:34:00","246.00",4,"2025-01-31 22:48:55.069654","162","6","1"
"2667","2024-09-20 12:20:00","CERRADA","2024-09-20 14:19:17.610026","2024-09-20 12:20:00","73.00",4,"2024-09-20 14:19:17.610026","233","12","1"
"2668","2024-11-05 21:24:00","CERRADA","2024-11-05 22:44:07.067517","2024-11-05 21:24:00","100.00",6,"2024-11-05 22:44:07.067517","299","5","1"
"2669","2024-12-20 20:01:00","CERRADA","2024-12-20 22:44:20.960782","2024-12-20 20:01:00","153.00",5,"2024-12-20 22:44:20.960782","1","4","1"
"2670","2024-07-19 19:43:00","CERRADA","2024-07-19 20:56:03.174143","2024-07-19 19:43:00","221.00",8,"2024-07-19 20:56:03.174143","1","11","1"
"2671","2023-09-01 12:09:00","CERRADA","2023-09-01 15:00:24.467924","2023-09-01 12:09:00","196.00",6,"2023-09-01 15:00:24.467924","16","11","1"
"2672","2025-06-02 00:00:00","CERRADA","2025-06-02 00:00:00","2025-06-02 00:00:00","143.00",7,"2025-06-02 00:00:00","278","9","1"
"2673","2023-10-06 13:30:00","CERRADA","2023-10-06 16:03:31.21753","2023-10-06 13:30:00","292.00",1,"2023-10-06 16:03:31.21753","207","7","1"
"2674","2024-01-19 21:59:00","CERRADA","2024-01-20 00:40:56.668945","2024-01-19 21:59:00","60.00",4,"2024-01-20 00:40:56.668945","75","7","1"
"2675","2024-08-05 14:29:00","CERRADA","2024-08-05 16:30:19.433921","2024-08-05 14:29:00","92.00",1,"2024-08-05 16:30:19.433921","234","15","1"
"2676","2023-12-15 12:51:00","CERRADA","2023-12-15 14:49:25.236399","2023-12-15 12:51:00","65.00",4,"2023-12-15 14:49:25.236399","267","13","1"
"2677","2025-06-02 00:00:00","CERRADA","2025-06-02 00:00:00","2025-06-02 00:00:00","208.00",3,"2025-06-02 00:00:00","53","13","1"
"2678","2024-08-07 20:38:00","CERRADA","2024-08-07 22:59:03.61339","2024-08-07 20:38:00","275.00",1,"2024-08-07 22:59:03.61339","164","8","1"
"2679","2024-03-01 20:34:00","CERRADA","2024-03-01 21:59:06.503361","2024-03-01 20:34:00","214.00",5,"2024-03-01 21:59:06.503361","266","5","1"
"2680","2024-04-12 21:58:00","CERRADA","2024-04-13 00:22:11.237034","2024-04-12 21:58:00","207.00",2,"2024-04-13 00:22:11.237034","1","5","1"
"2681","2025-03-26 13:25:00","CERRADA","2025-03-26 15:29:17.429891","2025-03-26 13:25:00","310.00",4,"2025-03-26 15:29:17.429891","1","15","1"
"2682","2024-11-29 20:40:00","CERRADA","2024-11-29 22:32:32.956217","2024-11-29 20:40:00","302.00",7,"2024-11-29 22:32:32.956217","168","11","1"
"2683","2024-12-06 13:40:00","CERRADA","2024-12-06 16:36:49.363673","2024-12-06 13:40:00","93.00",8,"2024-12-06 16:36:49.363673","1","10","1"
"2684","2024-08-07 19:36:00","CERRADA","2024-08-07 22:13:13.477823","2024-08-07 19:36:00","314.00",5,"2024-08-07 22:13:13.477823","1","11","1"
"2685","2024-08-12 12:27:00","CERRADA","2024-08-12 13:53:09.090125","2024-08-12 12:27:00","294.00",7,"2024-08-12 13:53:09.090125","120","14","1"
"2686","2024-07-25 14:37:00","CERRADA","2024-07-25 17:30:23.303674","2024-07-25 14:37:00","155.00",4,"2024-07-25 17:30:23.303674","165","8","1"
"2687","2025-06-02 00:00:00","CERRADA","2025-06-02 00:00:00","2025-06-02 00:00:00","398.00",3,"2025-06-02 00:00:00","84","10","1"
"2688","2024-05-10 21:19:00","CERRADA","2024-05-10 23:36:06.237318","2024-05-10 21:19:00","374.00",2,"2024-05-10 23:36:06.237318","71","10","1"
"2689","2023-12-01 21:23:00","CERRADA","2023-12-01 22:31:16.602499","2023-12-01 21:23:00","253.00",4,"2023-12-01 22:31:16.602499","1","4","1"
"2690","2025-01-24 19:58:00","CERRADA","2025-01-24 21:22:52.588447","2025-01-24 19:58:00","140.00",4,"2025-01-24 21:22:52.588447","132","9","1"
"2691","2025-06-02 00:00:00","CERRADA","2025-06-02 00:00:00","2025-06-02 00:00:00","67.00",8,"2025-06-02 00:00:00","198","14","1"
"2692","2025-03-07 20:07:00","CERRADA","2025-03-07 21:57:57.802448","2025-03-07 20:07:00","241.00",2,"2025-03-07 21:57:57.802448","147","11","1"
"2693","2023-11-24 19:36:00","CERRADA","2023-11-24 21:42:13.042063","2023-11-24 19:36:00","257.00",3,"2023-11-24 21:42:13.042063","174","1","1"
"2694","2024-08-21 21:30:00","CERRADA","2024-08-21 23:16:23.548595","2024-08-21 21:30:00","42.00",2,"2024-08-21 23:16:23.548595","148","15","1"
"2695","2025-01-03 19:18:00","CERRADA","2025-01-03 20:21:05.979263","2025-01-03 19:18:00","174.00",5,"2025-01-03 20:21:05.979263","1","12","1"
"2696","2024-12-06 13:12:00","CERRADA","2024-12-06 15:44:28.683854","2024-12-06 13:12:00","118.00",3,"2024-12-06 15:44:28.683854","1","10","1"
"2697","2023-07-07 19:45:00","CERRADA","2023-07-07 22:23:18.024372","2023-07-07 19:45:00","160.00",6,"2023-07-07 22:23:18.024372","79","7","1"
"2698","2024-09-13 19:26:00","CERRADA","2024-09-13 21:15:39.813164","2024-09-13 19:26:00","314.00",7,"2024-09-13 21:15:39.813164","98","7","1"
"2699","2024-04-17 14:11:00","CERRADA","2024-04-17 16:48:21.415641","2024-04-17 14:11:00","258.00",3,"2024-04-17 16:48:21.415641","1","1","1"
"2700","2023-10-16 14:39:00","CERRADA","2023-10-16 16:49:36.358302","2023-10-16 14:39:00","237.00",3,"2023-10-16 16:49:36.358302","1","3","1"
"2701","2024-08-09 19:22:00","CERRADA","2024-08-09 21:36:03.818221","2024-08-09 19:22:00","119.00",8,"2024-08-09 21:36:03.818221","108","12","1"
"2702","2025-06-02 00:00:00","CERRADA","2025-06-02 00:00:00","2025-06-02 00:00:00","185.00",8,"2025-06-02 00:00:00","244","14","1"
"2703","2024-01-05 12:29:00","CERRADA","2024-01-05 14:05:29.127258","2024-01-05 12:29:00","319.00",3,"2024-01-05 14:05:29.127258","15","10","1"
"2704","2023-10-23 12:07:00","CERRADA","2023-10-23 14:12:57.015398","2023-10-23 12:07:00","47.00",5,"2023-10-23 14:12:57.015398","186","7","1"
"2705","2023-08-11 14:47:00","CERRADA","2023-08-11 17:35:33.09049","2023-08-11 14:47:00","219.00",4,"2023-08-11 17:35:33.09049","67","7","1"
"2706","2025-03-21 19:54:00","CERRADA","2025-03-21 22:39:41.75026","2025-03-21 19:54:00","85.00",3,"2025-03-21 22:39:41.75026","173","6","1"
"2707","2023-06-30 20:20:00","CERRADA","2023-06-30 21:20:17.85702","2023-06-30 20:20:00","56.00",1,"2023-06-30 21:20:17.85702","1","5","1"
"2708","2024-01-01 14:49:00","CERRADA","2024-01-01 16:23:37.548548","2024-01-01 14:49:00","119.00",2,"2024-01-01 16:23:37.548548","173","6","1"
"2709","2023-10-27 13:36:00","CERRADA","2023-10-27 14:36:05.714087","2023-10-27 13:36:00","43.00",8,"2023-10-27 14:36:05.714087","283","7","1"
"2710","2024-12-15 21:44:00","CERRADA","2024-12-15 22:54:02.582737","2024-12-15 21:44:00","212.00",2,"2024-12-15 22:54:02.582737","125","4","1"
"2711","2023-12-03 20:29:00","CERRADA","2023-12-03 22:32:07.078581","2023-12-03 20:29:00","299.00",4,"2023-12-03 22:32:07.078581","151","10","1"
"2712","2023-07-17 20:20:00","CERRADA","2023-07-17 21:54:14.987271","2023-07-17 20:20:00","155.00",2,"2023-07-17 21:54:14.987271","164","4","1"
"2713","2024-11-15 14:32:00","CERRADA","2024-11-15 15:38:11.507731","2024-11-15 14:32:00","336.00",2,"2024-11-15 15:38:11.507731","224","7","1"
"2714","2023-09-01 14:05:00","CERRADA","2023-09-01 16:57:35.894855","2023-09-01 14:05:00","96.00",4,"2023-09-01 16:57:35.894855","276","8","1"
"2715","2023-11-23 12:31:00","CERRADA","2023-11-23 15:06:48.709035","2023-11-23 12:31:00","90.00",7,"2023-11-23 15:06:48.709035","223","8","1"
"2716","2025-02-20 14:27:00","CERRADA","2025-02-20 16:03:08.584556","2025-02-20 14:27:00","294.00",1,"2025-02-20 16:03:08.584556","235","2","1"
"2717","2024-07-22 12:09:00","CERRADA","2024-07-22 14:52:38.81889","2024-07-22 12:09:00","362.00",1,"2024-07-22 14:52:38.81889","234","14","1"
"2718","2024-02-07 14:16:00","CERRADA","2024-02-07 15:37:30.282156","2024-02-07 14:16:00","234.00",4,"2024-02-07 15:37:30.282156","1","11","1"
"2719","2023-07-07 13:32:00","CERRADA","2023-07-07 15:23:48.507936","2023-07-07 13:32:00","81.00",7,"2023-07-07 15:23:48.507936","1","1","1"
"2720","2025-04-25 13:18:00","CERRADA","2025-04-25 15:46:54.483188","2025-04-25 13:18:00","253.00",1,"2025-04-25 15:46:54.483188","173","15","1"
"2721","2024-07-26 12:16:00","CERRADA","2024-07-26 13:54:22.261219","2024-07-26 12:16:00","265.00",7,"2024-07-26 13:54:22.261219","80","1","1"
"2722","2024-07-19 21:33:00","CERRADA","2024-07-19 22:49:52.67655","2024-07-19 21:33:00","153.00",2,"2024-07-19 22:49:52.67655","74","1","1"
"2723","2023-07-04 20:08:00","CERRADA","2023-07-04 21:30:06.162439","2023-07-04 20:08:00","189.00",1,"2023-07-04 21:30:06.162439","71","5","1"
"2724","2025-04-04 21:39:00","CERRADA","2025-04-05 00:09:54.060032","2025-04-04 21:39:00","139.00",3,"2025-04-05 00:09:54.060032","192","7","1"
"2725","2024-12-23 12:12:00","CERRADA","2024-12-23 13:39:20.339451","2024-12-23 12:12:00","87.00",4,"2024-12-23 13:39:20.339451","1","2","1"
"2726","2023-12-29 20:16:00","CERRADA","2023-12-29 21:56:15.852454","2023-12-29 20:16:00","263.00",7,"2023-12-29 21:56:15.852454","94","9","1"
"2727","2024-05-10 20:25:00","CERRADA","2024-05-10 22:00:48.487442","2024-05-10 20:25:00","274.00",5,"2024-05-10 22:00:48.487442","1","11","1"
"2728","2024-08-13 20:32:00","CERRADA","2024-08-13 22:23:36.348708","2024-08-13 20:32:00","122.00",8,"2024-08-13 22:23:36.348708","1","10","1"
"2729","2025-06-02 00:00:00","CERRADA","2025-06-02 00:00:00","2025-06-02 00:00:00","154.00",1,"2025-06-02 00:00:00","91","12","1"
"2730","2024-03-11 21:23:00","CERRADA","2024-03-11 22:44:16.897982","2024-03-11 21:23:00","78.00",4,"2024-03-11 22:44:16.897982","1","14","1"
"2731","2023-08-08 19:23:00","CERRADA","2023-08-08 22:00:41.333692","2023-08-08 19:23:00","344.00",7,"2023-08-08 22:00:41.333692","120","6","1"
"2732","2024-07-05 13:55:00","CERRADA","2024-07-05 16:11:44.9826","2024-07-05 13:55:00","86.00",8,"2024-07-05 16:11:44.9826","35","5","1"
"2733","2023-09-22 14:14:00","CERRADA","2023-09-22 15:43:54.337878","2023-09-22 14:14:00","240.00",5,"2023-09-22 15:43:54.337878","215","7","1"
"2734","2023-11-17 14:59:00","CERRADA","2023-11-17 17:30:45.724547","2023-11-17 14:59:00","133.00",6,"2023-11-17 17:30:45.724547","1","12","1"
"2735","2024-05-17 21:44:00","CERRADA","2024-05-18 00:35:06.720114","2024-05-17 21:44:00","401.00",4,"2024-05-18 00:35:06.720114","164","11","1"
"2736","2024-12-16 19:31:00","CERRADA","2024-12-16 22:21:51.208427","2024-12-16 19:31:00","225.00",6,"2024-12-16 22:21:51.208427","297","9","1"
"2737","2023-08-25 21:44:00","CERRADA","2023-08-26 00:36:04.884568","2023-08-25 21:44:00","267.00",8,"2023-08-26 00:36:04.884568","54","6","1"
"2738","2024-05-03 14:26:00","CERRADA","2024-05-03 16:31:49.407094","2024-05-03 14:26:00","133.00",4,"2024-05-03 16:31:49.407094","1","12","1"
"2739","2024-07-28 20:09:00","CERRADA","2024-07-28 21:44:31.452722","2024-07-28 20:09:00","131.00",1,"2024-07-28 21:44:31.452722","221","4","1"
"2740","2024-08-02 21:32:00","CERRADA","2024-08-02 22:41:59.7774","2024-08-02 21:32:00","35.00",2,"2024-08-02 22:41:59.7774","123","10","1"
"2741","2025-06-02 00:00:00","CERRADA","2025-06-02 00:00:00","2025-06-02 00:00:00","79.00",4,"2025-06-02 00:00:00","265","11","1"
"2742","2023-12-06 19:52:00","CERRADA","2023-12-06 21:49:50.20962","2023-12-06 19:52:00","379.00",3,"2023-12-06 21:49:50.20962","32","8","1"
"2743","2024-07-01 12:08:00","CERRADA","2024-07-01 15:05:30.327647","2024-07-01 12:08:00","311.00",3,"2024-07-01 15:05:30.327647","11","9","1"
"2744","2025-01-28 19:25:00","CERRADA","2025-01-28 20:47:04.393451","2025-01-28 19:25:00","304.00",4,"2025-01-28 20:47:04.393451","1","7","1"
"2745","2024-07-03 19:13:00","CERRADA","2024-07-03 22:03:03.559854","2024-07-03 19:13:00","534.00",3,"2024-07-03 22:03:03.559854","75","12","1"
"2746","2025-01-21 14:00:00","CERRADA","2025-01-21 15:25:49.667201","2025-01-21 14:00:00","248.00",3,"2025-01-21 15:25:49.667201","57","8","1"
"2747","2025-04-18 21:58:00","CERRADA","2025-04-18 23:43:59.527483","2025-04-18 21:58:00","247.00",2,"2025-04-18 23:43:59.527483","1","5","1"
"2748","2024-12-06 20:14:00","CERRADA","2024-12-06 21:40:12.845882","2024-12-06 20:14:00","251.00",7,"2024-12-06 21:40:12.845882","237","2","1"
"2749","2024-07-05 20:01:00","CERRADA","2024-07-05 21:14:37.837737","2024-07-05 20:01:00","212.00",2,"2024-07-05 21:14:37.837737","58","1","1"
"2750","2025-01-24 13:14:00","CERRADA","2025-01-24 14:41:47.691418","2025-01-24 13:14:00","74.00",5,"2025-01-24 14:41:47.691418","1","4","1"
"2751","2025-04-18 13:43:00","CERRADA","2025-04-18 15:15:50.150142","2025-04-18 13:43:00","54.00",8,"2025-04-18 15:15:50.150142","1","4","1"
"2752","2025-01-03 12:46:00","CERRADA","2025-01-03 13:53:26.949682","2025-01-03 12:46:00","110.00",1,"2025-01-03 13:53:26.949682","1","5","1"
"2753","2023-07-14 20:05:00","CERRADA","2023-07-14 21:17:26.852324","2023-07-14 20:05:00","149.00",4,"2023-07-14 21:17:26.852324","224","8","1"
"2754","2023-06-30 13:57:00","CERRADA","2023-06-30 16:46:25.330716","2023-06-30 13:57:00","214.00",2,"2023-06-30 16:46:25.330716","146","10","1"
"2755","2024-08-02 20:02:00","CERRADA","2024-08-02 22:31:45.526047","2024-08-02 20:02:00","203.00",7,"2024-08-02 22:31:45.526047","289","14","1"
"2756","2023-10-27 13:16:00","CERRADA","2023-10-27 15:16:13.997746","2023-10-27 13:16:00","458.00",5,"2023-10-27 15:16:13.997746","22","4","1"
"2757","2024-12-20 12:13:00","CERRADA","2024-12-20 13:51:18.610704","2024-12-20 12:13:00","122.00",5,"2024-12-20 13:51:18.610704","1","6","1"
"2758","2025-06-02 00:00:00","CERRADA","2025-06-02 00:00:00","2025-06-02 00:00:00","247.00",8,"2025-06-02 00:00:00","33","12","1"
"2759","2023-09-11 19:07:00","CERRADA","2023-09-11 20:31:23.602864","2023-09-11 19:07:00","464.00",8,"2023-09-11 20:31:23.602864","42","6","1"
"2760","2023-06-18 19:42:00","CERRADA","2023-06-18 22:26:05.508349","2023-06-18 19:42:00","132.00",5,"2023-06-18 22:26:05.508349","52","10","1"
"2761","2024-12-29 19:54:00","CERRADA","2024-12-29 22:09:50.406609","2024-12-29 19:54:00","76.00",2,"2024-12-29 22:09:50.406609","268","9","1"
"2762","2025-02-14 20:23:00","CERRADA","2025-02-14 22:21:54.188374","2025-02-14 20:23:00","231.00",2,"2025-02-14 22:21:54.188374","250","15","1"
"2763","2024-02-02 12:58:00","CERRADA","2024-02-02 15:14:27.495562","2024-02-02 12:58:00","145.00",2,"2024-02-02 15:14:27.495562","221","4","1"
"2764","2023-10-05 13:15:00","CERRADA","2023-10-05 15:31:58.191548","2023-10-05 13:15:00","559.00",7,"2023-10-05 15:31:58.191548","58","11","1"
"2765","2023-08-18 14:13:00","CERRADA","2023-08-18 15:52:46.772975","2023-08-18 14:13:00","104.00",1,"2023-08-18 15:52:46.772975","147","15","1"
"2766","2024-07-05 14:21:00","CERRADA","2024-07-05 15:41:03.989017","2024-07-05 14:21:00","157.00",3,"2024-07-05 15:41:03.989017","223","11","1"
"2767","2023-08-18 14:31:00","CERRADA","2023-08-18 16:57:28.780321","2023-08-18 14:31:00","356.00",5,"2023-08-18 16:57:28.780321","256","12","1"
"2768","2024-11-22 19:24:00","CERRADA","2024-11-22 21:36:32.465001","2024-11-22 19:24:00","232.00",5,"2024-11-22 21:36:32.465001","240","10","1"
"2769","2024-06-14 21:46:00","CERRADA","2024-06-14 23:26:53.278475","2024-06-14 21:46:00","318.00",1,"2024-06-14 23:26:53.278475","115","1","1"
"2770","2024-07-08 13:28:00","CERRADA","2024-07-08 15:44:34.691029","2024-07-08 13:28:00","274.00",6,"2024-07-08 15:44:34.691029","207","4","1"
"2771","2023-10-16 14:01:00","CERRADA","2023-10-16 15:32:04.73197","2023-10-16 14:01:00","525.00",7,"2023-10-16 15:32:04.73197","81","7","1"
"2772","2025-06-02 00:00:00","CERRADA","2025-06-02 00:00:00","2025-06-02 00:00:00","54.00",1,"2025-06-02 00:00:00","1","8","1"
"2773","2023-12-08 20:28:00","CERRADA","2023-12-08 23:01:21.811274","2023-12-08 20:28:00","231.00",7,"2023-12-08 23:01:21.811274","195","9","1"
"2774","2024-07-26 14:51:00","CERRADA","2024-07-26 17:22:09.813185","2024-07-26 14:51:00","716.00",7,"2024-07-26 17:22:09.813185","4","1","1"
"2775","2024-12-27 12:07:00","CERRADA","2024-12-27 13:49:08.455346","2024-12-27 12:07:00","227.00",1,"2024-12-27 13:49:08.455346","276","3","1"
"2776","2024-07-26 20:09:00","CERRADA","2024-07-26 21:43:04.14121","2024-07-26 20:09:00","95.00",3,"2024-07-26 21:43:04.14121","1","3","1"
"2777","2024-11-22 20:38:00","CERRADA","2024-11-22 22:13:39.553769","2024-11-22 20:38:00","239.00",3,"2024-11-22 22:13:39.553769","243","6","1"
"2778","2024-08-07 12:45:00","CERRADA","2024-08-07 13:58:51.320747","2024-08-07 12:45:00","48.00",5,"2024-08-07 13:58:51.320747","49","1","1"
"2779","2023-12-22 19:59:00","CERRADA","2023-12-22 21:16:28.456094","2023-12-22 19:59:00","379.00",6,"2023-12-22 21:16:28.456094","17","14","1"
"2780","2023-06-09 12:40:00","CERRADA","2023-06-09 15:04:01.503825","2023-06-09 12:40:00","377.00",3,"2023-06-09 15:04:01.503825","1","9","1"
"2781","2025-02-04 12:08:00","CERRADA","2025-02-04 14:59:11.766537","2025-02-04 12:08:00","185.00",1,"2025-02-04 14:59:11.766537","252","9","1"
"2782","2023-09-14 21:21:00","CERRADA","2023-09-14 22:50:06.610592","2023-09-14 21:21:00","114.00",5,"2023-09-14 22:50:06.610592","39","1","1"
"2783","2024-12-05 14:18:00","CERRADA","2024-12-05 16:14:20.623066","2024-12-05 14:18:00","134.00",3,"2024-12-05 16:14:20.623066","172","14","1"
"2784","2024-12-20 20:43:00","CERRADA","2024-12-20 22:49:39.351843","2024-12-20 20:43:00","280.00",3,"2024-12-20 22:49:39.351843","234","5","1"
"2785","2024-05-24 21:45:00","CERRADA","2024-05-25 00:41:10.087428","2024-05-24 21:45:00","635.00",4,"2024-05-25 00:41:10.087428","13","7","1"
"2786","2025-06-02 00:00:00","CERRADA","2025-06-02 00:00:00","2025-06-02 00:00:00","422.00",2,"2025-06-02 00:00:00","118","8","1"
"2787","2025-02-07 14:35:00","CERRADA","2025-02-07 16:13:46.772813","2025-02-07 14:35:00","73.00",7,"2025-02-07 16:13:46.772813","124","14","1"
"2788","2025-01-31 12:34:00","CERRADA","2025-01-31 15:05:08.835476","2025-01-31 12:34:00","147.00",6,"2025-01-31 15:05:08.835476","254","13","1"
"2789","2025-02-08 12:44:00","CERRADA","2025-02-08 14:19:45.868672","2025-02-08 12:44:00","130.00",7,"2025-02-08 14:19:45.868672","2","14","1"
"2790","2023-06-23 19:21:00","CERRADA","2023-06-23 21:11:26.726074","2023-06-23 19:21:00","92.00",7,"2023-06-23 21:11:26.726074","1","9","1"
"2791","2024-08-21 14:09:00","CERRADA","2024-08-21 16:02:17.947405","2024-08-21 14:09:00","211.00",5,"2024-08-21 16:02:17.947405","233","13","1"
"2792","2024-04-05 13:22:00","CERRADA","2024-04-05 14:48:23.654342","2024-04-05 13:22:00","102.00",2,"2024-04-05 14:48:23.654342","116","7","1"
"2793","2024-07-14 20:54:00","CERRADA","2024-07-14 22:41:43.94162","2024-07-14 20:54:00","308.00",8,"2024-07-14 22:41:43.94162","145","4","1"
"2794","2023-12-08 12:34:00","CERRADA","2023-12-08 14:07:50.286187","2023-12-08 12:34:00","89.00",8,"2023-12-08 14:07:50.286187","237","13","1"
"2795","2023-12-01 12:17:00","CERRADA","2023-12-01 13:26:36.118887","2023-12-01 12:17:00","294.00",5,"2023-12-01 13:26:36.118887","74","15","1"
"2796","2024-05-17 20:06:00","CERRADA","2024-05-17 21:45:18.922767","2024-05-17 20:06:00","225.00",6,"2024-05-17 21:45:18.922767","159","2","1"
"2797","2024-07-05 19:00:00","CERRADA","2024-07-05 20:19:27.491034","2024-07-05 19:00:00","307.00",1,"2024-07-05 20:19:27.491034","236","5","1"
"2798","2024-08-12 21:38:00","CERRADA","2024-08-12 23:12:56.039934","2024-08-12 21:38:00","199.00",4,"2024-08-12 23:12:56.039934","233","1","1"
"2799","2024-04-26 13:33:00","CERRADA","2024-04-26 15:19:25.499072","2024-04-26 13:33:00","298.00",2,"2024-04-26 15:19:25.499072","115","14","1"
"2800","2025-06-02 00:00:00","CERRADA","2025-06-02 00:00:00","2025-06-02 00:00:00","229.00",3,"2025-06-02 00:00:00","12","15","1"
"2801","2025-06-02 00:00:00","CERRADA","2025-06-02 00:00:00","2025-06-02 00:00:00","219.00",3,"2025-06-02 00:00:00","250","5","1"
"2802","2024-06-03 19:24:00","CERRADA","2024-06-03 21:36:29.689984","2024-06-03 19:24:00","163.00",2,"2024-06-03 21:36:29.689984","1","3","1"
"2803","2023-10-09 13:07:00","CERRADA","2023-10-09 15:47:40.810967","2023-10-09 13:07:00","853.00",4,"2023-10-09 15:47:40.810967","4","7","1"
"2804","2024-11-27 12:11:00","CERRADA","2024-11-27 13:29:08.811048","2024-11-27 12:11:00","134.00",5,"2024-11-27 13:29:08.811048","258","1","1"
"2805","2025-03-21 13:31:00","CERRADA","2025-03-21 15:43:30.206324","2025-03-21 13:31:00","68.00",4,"2025-03-21 15:43:30.206324","26","2","1"
"2806","2025-03-28 21:21:00","CERRADA","2025-03-28 23:12:38.065787","2025-03-28 21:21:00","109.00",1,"2025-03-28 23:12:38.065787","33","1","1"
"2807","2024-06-21 21:31:00","CERRADA","2024-06-21 22:38:40.730419","2024-06-21 21:31:00","308.00",6,"2024-06-21 22:38:40.730419","96","14","1"
"2808","2023-06-04 20:51:00","CERRADA","2023-06-04 23:38:49.33076","2023-06-04 20:51:00","201.00",5,"2023-06-04 23:38:49.33076","183","10","1"
"2809","2024-08-12 21:40:00","CERRADA","2024-08-12 23:36:14.806209","2024-08-12 21:40:00","180.00",6,"2024-08-12 23:36:14.806209","148","13","1"
"2810","2024-12-22 14:53:00","CERRADA","2024-12-22 16:22:24.452493","2024-12-22 14:53:00","184.00",2,"2024-12-22 16:22:24.452493","1","9","1"
"2811","2024-05-31 12:58:00","CERRADA","2024-05-31 14:07:38.012055","2024-05-31 12:58:00","97.00",5,"2024-05-31 14:07:38.012055","62","10","1"
"2812","2025-06-02 00:00:00","CERRADA","2025-06-02 00:00:00","2025-06-02 00:00:00","142.00",7,"2025-06-02 00:00:00","257","7","1"
"2813","2023-07-29 21:41:00","CERRADA","2023-07-29 23:19:32.295671","2023-07-29 21:41:00","121.00",3,"2023-07-29 23:19:32.295671","1","2","1"
"2814","2025-06-02 00:00:00","CERRADA","2025-06-02 00:00:00","2025-06-02 00:00:00","137.00",2,"2025-06-02 00:00:00","210","11","1"
"2815","2025-03-07 13:21:00","CERRADA","2025-03-07 14:50:31.735962","2025-03-07 13:21:00","183.00",7,"2025-03-07 14:50:31.735962","228","1","1"
"2816","2025-01-24 19:52:00","CERRADA","2025-01-24 22:08:17.464155","2025-01-24 19:52:00","406.00",6,"2025-01-24 22:08:17.464155","250","2","1"
"2817","2024-08-13 13:38:00","CERRADA","2024-08-13 15:15:23.297116","2024-08-13 13:38:00","241.00",7,"2024-08-13 15:15:23.297116","264","6","1"
"2818","2024-09-08 13:36:00","CERRADA","2024-09-08 16:06:16.858678","2024-09-08 13:36:00","334.00",4,"2024-09-08 16:06:16.858678","16","12","1"
"2819","2025-06-02 00:00:00","CERRADA","2025-06-02 00:00:00","2025-06-02 00:00:00","177.00",4,"2025-06-02 00:00:00","78","14","1"
"2820","2023-10-09 20:45:00","CERRADA","2023-10-09 22:15:56.553846","2023-10-09 20:45:00","173.00",4,"2023-10-09 22:15:56.553846","196","7","1"
"2821","2024-08-02 14:57:00","CERRADA","2024-08-02 16:22:14.22704","2024-08-02 14:57:00","103.00",8,"2024-08-02 16:22:14.22704","285","4","1"
"2822","2024-08-09 14:10:00","CERRADA","2024-08-09 16:34:02.371278","2024-08-09 14:10:00","129.00",2,"2024-08-09 16:34:02.371278","23","2","1"
"2823","2024-01-13 13:31:00","CERRADA","2024-01-13 14:52:58.166631","2024-01-13 13:31:00","373.00",8,"2024-01-13 14:52:58.166631","96","7","1"
"2824","2024-10-14 19:20:00","CERRADA","2024-10-14 22:11:38.536603","2024-10-14 19:20:00","238.00",4,"2024-10-14 22:11:38.536603","178","4","1"
"2825","2024-08-29 13:10:00","CERRADA","2024-08-29 14:43:26.51088","2024-08-29 13:10:00","93.00",5,"2024-08-29 14:43:26.51088","242","7","1"
"2826","2023-10-06 13:20:00","CERRADA","2023-10-06 14:20:41.857693","2023-10-06 13:20:00","371.00",6,"2023-10-06 14:20:41.857693","1","5","1"
"2827","2024-05-03 12:09:00","CERRADA","2024-05-03 14:47:12.648715","2024-05-03 12:09:00","293.00",7,"2024-05-03 14:47:12.648715","68","10","1"
"2828","2024-09-02 13:38:00","CERRADA","2024-09-02 16:31:21.536191","2024-09-02 13:38:00","379.00",3,"2024-09-02 16:31:21.536191","217","13","1"
"2829","2025-06-02 00:00:00","CERRADA","2025-06-02 00:00:00","2025-06-02 00:00:00","299.00",8,"2025-06-02 00:00:00","13","10","1"
"2830","2023-06-09 14:57:00","CERRADA","2023-06-09 16:56:12.67942","2023-06-09 14:57:00","183.00",6,"2023-06-09 16:56:12.67942","225","14","1"
"2831","2024-10-18 13:23:00","CERRADA","2024-10-18 14:36:56.765252","2024-10-18 13:23:00","132.00",6,"2024-10-18 14:36:56.765252","5","5","1"
"2832","2023-12-29 13:05:00","CERRADA","2023-12-29 14:40:06.755579","2023-12-29 13:05:00","412.00",1,"2023-12-29 14:40:06.755579","28","8","1"
"2833","2023-12-22 13:44:00","CERRADA","2023-12-22 14:50:43.922059","2023-12-22 13:44:00","216.00",4,"2023-12-22 14:50:43.922059","75","13","1"
"2834","2024-07-12 19:00:00","CERRADA","2024-07-12 20:47:27.05389","2024-07-12 19:00:00","121.00",2,"2024-07-12 20:47:27.05389","140","6","1"
"2835","2024-07-15 13:56:00","CERRADA","2024-07-15 16:31:15.182456","2024-07-15 13:56:00","648.00",3,"2024-07-15 16:31:15.182456","114","11","1"
"2836","2024-08-29 20:13:00","CERRADA","2024-08-29 21:37:33.067903","2024-08-29 20:13:00","333.00",5,"2024-08-29 21:37:33.067903","27","15","1"
"2837","2025-06-02 00:00:00","CERRADA","2025-06-02 00:00:00","2025-06-02 00:00:00","71.00",8,"2025-06-02 00:00:00","1","7","1"
"2838","2024-06-28 21:16:00","CERRADA","2024-06-28 23:28:47.445119","2024-06-28 21:16:00","665.00",4,"2024-06-28 23:28:47.445119","45","12","1"
"2839","2023-06-30 19:17:00","CERRADA","2023-06-30 21:25:11.466614","2023-06-30 19:17:00","94.00",3,"2023-06-30 21:25:11.466614","224","15","1"
"2840","2023-11-03 12:58:00","CERRADA","2023-11-03 15:05:40.262986","2023-11-03 12:58:00","66.00",4,"2023-11-03 15:05:40.262986","1","2","1"
"2841","2023-08-25 19:07:00","CERRADA","2023-08-25 21:04:01.392793","2023-08-25 19:07:00","532.00",1,"2023-08-25 21:04:01.392793","27","14","1"
"2842","2024-12-06 20:46:00","CERRADA","2024-12-06 22:47:08.911774","2024-12-06 20:46:00","202.00",1,"2024-12-06 22:47:08.911774","1","9","1"
"2843","2025-06-02 00:00:00","CERRADA","2025-06-02 00:00:00","2025-06-02 00:00:00","93.00",5,"2025-06-02 00:00:00","20","5","1"
"2844","2025-05-09 20:40:00","CERRADA","2025-05-09 22:58:32.617158","2025-05-09 20:40:00","113.00",2,"2025-05-09 22:58:32.617158","262","6","1"
"2845","2024-09-13 13:02:00","CERRADA","2024-09-13 15:16:56.150903","2024-09-13 13:02:00","106.00",5,"2024-09-13 15:16:56.150903","113","8","1"
"2846","2024-08-28 20:16:00","CERRADA","2024-08-28 21:20:19.860193","2024-08-28 20:16:00","140.00",6,"2024-08-28 21:20:19.860193","208","9","1"
"2847","2023-11-07 21:06:00","CERRADA","2023-11-07 22:54:34.548821","2023-11-07 21:06:00","154.00",1,"2023-11-07 22:54:34.548821","1","10","1"
"2848","2024-10-09 12:23:00","CERRADA","2024-10-09 14:24:54.88963","2024-10-09 12:23:00","340.00",4,"2024-10-09 14:24:54.88963","288","11","1"
"2849","2023-09-01 19:28:00","CERRADA","2023-09-01 21:10:44.984496","2023-09-01 19:28:00","165.00",2,"2023-09-01 21:10:44.984496","266","7","1"
"2850","2023-11-17 12:46:00","CERRADA","2023-11-17 14:24:30.102557","2023-11-17 12:46:00","105.00",4,"2023-11-17 14:24:30.102557","268","4","1"
"2851","2023-12-15 12:37:00","CERRADA","2023-12-15 14:18:43.998082","2023-12-15 12:37:00","79.00",6,"2023-12-15 14:18:43.998082","276","4","1"
"2852","2024-07-09 20:41:00","CERRADA","2024-07-09 22:52:11.52245","2024-07-09 20:41:00","337.00",6,"2024-07-09 22:52:11.52245","78","9","1"
"2853","2023-11-17 12:29:00","CERRADA","2023-11-17 15:17:39.035077","2023-11-17 12:29:00","168.00",5,"2023-11-17 15:17:39.035077","1","3","1"
"2854","2023-08-09 14:59:00","CERRADA","2023-08-09 16:50:02.321346","2023-08-09 14:59:00","223.00",1,"2023-08-09 16:50:02.321346","173","9","1"
"2855","2023-06-09 13:10:00","CERRADA","2023-06-09 15:58:06.841008","2023-06-09 13:10:00","586.00",4,"2023-06-09 15:58:06.841008","108","1","1"
"2856","2024-08-16 13:16:00","CERRADA","2024-08-16 14:53:59.921655","2024-08-16 13:16:00","379.00",7,"2024-08-16 14:53:59.921655","247","13","1"
"2857","2023-10-08 14:27:00","CERRADA","2023-10-08 15:39:46.766469","2023-10-08 14:27:00","159.00",6,"2023-10-08 15:39:46.766469","33","3","1"
"2858","2023-06-09 19:08:00","CERRADA","2023-06-09 21:54:19.207817","2023-06-09 19:08:00","206.00",4,"2023-06-09 21:54:19.207817","280","8","1"
"2859","2024-01-19 13:30:00","CERRADA","2024-01-19 16:05:12.178578","2024-01-19 13:30:00","126.00",8,"2024-01-19 16:05:12.178578","1","11","1"
"2860","2023-10-27 19:41:00","CERRADA","2023-10-27 21:41:28.471054","2023-10-27 19:41:00","425.00",5,"2023-10-27 21:41:28.471054","61","2","1"
"2861","2023-07-16 12:52:00","CERRADA","2023-07-16 14:08:59.203415","2023-07-16 12:52:00","399.00",1,"2023-07-16 14:08:59.203415","2","13","1"
"2862","2024-03-30 21:03:00","CERRADA","2024-03-30 22:44:51.351053","2024-03-30 21:03:00","212.00",4,"2024-03-30 22:44:51.351053","1","3","1"
"2863","2025-02-24 19:59:00","CERRADA","2025-02-24 21:13:26.228611","2025-02-24 19:59:00","336.00",2,"2025-02-24 21:13:26.228611","230","8","1"
"2864","2024-06-09 19:25:00","CERRADA","2024-06-09 21:57:21.589708","2024-06-09 19:25:00","352.00",7,"2024-06-09 21:57:21.589708","245","2","1"
"2865","2024-08-19 12:01:00","CERRADA","2024-08-19 14:14:47.951505","2024-08-19 12:01:00","117.00",7,"2024-08-19 14:14:47.951505","22","10","1"
"2866","2023-10-21 21:23:00","CERRADA","2023-10-21 22:46:33.191974","2023-10-21 21:23:00","323.00",5,"2023-10-21 22:46:33.191974","84","15","1"
"2867","2023-10-10 14:15:00","CERRADA","2023-10-10 17:13:05.335169","2023-10-10 14:15:00","393.00",3,"2023-10-10 17:13:05.335169","104","12","1"
"2868","2025-05-16 19:03:00","CERRADA","2025-05-16 21:34:28.293874","2025-05-16 19:03:00","195.00",6,"2025-05-16 21:34:28.293874","236","1","1"
"2869","2023-07-10 12:25:00","CERRADA","2023-07-10 14:50:03.642127","2023-07-10 12:25:00","243.00",6,"2023-07-10 14:50:03.642127","60","2","1"
"2870","2023-07-07 14:35:00","CERRADA","2023-07-07 16:43:37.108318","2023-07-07 14:35:00","97.00",1,"2023-07-07 16:43:37.108318","1","7","1"
"2871","2024-05-17 13:14:00","CERRADA","2024-05-17 14:52:14.240425","2024-05-17 13:14:00","236.00",8,"2024-05-17 14:52:14.240425","135","14","1"
"2872","2023-12-01 19:30:00","CERRADA","2023-12-01 21:38:24.967533","2023-12-01 19:30:00","263.00",8,"2023-12-01 21:38:24.967533","107","6","1"
"2873","2025-05-30 21:24:00","CERRADA","2025-05-31 00:06:22.059157","2025-05-30 21:24:00","43.00",4,"2025-05-31 00:06:22.059157","1","7","1"
"2874","2023-08-25 21:08:00","CERRADA","2023-08-25 23:46:04.464973","2023-08-25 21:08:00","140.00",3,"2023-08-25 23:46:04.464973","124","13","1"
"2875","2024-04-19 20:57:00","CERRADA","2024-04-19 22:16:58.412704","2024-04-19 20:57:00","170.00",3,"2024-04-19 22:16:58.412704","188","3","1"
"2876","2023-07-12 21:43:00","CERRADA","2023-07-13 00:01:56.368604","2023-07-12 21:43:00","294.00",1,"2023-07-13 00:01:56.368604","67","5","1"
"2877","2023-09-01 12:20:00","CERRADA","2023-09-01 13:30:19.318553","2023-09-01 12:20:00","115.00",1,"2023-09-01 13:30:19.318553","202","11","1"
"2878","2023-12-27 13:46:00","CERRADA","2023-12-27 14:52:50.544377","2023-12-27 13:46:00","161.00",4,"2023-12-27 14:52:50.544377","175","5","1"
"2879","2024-08-05 19:38:00","CERRADA","2024-08-05 22:03:31.932186","2024-08-05 19:38:00","428.00",6,"2024-08-05 22:03:31.932186","103","4","1"
"2880","2023-07-01 20:03:00","CERRADA","2023-07-01 22:06:09.528205","2023-07-01 20:03:00","190.00",1,"2023-07-01 22:06:09.528205","1","4","1"
"2881","2024-08-22 20:02:00","CERRADA","2024-08-22 21:22:49.129228","2024-08-22 20:02:00","232.00",8,"2024-08-22 21:22:49.129228","122","2","1"
"2882","2023-08-11 20:48:00","CERRADA","2023-08-11 22:09:33.915955","2023-08-11 20:48:00","291.00",5,"2023-08-11 22:09:33.915955","120","6","1"
"2883","2025-05-30 19:05:00","CERRADA","2025-05-30 20:34:05.578825","2025-05-30 19:05:00","389.00",5,"2025-05-30 20:34:05.578825","119","1","1"
"2884","2024-07-07 21:40:00","CERRADA","2024-07-07 23:31:29.443366","2024-07-07 21:40:00","353.00",1,"2024-07-07 23:31:29.443366","89","9","1"
"2885","2025-05-16 12:55:00","CERRADA","2025-05-16 14:36:41.87471","2025-05-16 12:55:00","169.00",8,"2025-05-16 14:36:41.87471","294","5","1"
"2886","2023-07-09 13:43:00","CERRADA","2023-07-09 16:16:34.235369","2023-07-09 13:43:00","302.00",2,"2023-07-09 16:16:34.235369","39","14","1"
"2887","2025-02-14 13:06:00","CERRADA","2025-02-14 15:12:55.436764","2025-02-14 13:06:00","152.00",4,"2025-02-14 15:12:55.436764","223","8","1"
"2888","2023-10-23 19:26:00","CERRADA","2023-10-23 21:54:00.81507","2023-10-23 19:26:00","209.00",5,"2023-10-23 21:54:00.81507","1","12","1"
"2889","2024-07-21 21:55:00","CERRADA","2024-07-21 23:06:47.714019","2024-07-21 21:55:00","188.00",2,"2024-07-21 23:06:47.714019","16","13","1"
"2890","2025-04-11 13:26:00","CERRADA","2025-04-11 16:17:13.226018","2025-04-11 13:26:00","129.00",3,"2025-04-11 16:17:13.226018","205","14","1"
"2891","2023-06-30 21:10:00","CERRADA","2023-06-30 23:05:11.209716","2023-06-30 21:10:00","272.00",6,"2023-06-30 23:05:11.209716","271","15","1"
"2892","2024-08-23 21:32:00","CERRADA","2024-08-23 22:33:20.590058","2024-08-23 21:32:00","502.00",7,"2024-08-23 22:33:20.590058","83","3","1"
"2893","2023-08-28 14:10:00","CERRADA","2023-08-28 15:32:28.281431","2023-08-28 14:10:00","63.00",7,"2023-08-28 15:32:28.281431","101","8","1"
"2894","2024-09-20 14:36:00","CERRADA","2024-09-20 16:40:15.316639","2024-09-20 14:36:00","188.00",1,"2024-09-20 16:40:15.316639","1","10","1"
"2895","2024-10-11 20:53:00","CERRADA","2024-10-11 22:52:31.240142","2024-10-11 20:53:00","162.00",8,"2024-10-11 22:52:31.240142","176","10","1"
"2896","2024-12-27 12:20:00","CERRADA","2024-12-27 13:23:31.149015","2024-12-27 12:20:00","133.00",4,"2024-12-27 13:23:31.149015","283","14","1"
"2897","2023-09-21 14:30:00","CERRADA","2023-09-21 16:36:10.339604","2023-09-21 14:30:00","272.00",8,"2023-09-21 16:36:10.339604","150","2","1"
"2898","2025-01-26 19:22:00","CERRADA","2025-01-26 21:58:10.313184","2025-01-26 19:22:00","209.00",3,"2025-01-26 21:58:10.313184","37","14","1"
"2899","2024-12-12 14:49:00","CERRADA","2024-12-12 15:54:13.82559","2024-12-12 14:49:00","121.00",2,"2024-12-12 15:54:13.82559","227","2","1"
"2900","2025-06-02 00:00:00","CERRADA","2025-06-02 00:00:00","2025-06-02 00:00:00","321.00",5,"2025-06-02 00:00:00","96","5","1"
"2901","2025-06-02 00:00:00","CERRADA","2025-06-02 00:00:00","2025-06-02 00:00:00","226.00",4,"2025-06-02 00:00:00","239","1","1"
"2902","2023-08-06 21:02:00","CERRADA","2023-08-06 23:01:12.534786","2023-08-06 21:02:00","206.00",1,"2023-08-06 23:01:12.534786","1","6","1"
"2903","2023-07-01 19:38:00","CERRADA","2023-07-01 21:03:17.90842","2023-07-01 19:38:00","249.00",6,"2023-07-01 21:03:17.90842","13","7","1"
"2904","2023-08-21 21:12:00","CERRADA","2023-08-21 22:14:22.653337","2023-08-21 21:12:00","316.00",7,"2023-08-21 22:14:22.653337","289","1","1"
"2905","2024-06-30 14:44:00","CERRADA","2024-06-30 17:20:35.497383","2024-06-30 14:44:00","173.00",3,"2024-06-30 17:20:35.497383","135","13","1"
"2906","2023-06-27 21:05:00","CERRADA","2023-06-27 23:41:48.669232","2023-06-27 21:05:00","262.00",5,"2023-06-27 23:41:48.669232","124","8","1"
"2907","2025-04-11 19:43:00","CERRADA","2025-04-11 22:16:14.204105","2025-04-11 19:43:00","98.00",7,"2025-04-11 22:16:14.204105","1","5","1"
"2908","2024-12-08 14:41:00","CERRADA","2024-12-08 16:17:28.287963","2024-12-08 14:41:00","102.00",7,"2024-12-08 16:17:28.287963","27","12","1"
"2909","2024-12-05 19:57:00","CERRADA","2024-12-05 22:02:52.6062","2024-12-05 19:57:00","258.00",5,"2024-12-05 22:02:52.6062","1","4","1"
"2910","2025-06-02 00:00:00","CERRADA","2025-06-02 00:00:00","2025-06-02 00:00:00","107.00",4,"2025-06-02 00:00:00","216","6","1"
"2911","2025-03-14 19:13:00","CERRADA","2025-03-14 21:05:06.071422","2025-03-14 19:13:00","313.00",7,"2025-03-14 21:05:06.071422","182","11","1"
"2912","2024-02-09 19:30:00","CERRADA","2024-02-09 21:13:47.413873","2024-02-09 19:30:00","313.00",6,"2024-02-09 21:13:47.413873","155","9","1"
"2913","2024-02-09 19:49:00","CERRADA","2024-02-09 22:25:30.109578","2024-02-09 19:49:00","192.00",5,"2024-02-09 22:25:30.109578","262","15","1"
"2914","2024-08-15 20:02:00","CERRADA","2024-08-15 21:44:43.423688","2024-08-15 20:02:00","94.00",4,"2024-08-15 21:44:43.423688","130","5","1"
"2915","2024-04-23 21:02:00","CERRADA","2024-04-23 23:13:30.341118","2024-04-23 21:02:00","257.00",5,"2024-04-23 23:13:30.341118","1","13","1"
"2916","2023-07-16 20:48:00","CERRADA","2023-07-16 22:11:32.287361","2023-07-16 20:48:00","248.00",3,"2023-07-16 22:11:32.287361","207","8","1"
"2917","2024-10-15 20:20:00","CERRADA","2024-10-15 21:52:21.415803","2024-10-15 20:20:00","167.00",4,"2024-10-15 21:52:21.415803","241","8","1"
"2918","2024-08-09 13:21:00","CERRADA","2024-08-09 15:28:05.481122","2024-08-09 13:21:00","131.00",1,"2024-08-09 15:28:05.481122","1","6","1"
"2919","2025-06-02 00:00:00","CERRADA","2025-06-02 00:00:00","2025-06-02 00:00:00","52.00",3,"2025-06-02 00:00:00","183","1","1"
"2920","2024-08-20 20:16:00","CERRADA","2024-08-20 22:48:36.806589","2024-08-20 20:16:00","43.00",6,"2024-08-20 22:48:36.806589","161","4","1"
"2921","2024-10-17 14:12:00","CERRADA","2024-10-17 15:21:26.419394","2024-10-17 14:12:00","87.00",4,"2024-10-17 15:21:26.419394","121","14","1"
"2922","2024-02-01 14:55:00","CERRADA","2024-02-01 16:15:01.462719","2024-02-01 14:55:00","178.00",3,"2024-02-01 16:15:01.462719","53","2","1"
"2923","2023-11-03 19:57:00","CERRADA","2023-11-03 21:18:58.886258","2023-11-03 19:57:00","125.00",5,"2023-11-03 21:18:58.886258","237","14","1"
"2924","2024-07-22 20:45:00","CERRADA","2024-07-22 23:06:13.658932","2024-07-22 20:45:00","464.00",1,"2024-07-22 23:06:13.658932","58","12","1"
"2925","2025-03-10 20:52:00","CERRADA","2025-03-10 23:41:03.77083","2025-03-10 20:52:00","63.00",5,"2025-03-10 23:41:03.77083","177","2","1"
"2926","2023-08-25 14:22:00","CERRADA","2023-08-25 17:01:27.340816","2023-08-25 14:22:00","523.00",2,"2023-08-25 17:01:27.340816","120","6","1"
"2927","2025-05-23 13:30:00","CERRADA","2025-05-23 14:52:22.634254","2025-05-23 13:30:00","212.00",8,"2025-05-23 14:52:22.634254","114","12","1"
"2928","2023-12-29 12:53:00","CERRADA","2023-12-29 14:09:50.859982","2023-12-29 12:53:00","170.00",8,"2023-12-29 14:09:50.859982","1","7","1"
"2929","2024-06-19 21:10:00","CERRADA","2024-06-19 23:41:19.563945","2024-06-19 21:10:00","250.00",8,"2024-06-19 23:41:19.563945","164","14","1"
"2930","2023-07-07 20:50:00","CERRADA","2023-07-07 23:08:36.019612","2023-07-07 20:50:00","122.00",7,"2023-07-07 23:08:36.019612","53","3","1"
"2931","2024-08-09 19:15:00","CERRADA","2024-08-09 20:17:25.278836","2024-08-09 19:15:00","548.00",1,"2024-08-09 20:17:25.278836","9","10","1"
"2932","2023-08-18 12:19:00","CERRADA","2023-08-18 13:59:16.225238","2023-08-18 12:19:00","92.00",6,"2023-08-18 13:59:16.225238","1","15","1"
"2933","2025-04-25 13:43:00","CERRADA","2025-04-25 16:19:27.568908","2025-04-25 13:43:00","251.00",3,"2025-04-25 16:19:27.568908","278","3","1"
"2934","2024-03-15 20:58:00","CERRADA","2024-03-15 23:04:43.584723","2024-03-15 20:58:00","112.00",4,"2024-03-15 23:04:43.584723","1","13","1"
"2935","2023-09-02 12:09:00","CERRADA","2023-09-02 13:53:18.940831","2023-09-02 12:09:00","76.00",6,"2023-09-02 13:53:18.940831","1","5","1"
"2936","2024-06-14 20:11:00","CERRADA","2024-06-14 22:45:15.119744","2024-06-14 20:11:00","193.00",5,"2024-06-14 22:45:15.119744","1","7","1"
"2937","2024-09-27 19:29:00","CERRADA","2024-09-27 20:51:10.598595","2024-09-27 19:29:00","318.00",3,"2024-09-27 20:51:10.598595","128","5","1"
"2938","2024-03-29 21:16:00","CERRADA","2024-03-29 22:39:17.394038","2024-03-29 21:16:00","493.00",6,"2024-03-29 22:39:17.394038","58","12","1"
"2939","2024-02-16 13:58:00","CERRADA","2024-02-16 16:33:27.92704","2024-02-16 13:58:00","171.00",5,"2024-02-16 16:33:27.92704","105","11","1"
"2940","2025-04-12 12:43:00","CERRADA","2025-04-12 15:00:06.121121","2025-04-12 12:43:00","90.00",3,"2025-04-12 15:00:06.121121","1","11","1"
"2941","2025-04-21 19:57:00","CERRADA","2025-04-21 22:30:52.266692","2025-04-21 19:57:00","255.00",2,"2025-04-21 22:30:52.266692","210","3","1"
"2942","2024-01-06 19:09:00","CERRADA","2024-01-06 21:31:14.220061","2024-01-06 19:09:00","367.00",8,"2024-01-06 21:31:14.220061","34","15","1"
"2943","2024-07-22 20:35:00","CERRADA","2024-07-22 22:04:32.536347","2024-07-22 20:35:00","304.00",8,"2024-07-22 22:04:32.536347","29","12","1"
"2944","2024-08-30 19:07:00","CERRADA","2024-08-30 21:39:44.707591","2024-08-30 19:07:00","310.00",6,"2024-08-30 21:39:44.707591","40","13","1"
"2945","2024-10-18 14:54:00","CERRADA","2024-10-18 17:05:22.969366","2024-10-18 14:54:00","61.00",8,"2024-10-18 17:05:22.969366","291","9","1"
"2946","2023-08-04 12:51:00","CERRADA","2023-08-04 15:49:34.981011","2023-08-04 12:51:00","205.00",4,"2023-08-04 15:49:34.981011","43","6","1"
"2947","2024-12-27 13:47:00","CERRADA","2024-12-27 16:39:48.950896","2024-12-27 13:47:00","227.00",4,"2024-12-27 16:39:48.950896","195","12","1"
"2948","2024-11-01 12:15:00","CERRADA","2024-11-01 14:32:49.73291","2024-11-01 12:15:00","154.00",6,"2024-11-01 14:32:49.73291","30","3","1"
"2949","2024-03-08 21:22:00","CERRADA","2024-03-08 22:57:42.701588","2024-03-08 21:22:00","470.00",4,"2024-03-08 22:57:42.701588","6","10","1"
"2950","2024-12-13 13:53:00","CERRADA","2024-12-13 15:58:56.115961","2024-12-13 13:53:00","227.00",7,"2024-12-13 15:58:56.115961","76","4","1"
"2951","2024-08-19 12:06:00","CERRADA","2024-08-19 14:11:27.542852","2024-08-19 12:06:00","520.00",1,"2024-08-19 14:11:27.542852","90","2","1"
"2952","2024-12-01 13:11:00","CERRADA","2024-12-01 14:14:46.989221","2024-12-01 13:11:00","456.00",4,"2024-12-01 14:14:46.989221","3","2","1"
"2953","2025-06-02 00:00:00","CERRADA","2025-06-02 00:00:00","2025-06-02 00:00:00","497.00",2,"2025-06-02 00:00:00","102","11","1"
"2954","2025-03-27 13:47:00","CERRADA","2025-03-27 15:32:38.704416","2025-03-27 13:47:00","355.00",2,"2025-03-27 15:32:38.704416","277","10","1"
"2955","2025-03-28 12:02:00","CERRADA","2025-03-28 13:04:46.570295","2025-03-28 12:02:00","161.00",5,"2025-03-28 13:04:46.570295","263","10","1"
"2956","2023-07-23 19:07:00","CERRADA","2023-07-23 20:59:02.651566","2023-07-23 19:07:00","142.00",2,"2023-07-23 20:59:02.651566","133","12","1"
"2957","2025-04-01 14:06:00","CERRADA","2025-04-01 15:27:38.184186","2025-04-01 14:06:00","161.00",1,"2025-04-01 15:27:38.184186","188","14","1"
"2958","2023-09-22 12:39:00","CERRADA","2023-09-22 14:10:46.786079","2023-09-22 12:39:00","180.00",2,"2023-09-22 14:10:46.786079","272","6","1"
"2959","2024-08-05 19:22:00","CERRADA","2024-08-05 21:02:36.707035","2024-08-05 19:22:00","374.00",6,"2024-08-05 21:02:36.707035","187","5","1"
"2960","2024-08-13 19:46:00","CERRADA","2024-08-13 22:08:07.358391","2024-08-13 19:46:00","247.00",3,"2024-08-13 22:08:07.358391","1","10","1"
"2961","2023-08-24 19:06:00","CERRADA","2023-08-24 20:22:08.198476","2023-08-24 19:06:00","184.00",7,"2023-08-24 20:22:08.198476","258","9","1"
"2962","2024-12-13 14:31:00","CERRADA","2024-12-13 15:55:53.807251","2024-12-13 14:31:00","133.00",8,"2024-12-13 15:55:53.807251","197","15","1"
"2963","2024-12-21 13:13:00","CERRADA","2024-12-21 15:35:29.212163","2024-12-21 13:13:00","177.00",8,"2024-12-21 15:35:29.212163","280","14","1"
"2964","2025-06-02 00:00:00","CERRADA","2025-06-02 00:00:00","2025-06-02 00:00:00","176.00",5,"2025-06-02 00:00:00","1","13","1"
"2965","2023-06-02 12:51:00","CERRADA","2023-06-02 14:45:50.967379","2023-06-02 12:51:00","228.00",4,"2023-06-02 14:45:50.967379","106","12","1"
"2966","2023-07-27 14:32:00","CERRADA","2023-07-27 15:59:12.702369","2023-07-27 14:32:00","188.00",5,"2023-07-27 15:59:12.702369","1","11","1"
"2967","2023-12-31 19:01:00","CERRADA","2023-12-31 21:42:00.376181","2023-12-31 19:01:00","245.00",7,"2023-12-31 21:42:00.376181","274","12","1"
"2968","2025-01-31 12:13:00","CERRADA","2025-01-31 13:58:17.312079","2025-01-31 12:13:00","247.00",7,"2025-01-31 13:58:17.312079","195","9","1"
"2969","2024-03-15 20:58:00","CERRADA","2024-03-15 23:14:53.014514","2024-03-15 20:58:00","433.00",1,"2024-03-15 23:14:53.014514","120","1","1"
"2970","2024-07-24 21:38:00","CERRADA","2024-07-24 22:51:38.026578","2024-07-24 21:38:00","335.00",2,"2024-07-24 22:51:38.026578","118","12","1"
"2971","2024-07-28 12:58:00","CERRADA","2024-07-28 14:29:42.401432","2024-07-28 12:58:00","127.00",1,"2024-07-28 14:29:42.401432","249","15","1"
"2972","2023-08-25 20:10:00","CERRADA","2023-08-25 21:43:41.513851","2023-08-25 20:10:00","148.00",2,"2023-08-25 21:43:41.513851","76","10","1"
"2973","2024-12-06 19:41:00","CERRADA","2024-12-06 20:47:24.683857","2024-12-06 19:41:00","253.00",2,"2024-12-06 20:47:24.683857","100","1","1"
"2974","2024-11-21 21:33:00","CERRADA","2024-11-21 23:51:44.415989","2024-11-21 21:33:00","74.00",8,"2024-11-21 23:51:44.415989","1","6","1"
"2975","2025-01-17 12:20:00","CERRADA","2025-01-17 13:39:20.855444","2025-01-17 12:20:00","59.00",5,"2025-01-17 13:39:20.855444","1","8","1"
"2976","2023-10-13 19:50:00","CERRADA","2023-10-13 21:30:17.411899","2023-10-13 19:50:00","71.00",8,"2023-10-13 21:30:17.411899","1","2","1"
"2977","2024-12-19 12:27:00","CERRADA","2024-12-19 13:36:14.180297","2024-12-19 12:27:00","263.00",2,"2024-12-19 13:36:14.180297","266","12","1"
"2978","2023-07-06 13:38:00","CERRADA","2023-07-06 15:33:19.188165","2023-07-06 13:38:00","209.00",4,"2023-07-06 15:33:19.188165","162","7","1"
"2979","2024-09-03 19:06:00","CERRADA","2024-09-03 20:56:13.577356","2024-09-03 19:06:00","97.00",6,"2024-09-03 20:56:13.577356","1","14","1"
"2980","2024-12-27 13:33:00","CERRADA","2024-12-27 16:15:21.208328","2024-12-27 13:33:00","323.00",8,"2024-12-27 16:15:21.208328","212","4","1"
"2981","2024-07-12 21:03:00","CERRADA","2024-07-12 22:16:39.566279","2024-07-12 21:03:00","290.00",1,"2024-07-12 22:16:39.566279","299","15","1"
"2982","2024-08-11 21:44:00","CERRADA","2024-08-11 23:04:36.53189","2024-08-11 21:44:00","481.00",2,"2024-08-11 23:04:36.53189","8","8","1"
"2983","2024-02-09 20:21:00","CERRADA","2024-02-09 21:53:07.878315","2024-02-09 20:21:00","408.00",2,"2024-02-09 21:53:07.878315","101","7","1"
"2984","2024-08-09 21:18:00","CERRADA","2024-08-09 23:02:35.314961","2024-08-09 21:18:00","730.00",1,"2024-08-09 23:02:35.314961","25","5","1"
"2985","2024-05-16 13:43:00","CERRADA","2024-05-16 15:54:43.454049","2024-05-16 13:43:00","148.00",4,"2024-05-16 15:54:43.454049","1","9","1"
"2986","2024-12-13 13:09:00","CERRADA","2024-12-13 15:58:17.587569","2024-12-13 13:09:00","762.00",8,"2024-12-13 15:58:17.587569","65","3","1"
"2987","2023-12-22 21:47:00","CERRADA","2023-12-22 23:09:06.644039","2023-12-22 21:47:00","78.00",6,"2023-12-22 23:09:06.644039","1","15","1"
"2988","2024-10-19 12:52:00","CERRADA","2024-10-19 15:16:23.148182","2024-10-19 12:52:00","93.00",5,"2024-10-19 15:16:23.148182","36","11","1"
"2989","2023-10-04 20:38:00","CERRADA","2023-10-04 22:09:20.065085","2023-10-04 20:38:00","157.00",1,"2023-10-04 22:09:20.065085","98","7","1"
"2990","2024-04-26 13:49:00","CERRADA","2024-04-26 14:55:19.593119","2024-04-26 13:49:00","242.00",5,"2024-04-26 14:55:19.593119","108","12","1"
"2991","2024-11-16 20:02:00","CERRADA","2024-11-16 22:20:04.407695","2024-11-16 20:02:00","85.00",7,"2024-11-16 22:20:04.407695","242","10","1"
"2992","2023-10-18 12:35:00","CERRADA","2023-10-18 15:33:13.954723","2023-10-18 12:35:00","197.00",8,"2023-10-18 15:33:13.954723","158","6","1"
"2993","2024-09-20 13:21:00","CERRADA","2024-09-20 15:39:06.123416","2024-09-20 13:21:00","145.00",2,"2024-09-20 15:39:06.123416","92","12","1"
"2994","2024-07-19 13:13:00","CERRADA","2024-07-19 16:08:33.535925","2024-07-19 13:13:00","205.00",7,"2024-07-19 16:08:33.535925","1","2","1"
"2995","2024-12-03 13:45:00","CERRADA","2024-12-03 15:20:14.88667","2024-12-03 13:45:00","150.00",1,"2024-12-03 15:20:14.88667","221","8","1"
"2996","2025-06-02 00:00:00","CERRADA","2025-06-02 00:00:00","2025-06-02 00:00:00","125.00",3,"2025-06-02 00:00:00","94","5","1"
"2997","2023-08-04 13:46:00","CERRADA","2023-08-04 15:14:09.757049","2023-08-04 13:46:00","100.00",4,"2023-08-04 15:14:09.757049","1","14","1"
"2998","2025-06-02 00:00:00","CERRADA","2025-06-02 00:00:00","2025-06-02 00:00:00","671.00",2,"2025-06-02 00:00:00","9","2","1"
"2999","2025-06-02 00:00:00","CERRADA","2025-06-02 00:00:00","2025-06-02 00:00:00","72.00",3,"2025-06-02 00:00:00","1","5","1"
"3000","2024-08-30 12:07:00","CERRADA","2024-08-30 14:27:11.815152","2024-08-30 12:07:00","252.00",5,"2024-08-30 14:27:11.815152","1","1","1"
"3001","2024-03-08 14:06:00","CERRADA","2024-03-08 15:43:04.291","2024-03-08 14:06:00","413.00",7,"2024-03-08 15:43:04.291","35","6","1"
"3002","2023-12-22 21:08:00","CERRADA","2023-12-22 22:44:00.589895","2023-12-22 21:08:00","135.00",2,"2023-12-22 22:44:00.589895","278","10","1"
"3003","2024-07-03 21:57:00","CERRADA","2024-07-04 00:35:37.025763","2024-07-03 21:57:00","284.00",1,"2024-07-04 00:35:37.025763","49","11","1"
"3004","2024-12-24 20:11:00","CERRADA","2024-12-24 21:15:13.675048","2024-12-24 20:11:00","100.00",7,"2024-12-24 21:15:13.675048","104","6","1"
"3005","2024-06-27 21:59:00","CERRADA","2024-06-28 00:58:52.641275","2024-06-27 21:59:00","217.00",8,"2024-06-28 00:58:52.641275","1","4","1"
"3006","2024-02-02 20:16:00","CERRADA","2024-02-02 21:27:08.629155","2024-02-02 20:16:00","354.00",6,"2024-02-02 21:27:08.629155","87","10","1"
"3007","2025-02-14 13:50:00","CERRADA","2025-02-14 16:25:16.738431","2025-02-14 13:50:00","52.00",4,"2025-02-14 16:25:16.738431","279","13","1"
"3008","2024-12-28 13:17:00","CERRADA","2024-12-28 15:06:12.802877","2024-12-28 13:17:00","146.00",1,"2024-12-28 15:06:12.802877","78","5","1"
"3009","2024-02-02 12:47:00","CERRADA","2024-02-02 14:50:13.033024","2024-02-02 12:47:00","147.00",4,"2024-02-02 14:50:13.033024","155","11","1"
"3010","2024-11-08 14:11:00","CERRADA","2024-11-08 15:45:06.807338","2024-11-08 14:11:00","93.00",1,"2024-11-08 15:45:06.807338","132","12","1"
"3011","2024-12-20 14:13:00","CERRADA","2024-12-20 15:53:48.185893","2024-12-20 14:13:00","255.00",3,"2024-12-20 15:53:48.185893","92","7","1"
"3012","2023-11-16 21:57:00","CERRADA","2023-11-17 00:49:18.816826","2023-11-16 21:57:00","63.00",6,"2023-11-17 00:49:18.816826","1","10","1"
"3013","2024-10-05 13:36:00","CERRADA","2024-10-05 15:27:13.82402","2024-10-05 13:36:00","273.00",5,"2024-10-05 15:27:13.82402","1","6","1"
"3014","2024-03-22 12:53:00","CERRADA","2024-03-22 15:36:25.587019","2024-03-22 12:53:00","311.00",7,"2024-03-22 15:36:25.587019","1","14","1"
"3015","2023-10-07 12:02:00","CERRADA","2023-10-07 14:33:26.559262","2023-10-07 12:02:00","424.00",8,"2023-10-07 14:33:26.559262","24","5","1"
"3016","2023-10-20 13:59:00","CERRADA","2023-10-20 15:31:58.35617","2023-10-20 13:59:00","193.00",5,"2023-10-20 15:31:58.35617","1","6","1"
"3017","2024-11-11 20:34:00","CERRADA","2024-11-11 22:47:21.291843","2024-11-11 20:34:00","223.00",7,"2024-11-11 22:47:21.291843","207","11","1"
"3018","2024-09-12 12:55:00","CERRADA","2024-09-12 15:38:35.690761","2024-09-12 12:55:00","419.00",2,"2024-09-12 15:38:35.690761","10","7","1"
"3019","2023-08-28 12:05:00","CERRADA","2023-08-28 13:08:09.481489","2023-08-28 12:05:00","123.00",1,"2023-08-28 13:08:09.481489","1","10","1"
"3020","2024-09-06 14:26:00","CERRADA","2024-09-06 16:17:51.37285","2024-09-06 14:26:00","55.00",5,"2024-09-06 16:17:51.37285","1","13","1"
"3021","2023-06-22 21:18:00","CERRADA","2023-06-22 22:49:17.46802","2023-06-22 21:18:00","143.00",7,"2023-06-22 22:49:17.46802","175","2","1"
"3022","2023-12-29 14:39:00","CERRADA","2023-12-29 17:25:30.661328","2023-12-29 14:39:00","166.00",3,"2023-12-29 17:25:30.661328","1","11","1"
"3023","2023-06-21 14:20:00","CERRADA","2023-06-21 16:51:08.175204","2023-06-21 14:20:00","29.00",6,"2023-06-21 16:51:08.175204","1","10","1"
"3024","2024-07-24 13:31:00","CERRADA","2024-07-24 15:12:10.720928","2024-07-24 13:31:00","110.00",7,"2024-07-24 15:12:10.720928","173","13","1"
"3025","2024-12-27 21:34:00","CERRADA","2024-12-27 23:44:32.357124","2024-12-27 21:34:00","147.00",3,"2024-12-27 23:44:32.357124","137","15","1"
"3026","2023-07-13 14:03:00","CERRADA","2023-07-13 17:00:38.431016","2023-07-13 14:03:00","107.00",8,"2023-07-13 17:00:38.431016","1","13","1"
"3027","2025-05-24 13:48:00","CERRADA","2025-05-24 15:33:10.022926","2025-05-24 13:48:00","125.00",6,"2025-05-24 15:33:10.022926","125","9","1"
"3028","2025-03-07 20:41:00","CERRADA","2025-03-07 22:15:30.15915","2025-03-07 20:41:00","328.00",2,"2025-03-07 22:15:30.15915","1","9","1"
"3029","2025-04-25 14:14:00","CERRADA","2025-04-25 15:16:16.406407","2025-04-25 14:14:00","248.00",1,"2025-04-25 15:16:16.406407","210","14","1"
"3030","2023-10-27 20:21:00","CERRADA","2023-10-27 21:31:05.225979","2023-10-27 20:21:00","228.00",2,"2023-10-27 21:31:05.225979","1","1","1"
"3031","2023-06-03 20:55:00","CERRADA","2023-06-03 22:39:15.889042","2023-06-03 20:55:00","140.00",4,"2023-06-03 22:39:15.889042","1","11","1"
"3032","2024-09-20 19:03:00","CERRADA","2024-09-20 21:49:59.041705","2024-09-20 19:03:00","218.00",8,"2024-09-20 21:49:59.041705","1","15","1"
"3033","2023-12-17 14:43:00","CERRADA","2023-12-17 16:16:45.06417","2023-12-17 14:43:00","210.00",1,"2023-12-17 16:16:45.06417","214","3","1"
"3034","2024-02-09 21:09:00","CERRADA","2024-02-09 22:32:32.469089","2024-02-09 21:09:00","114.00",7,"2024-02-09 22:32:32.469089","134","7","1"
"3035","2025-06-02 00:00:00","CERRADA","2025-06-02 00:00:00","2025-06-02 00:00:00","100.00",8,"2025-06-02 00:00:00","217","2","1"
"3036","2024-06-07 13:43:00","CERRADA","2024-06-07 15:32:37.030343","2024-06-07 13:43:00","54.00",5,"2024-06-07 15:32:37.030343","230","5","1"
"3037","2024-12-06 20:57:00","CERRADA","2024-12-06 23:46:08.32629","2024-12-06 20:57:00","185.00",8,"2024-12-06 23:46:08.32629","127","7","1"
"3038","2024-10-25 14:39:00","CERRADA","2024-10-25 16:11:42.827987","2024-10-25 14:39:00","119.00",8,"2024-10-25 16:11:42.827987","1","10","1"
"3039","2023-10-27 19:47:00","CERRADA","2023-10-27 21:42:09.809757","2023-10-27 19:47:00","149.00",6,"2023-10-27 21:42:09.809757","124","5","1"
"3040","2024-10-04 19:18:00","CERRADA","2024-10-04 20:21:00.159756","2024-10-04 19:18:00","341.00",4,"2024-10-04 20:21:00.159756","16","13","1"
"3041","2024-08-09 20:28:00","CERRADA","2024-08-09 22:10:05.272332","2024-08-09 20:28:00","132.00",8,"2024-08-09 22:10:05.272332","1","1","1"
"3042","2023-12-31 20:37:00","CERRADA","2023-12-31 21:43:58.959696","2023-12-31 20:37:00","170.00",8,"2023-12-31 21:43:58.959696","40","6","1"
"3043","2023-07-06 14:46:00","CERRADA","2023-07-06 16:46:44.932588","2023-07-06 14:46:00","309.00",5,"2023-07-06 16:46:44.932588","25","10","1"
"3044","2024-05-24 14:41:00","CERRADA","2024-05-24 16:59:52.020544","2024-05-24 14:41:00","178.00",5,"2024-05-24 16:59:52.020544","150","12","1"
"3045","2025-04-25 12:40:00","CERRADA","2025-04-25 15:02:01.475775","2025-04-25 12:40:00","238.00",4,"2025-04-25 15:02:01.475775","177","3","1"
"3046","2023-07-14 20:47:00","CERRADA","2023-07-14 21:56:26.505883","2023-07-14 20:47:00","162.00",1,"2023-07-14 21:56:26.505883","1","13","1"
"3047","2025-01-20 19:04:00","CERRADA","2025-01-20 20:13:26.383817","2025-01-20 19:04:00","112.00",5,"2025-01-20 20:13:26.383817","127","14","1"
"3048","2024-07-18 21:56:00","CERRADA","2024-07-18 23:34:11.627267","2024-07-18 21:56:00","196.00",7,"2024-07-18 23:34:11.627267","258","10","1"
"3049","2024-07-19 14:30:00","CERRADA","2024-07-19 16:23:50.476539","2024-07-19 14:30:00","285.00",5,"2024-07-19 16:23:50.476539","231","13","1"
"3050","2024-12-08 19:46:00","CERRADA","2024-12-08 21:56:01.562695","2024-12-08 19:46:00","159.00",7,"2024-12-08 21:56:01.562695","1","9","1"
"3051","2025-05-27 21:08:00","CERRADA","2025-05-27 22:52:15.792765","2025-05-27 21:08:00","243.00",3,"2025-05-27 22:52:15.792765","198","9","1"
"3052","2024-03-10 21:14:00","CERRADA","2024-03-10 22:14:25.984046","2024-03-10 21:14:00","141.00",2,"2024-03-10 22:14:25.984046","193","1","1"
"3053","2024-03-20 19:43:00","CERRADA","2024-03-20 21:12:02.17783","2024-03-20 19:43:00","283.00",7,"2024-03-20 21:12:02.17783","97","8","1"
"3054","2023-08-11 13:56:00","CERRADA","2023-08-11 15:06:35.323881","2023-08-11 13:56:00","642.00",3,"2023-08-11 15:06:35.323881","91","15","1"
"3055","2024-12-12 20:53:00","CERRADA","2024-12-12 22:03:50.078483","2024-12-12 20:53:00","278.00",8,"2024-12-12 22:03:50.078483","18","5","1"
"3056","2024-03-01 13:00:00","CERRADA","2024-03-01 14:22:33.438717","2024-03-01 13:00:00","317.00",3,"2024-03-01 14:22:33.438717","258","6","1"
"3057","2025-04-25 20:30:00","CERRADA","2025-04-25 22:47:25.005864","2025-04-25 20:30:00","213.00",1,"2025-04-25 22:47:25.005864","146","2","1"
"3058","2024-08-02 19:30:00","CERRADA","2024-08-02 21:06:17.613621","2024-08-02 19:30:00","199.00",7,"2024-08-02 21:06:17.613621","1","2","1"
"3059","2023-08-25 13:22:00","CERRADA","2023-08-25 15:23:41.640453","2023-08-25 13:22:00","253.00",6,"2023-08-25 15:23:41.640453","106","15","1"
"3060","2024-11-30 20:59:00","CERRADA","2024-11-30 23:02:16.043074","2024-11-30 20:59:00","260.00",6,"2024-11-30 23:02:16.043074","216","13","1"
"3061","2024-10-18 20:51:00","CERRADA","2024-10-18 23:05:23.112387","2024-10-18 20:51:00","274.00",2,"2024-10-18 23:05:23.112387","87","12","1"
"3062","2025-05-24 12:58:00","CERRADA","2025-05-24 14:18:29.825769","2025-05-24 12:58:00","190.00",5,"2025-05-24 14:18:29.825769","1","9","1"
"3063","2024-06-05 12:24:00","CERRADA","2024-06-05 14:19:17.151905","2024-06-05 12:24:00","86.00",6,"2024-06-05 14:19:17.151905","1","7","1"
"3064","2024-12-06 20:14:00","CERRADA","2024-12-06 21:51:19.552664","2024-12-06 20:14:00","106.00",4,"2024-12-06 21:51:19.552664","1","3","1"
"3065","2024-12-13 21:03:00","CERRADA","2024-12-14 00:02:07.818224","2024-12-13 21:03:00","258.00",2,"2024-12-14 00:02:07.818224","1","10","1"
"3066","2024-07-05 20:52:00","CERRADA","2024-07-05 22:12:45.955627","2024-07-05 20:52:00","53.00",5,"2024-07-05 22:12:45.955627","1","2","1"
"3067","2025-01-10 12:53:00","CERRADA","2025-01-10 15:03:30.929468","2025-01-10 12:53:00","205.00",6,"2025-01-10 15:03:30.929468","1","2","1"
"3068","2024-11-15 13:18:00","CERRADA","2024-11-15 14:28:52.880948","2024-11-15 13:18:00","164.00",2,"2024-11-15 14:28:52.880948","1","3","1"
"3069","2024-02-16 14:23:00","CERRADA","2024-02-16 15:46:29.595887","2024-02-16 14:23:00","190.00",4,"2024-02-16 15:46:29.595887","207","2","1"
"3070","2023-07-14 14:00:00","CERRADA","2023-07-14 15:53:58.41781","2023-07-14 14:00:00","173.00",4,"2023-07-14 15:53:58.41781","34","6","1"
"3071","2025-02-22 14:39:00","CERRADA","2025-02-22 16:44:53.012948","2025-02-22 14:39:00","221.00",1,"2025-02-22 16:44:53.012948","53","15","1"
"3072","2024-07-22 13:47:00","CERRADA","2024-07-22 16:23:01.58459","2024-07-22 13:47:00","224.00",8,"2024-07-22 16:23:01.58459","162","6","1"
"3073","2025-06-02 00:00:00","CERRADA","2025-06-02 00:00:00","2025-06-02 00:00:00","101.00",3,"2025-06-02 00:00:00","157","2","1"
"3074","2025-02-23 12:26:00","CERRADA","2025-02-23 15:22:36.232533","2025-02-23 12:26:00","115.00",2,"2025-02-23 15:22:36.232533","159","11","1"
"3075","2025-03-21 12:03:00","CERRADA","2025-03-21 14:50:25.235114","2025-03-21 12:03:00","300.00",7,"2025-03-21 14:50:25.235114","1","12","1"
"3076","2023-12-12 12:25:00","CERRADA","2023-12-12 14:29:15.94004","2023-12-12 12:25:00","187.00",3,"2023-12-12 14:29:15.94004","1","14","1"
"3077","2023-11-04 19:22:00","CERRADA","2023-11-04 22:13:20.668794","2023-11-04 19:22:00","313.00",3,"2023-11-04 22:13:20.668794","259","15","1"
"3078","2023-08-03 19:36:00","CERRADA","2023-08-03 22:11:57.342871","2023-08-03 19:36:00","179.00",7,"2023-08-03 22:11:57.342871","197","14","1"
"3079","2025-01-10 21:40:00","CERRADA","2025-01-11 00:30:41.883048","2025-01-10 21:40:00","213.00",6,"2025-01-11 00:30:41.883048","3","1","1"
"3080","2023-10-12 19:03:00","CERRADA","2023-10-12 21:27:24.906167","2023-10-12 19:03:00","301.00",8,"2023-10-12 21:27:24.906167","1","6","1"
"3081","2024-03-01 21:08:00","CERRADA","2024-03-01 22:38:29.438145","2024-03-01 21:08:00","98.00",8,"2024-03-01 22:38:29.438145","17","1","1"
"3082","2025-06-02 00:00:00","CERRADA","2025-06-02 00:00:00","2025-06-02 00:00:00","43.00",3,"2025-06-02 00:00:00","239","2","1"
"3083","2025-05-25 20:25:00","CERRADA","2025-05-25 21:26:54.736308","2025-05-25 20:25:00","136.00",1,"2025-05-25 21:26:54.736308","264","15","1"
"3084","2023-11-26 14:00:00","CERRADA","2023-11-26 15:50:13.26505","2023-11-26 14:00:00","168.00",1,"2023-11-26 15:50:13.26505","149","9","1"
"3085","2024-03-01 21:38:00","CERRADA","2024-03-02 00:33:55.480618","2024-03-01 21:38:00","208.00",8,"2024-03-02 00:33:55.480618","155","15","1"
"3086","2023-08-26 20:32:00","CERRADA","2023-08-26 22:11:39.470521","2023-08-26 20:32:00","86.00",5,"2023-08-26 22:11:39.470521","298","1","1"
"3087","2023-09-06 14:27:00","CERRADA","2023-09-06 17:03:37.865803","2023-09-06 14:27:00","208.00",1,"2023-09-06 17:03:37.865803","134","4","1"
"3088","2024-06-28 20:39:00","CERRADA","2024-06-28 23:18:33.033048","2024-06-28 20:39:00","226.00",8,"2024-06-28 23:18:33.033048","288","8","1"
"3089","2024-08-01 13:53:00","CERRADA","2024-08-01 16:03:59.362937","2024-08-01 13:53:00","67.00",1,"2024-08-01 16:03:59.362937","201","11","1"
"3090","2024-12-27 19:53:00","CERRADA","2024-12-27 22:03:41.676304","2024-12-27 19:53:00","235.00",4,"2024-12-27 22:03:41.676304","1","2","1"
"3091","2025-06-02 00:00:00","CERRADA","2025-06-02 00:00:00","2025-06-02 00:00:00","162.00",2,"2025-06-02 00:00:00","230","15","1"
"3092","2024-02-09 20:18:00","CERRADA","2024-02-09 21:54:57.885915","2024-02-09 20:18:00","223.00",6,"2024-02-09 21:54:57.885915","133","14","1"
"3093","2024-12-29 13:19:00","CERRADA","2024-12-29 15:11:51.59828","2024-12-29 13:19:00","543.00",8,"2024-12-29 15:11:51.59828","64","5","1"
"3094","2024-07-26 20:21:00","CERRADA","2024-07-26 22:48:26.732527","2024-07-26 20:21:00","100.00",2,"2024-07-26 22:48:26.732527","185","15","1"
"3095","2024-12-27 20:25:00","CERRADA","2024-12-27 23:02:45.78596","2024-12-27 20:25:00","221.00",1,"2024-12-27 23:02:45.78596","203","8","1"
"3096","2024-07-25 14:49:00","CERRADA","2024-07-25 17:08:37.436217","2024-07-25 14:49:00","82.00",6,"2024-07-25 17:08:37.436217","213","14","1"
"3097","2024-11-21 12:48:00","CERRADA","2024-11-21 15:19:40.380445","2024-11-21 12:48:00","372.00",3,"2024-11-21 15:19:40.380445","97","14","1"
"3098","2024-01-05 20:21:00","CERRADA","2024-01-05 22:12:15.076168","2024-01-05 20:21:00","514.00",6,"2024-01-05 22:12:15.076168","80","4","1"
"3099","2025-06-02 00:00:00","CERRADA","2025-06-02 00:00:00","2025-06-02 00:00:00","100.00",7,"2025-06-02 00:00:00","218","8","1"
"3100","2025-01-10 14:09:00","CERRADA","2025-01-10 15:18:31.31579","2025-01-10 14:09:00","182.00",5,"2025-01-10 15:18:31.31579","139","12","1"
"3101","2024-04-27 21:21:00","CERRADA","2024-04-27 23:32:57.841993","2024-04-27 21:21:00","103.00",8,"2024-04-27 23:32:57.841993","104","2","1"
"3102","2024-03-15 14:05:00","CERRADA","2024-03-15 17:01:02.169475","2024-03-15 14:05:00","103.00",8,"2024-03-15 17:01:02.169475","259","12","1"
"3103","2025-05-02 19:28:00","CERRADA","2025-05-02 21:06:47.259891","2025-05-02 19:28:00","102.00",7,"2025-05-02 21:06:47.259891","151","9","1"
"3104","2024-08-09 20:26:00","CERRADA","2024-08-09 22:08:40.26752","2024-08-09 20:26:00","93.00",8,"2024-08-09 22:08:40.26752","62","13","1"
"3105","2024-04-15 19:33:00","CERRADA","2024-04-15 21:44:51.732661","2024-04-15 19:33:00","182.00",7,"2024-04-15 21:44:51.732661","185","13","1"
"3106","2025-01-01 20:52:00","CERRADA","2025-01-01 22:14:02.535363","2025-01-01 20:52:00","435.00",1,"2025-01-01 22:14:02.535363","6","15","1"
"3107","2023-07-14 20:30:00","CERRADA","2023-07-14 22:48:15.895277","2023-07-14 20:30:00","366.00",4,"2023-07-14 22:48:15.895277","1","7","1"
"3108","2024-11-22 21:13:00","CERRADA","2024-11-22 22:49:38.229491","2024-11-22 21:13:00","151.00",3,"2024-11-22 22:49:38.229491","145","3","1"
"3109","2024-07-26 20:49:00","CERRADA","2024-07-26 22:19:29.086327","2024-07-26 20:49:00","93.00",7,"2024-07-26 22:19:29.086327","87","8","1"
"3110","2024-08-15 20:00:00","CERRADA","2024-08-15 21:08:38.32417","2024-08-15 20:00:00","307.00",1,"2024-08-15 21:08:38.32417","27","2","1"
"3111","2024-08-24 20:25:00","CERRADA","2024-08-24 22:13:01.764936","2024-08-24 20:25:00","88.00",4,"2024-08-24 22:13:01.764936","1","14","1"
"3112","2024-05-03 12:22:00","CERRADA","2024-05-03 13:51:24.348485","2024-05-03 12:22:00","304.00",6,"2024-05-03 13:51:24.348485","1","2","1"
"3113","2024-10-10 19:40:00","CERRADA","2024-10-10 22:04:03.709041","2024-10-10 19:40:00","183.00",7,"2024-10-10 22:04:03.709041","203","1","1"
"3114","2024-01-05 14:39:00","CERRADA","2024-01-05 16:47:48.376189","2024-01-05 14:39:00","630.00",6,"2024-01-05 16:47:48.376189","26","11","1"
"3115","2024-07-26 21:09:00","CERRADA","2024-07-26 23:45:21.740865","2024-07-26 21:09:00","371.00",6,"2024-07-26 23:45:21.740865","80","12","1"
"3116","2024-06-01 21:53:00","CERRADA","2024-06-02 00:11:45.786865","2024-06-01 21:53:00","213.00",2,"2024-06-02 00:11:45.786865","23","3","1"
"3117","2024-09-13 13:05:00","CERRADA","2024-09-13 15:54:42.138034","2024-09-13 13:05:00","425.00",8,"2024-09-13 15:54:42.138034","12","11","1"
"3118","2025-02-14 20:17:00","CERRADA","2025-02-14 21:51:37.713816","2025-02-14 20:17:00","68.00",4,"2025-02-14 21:51:37.713816","215","5","1"
"3119","2024-12-06 21:36:00","CERRADA","2024-12-07 00:28:34.740542","2024-12-06 21:36:00","57.00",1,"2024-12-07 00:28:34.740542","230","9","1"
"3120","2024-12-21 21:17:00","CERRADA","2024-12-21 22:52:52.334391","2024-12-21 21:17:00","437.00",8,"2024-12-21 22:52:52.334391","35","8","1"
"3121","2024-08-17 20:34:00","CERRADA","2024-08-17 21:55:20.469714","2024-08-17 20:34:00","179.00",3,"2024-08-17 21:55:20.469714","1","10","1"
"3122","2024-11-12 20:30:00","CERRADA","2024-11-12 22:02:39.21579","2024-11-12 20:30:00","265.00",4,"2024-11-12 22:02:39.21579","1","13","1"
"3123","2025-01-18 14:20:00","CERRADA","2025-01-18 15:56:21.54513","2025-01-18 14:20:00","33.00",6,"2025-01-18 15:56:21.54513","181","7","1"
"3124","2024-01-15 19:42:00","CERRADA","2024-01-15 21:41:06.930193","2024-01-15 19:42:00","332.00",5,"2024-01-15 21:41:06.930193","109","11","1"
"3125","2023-10-24 14:49:00","CERRADA","2023-10-24 17:02:29.939031","2023-10-24 14:49:00","113.00",3,"2023-10-24 17:02:29.939031","212","13","1"
"3126","2025-05-16 14:13:00","CERRADA","2025-05-16 15:56:11.582461","2025-05-16 14:13:00","60.00",7,"2025-05-16 15:56:11.582461","1","8","1"
"3127","2023-09-22 14:29:00","CERRADA","2023-09-22 16:23:34.949948","2023-09-22 14:29:00","237.00",1,"2023-09-22 16:23:34.949948","65","1","1"
"3128","2024-02-03 21:16:00","CERRADA","2024-02-03 23:39:18.487609","2024-02-03 21:16:00","181.00",5,"2024-02-03 23:39:18.487609","149","10","1"
"3129","2024-09-23 14:06:00","CERRADA","2024-09-23 15:32:47.405609","2024-09-23 14:06:00","357.00",6,"2024-09-23 15:32:47.405609","90","6","1"
"3130","2024-07-12 14:29:00","CERRADA","2024-07-12 15:54:40.776065","2024-07-12 14:29:00","136.00",2,"2024-07-12 15:54:40.776065","251","5","1"
"3131","2024-12-06 20:01:00","CERRADA","2024-12-06 22:41:04.726916","2024-12-06 20:01:00","190.00",3,"2024-12-06 22:41:04.726916","79","4","1"
"3132","2024-10-11 19:23:00","CERRADA","2024-10-11 22:14:21.355539","2024-10-11 19:23:00","243.00",6,"2024-10-11 22:14:21.355539","300","13","1"
"3133","2023-11-08 14:40:00","CERRADA","2023-11-08 16:56:49.980286","2023-11-08 14:40:00","278.00",1,"2023-11-08 16:56:49.980286","211","7","1"
"3134","2024-02-02 21:19:00","CERRADA","2024-02-02 23:12:17.085053","2024-02-02 21:19:00","215.00",3,"2024-02-02 23:12:17.085053","1","7","1"
"3135","2024-07-16 19:40:00","CERRADA","2024-07-16 22:05:57.484429","2024-07-16 19:40:00","183.00",5,"2024-07-16 22:05:57.484429","240","2","1"
"3136","2025-06-02 00:00:00","CERRADA","2025-06-02 00:00:00","2025-06-02 00:00:00","193.00",8,"2025-06-02 00:00:00","254","11","1"
"3137","2024-10-25 19:02:00","CERRADA","2024-10-25 20:16:43.160687","2024-10-25 19:02:00","615.00",4,"2024-10-25 20:16:43.160687","23","9","1"
"3138","2023-08-25 12:42:00","CERRADA","2023-08-25 15:23:33.963649","2023-08-25 12:42:00","141.00",1,"2023-08-25 15:23:33.963649","200","2","1"
"3139","2024-06-28 14:36:00","CERRADA","2024-06-28 15:40:00.793678","2024-06-28 14:36:00","255.00",1,"2024-06-28 15:40:00.793678","1","8","1"
"3140","2024-04-18 21:09:00","CERRADA","2024-04-18 22:22:10.862136","2024-04-18 21:09:00","180.00",6,"2024-04-18 22:22:10.862136","93","9","1"
"3141","2025-04-18 20:27:00","CERRADA","2025-04-18 22:20:25.221287","2025-04-18 20:27:00","296.00",4,"2025-04-18 22:20:25.221287","1","10","1"
"3142","2024-10-12 21:50:00","CERRADA","2024-10-12 23:32:43.530048","2024-10-12 21:50:00","167.00",7,"2024-10-12 23:32:43.530048","182","4","1"
"3143","2023-08-04 20:13:00","CERRADA","2023-08-04 21:45:24.65254","2023-08-04 20:13:00","241.00",8,"2023-08-04 21:45:24.65254","210","1","1"
"3144","2023-09-19 12:17:00","CERRADA","2023-09-19 13:39:44.842972","2023-09-19 12:17:00","137.00",6,"2023-09-19 13:39:44.842972","111","4","1"
"3145","2025-03-14 19:25:00","CERRADA","2025-03-14 22:07:07.674008","2025-03-14 19:25:00","99.00",8,"2025-03-14 22:07:07.674008","160","3","1"
"3146","2025-05-31 19:49:00","CERRADA","2025-05-31 22:27:25.322325","2025-05-31 19:49:00","112.00",8,"2025-05-31 22:27:25.322325","1","6","1"
"3147","2023-12-19 21:00:00","CERRADA","2023-12-19 23:19:42.190278","2023-12-19 21:00:00","56.00",1,"2023-12-19 23:19:42.190278","139","9","1"
"3148","2024-06-08 14:35:00","CERRADA","2024-06-08 17:12:39.066036","2024-06-08 14:35:00","394.00",4,"2024-06-08 17:12:39.066036","1","11","1"
"3149","2024-05-17 19:15:00","CERRADA","2024-05-17 22:02:37.872662","2024-05-17 19:15:00","348.00",3,"2024-05-17 22:02:37.872662","14","9","1"
"3150","2023-10-24 20:24:00","CERRADA","2023-10-24 22:15:29.982459","2023-10-24 20:24:00","99.00",2,"2023-10-24 22:15:29.982459","137","12","1"
"3151","2025-06-02 00:00:00","CERRADA","2025-06-02 00:00:00","2025-06-02 00:00:00","202.00",3,"2025-06-02 00:00:00","47","13","1"
"3152","2023-08-25 21:34:00","CERRADA","2023-08-25 23:42:06.783107","2023-08-25 21:34:00","335.00",7,"2023-08-25 23:42:06.783107","83","13","1"
"3153","2025-02-24 14:28:00","CERRADA","2025-02-24 17:23:39.079388","2025-02-24 14:28:00","97.00",6,"2025-02-24 17:23:39.079388","1","14","1"
"3154","2025-05-23 14:17:00","CERRADA","2025-05-23 15:51:22.153472","2025-05-23 14:17:00","167.00",6,"2025-05-23 15:51:22.153472","141","7","1"
"3155","2023-09-01 13:32:00","CERRADA","2023-09-01 16:27:57.872058","2023-09-01 13:32:00","293.00",6,"2023-09-01 16:27:57.872058","268","2","1"
"3156","2024-12-18 12:44:00","CERRADA","2024-12-18 14:55:10.406514","2024-12-18 12:44:00","415.00",4,"2024-12-18 14:55:10.406514","75","1","1"
"3157","2023-09-15 19:05:00","CERRADA","2023-09-15 20:36:13.229637","2023-09-15 19:05:00","236.00",5,"2023-09-15 20:36:13.229637","221","9","1"
"3158","2024-07-24 14:17:00","CERRADA","2024-07-24 17:13:58.398467","2024-07-24 14:17:00","317.00",2,"2024-07-24 17:13:58.398467","86","1","1"
"3159","2024-08-30 19:00:00","CERRADA","2024-08-30 20:23:28.284509","2024-08-30 19:00:00","159.00",3,"2024-08-30 20:23:28.284509","1","2","1"
"3160","2024-12-23 12:26:00","CERRADA","2024-12-23 14:45:22.08179","2024-12-23 12:26:00","150.00",5,"2024-12-23 14:45:22.08179","204","15","1"
"3161","2024-09-20 14:00:00","CERRADA","2024-09-20 15:57:58.916525","2024-09-20 14:00:00","397.00",4,"2024-09-20 15:57:58.916525","57","9","1"
"3162","2023-12-08 12:18:00","CERRADA","2023-12-08 14:23:28.32108","2023-12-08 12:18:00","362.00",7,"2023-12-08 14:23:28.32108","35","11","1"
"3163","2025-04-04 20:14:00","CERRADA","2025-04-04 21:19:21.955967","2025-04-04 20:14:00","202.00",1,"2025-04-04 21:19:21.955967","1","7","1"
"3164","2024-07-02 19:16:00","CERRADA","2024-07-02 21:29:46.259606","2024-07-02 19:16:00","132.00",3,"2024-07-02 21:29:46.259606","1","11","1"
"3165","2024-07-19 21:48:00","CERRADA","2024-07-19 23:15:40.975131","2024-07-19 21:48:00","577.00",2,"2024-07-19 23:15:40.975131","57","10","1"
"3166","2025-01-10 21:48:00","CERRADA","2025-01-10 23:46:23.107648","2025-01-10 21:48:00","78.00",5,"2025-01-10 23:46:23.107648","200","13","1"
"3167","2025-04-09 20:28:00","CERRADA","2025-04-09 22:49:55.27473","2025-04-09 20:28:00","245.00",6,"2025-04-09 22:49:55.27473","154","3","1"
"3168","2024-12-27 20:09:00","CERRADA","2024-12-27 22:18:32.955647","2024-12-27 20:09:00","200.00",6,"2024-12-27 22:18:32.955647","37","12","1"
"3169","2023-12-01 13:04:00","CERRADA","2023-12-01 15:15:48.200021","2023-12-01 13:04:00","363.00",5,"2023-12-01 15:15:48.200021","7","8","1"
"3170","2024-05-16 12:08:00","CERRADA","2024-05-16 13:28:54.471952","2024-05-16 12:08:00","230.00",3,"2024-05-16 13:28:54.471952","205","12","1"
"3171","2024-06-11 13:55:00","CERRADA","2024-06-11 16:36:09.904979","2024-06-11 13:55:00","358.00",8,"2024-06-11 16:36:09.904979","14","9","1"
"3172","2024-12-13 14:12:00","CERRADA","2024-12-13 16:33:53.589326","2024-12-13 14:12:00","133.00",6,"2024-12-13 16:33:53.589326","103","13","1"
"3173","2024-06-07 14:54:00","CERRADA","2024-06-07 16:04:08.119412","2024-06-07 14:54:00","95.00",7,"2024-06-07 16:04:08.119412","44","1","1"
"3174","2025-06-02 00:00:00","CERRADA","2025-06-02 00:00:00","2025-06-02 00:00:00","285.00",4,"2025-06-02 00:00:00","131","7","1"
"3175","2023-07-03 20:21:00","CERRADA","2023-07-03 22:05:07.032032","2023-07-03 20:21:00","108.00",2,"2023-07-03 22:05:07.032032","1","13","1"
"3176","2025-01-03 14:51:00","CERRADA","2025-01-03 17:22:00.241656","2025-01-03 14:51:00","193.00",8,"2025-01-03 17:22:00.241656","1","10","1"
"3177","2023-08-24 13:02:00","CERRADA","2023-08-24 14:43:26.877756","2023-08-24 13:02:00","52.00",8,"2023-08-24 14:43:26.877756","53","8","1"
"3178","2023-08-18 21:24:00","CERRADA","2023-08-18 22:24:34.65153","2023-08-18 21:24:00","84.00",5,"2023-08-18 22:24:34.65153","31","15","1"
"3179","2025-03-12 13:15:00","CERRADA","2025-03-12 15:08:47.169856","2025-03-12 13:15:00","167.00",4,"2025-03-12 15:08:47.169856","202","5","1"
"3180","2024-07-19 19:54:00","CERRADA","2024-07-19 21:01:16.615295","2024-07-19 19:54:00","255.00",8,"2024-07-19 21:01:16.615295","61","13","1"
"3181","2025-04-03 21:29:00","CERRADA","2025-04-03 23:50:09.520728","2025-04-03 21:29:00","595.00",6,"2025-04-03 23:50:09.520728","116","5","1"
"3182","2025-03-17 12:14:00","CERRADA","2025-03-17 13:41:05.747619","2025-03-17 12:14:00","75.00",2,"2025-03-17 13:41:05.747619","121","14","1"
"3183","2024-05-08 14:55:00","CERRADA","2024-05-08 16:35:50.058198","2024-05-08 14:55:00","249.00",8,"2024-05-08 16:35:50.058198","217","12","1"
"3184","2024-11-29 21:55:00","CERRADA","2024-11-30 00:52:59.176593","2024-11-29 21:55:00","130.00",5,"2024-11-30 00:52:59.176593","1","5","1"
"3185","2024-12-13 12:54:00","CERRADA","2024-12-13 14:34:54.517303","2024-12-13 12:54:00","397.00",2,"2024-12-13 14:34:54.517303","113","14","1"
"3186","2025-01-30 14:52:00","CERRADA","2025-01-30 17:01:33.994055","2025-01-30 14:52:00","150.00",8,"2025-01-30 17:01:33.994055","249","1","1"
"3187","2024-07-29 12:30:00","CERRADA","2024-07-29 15:24:24.214736","2024-07-29 12:30:00","44.00",8,"2024-07-29 15:24:24.214736","1","13","1"
"3188","2024-06-07 19:21:00","CERRADA","2024-06-07 21:16:21.60994","2024-06-07 19:21:00","188.00",8,"2024-06-07 21:16:21.60994","202","5","1"
"3189","2024-07-02 20:21:00","CERRADA","2024-07-02 21:53:12.214609","2024-07-02 20:21:00","92.00",3,"2024-07-02 21:53:12.214609","235","3","1"
"3190","2025-01-17 21:24:00","CERRADA","2025-01-17 23:27:24.658066","2025-01-17 21:24:00","132.00",4,"2025-01-17 23:27:24.658066","1","1","1"
"3191","2024-06-24 13:59:00","CERRADA","2024-06-24 16:42:51.614075","2024-06-24 13:59:00","55.00",7,"2024-06-24 16:42:51.614075","215","1","1"
"3192","2024-11-15 20:30:00","CERRADA","2024-11-15 21:34:03.144105","2024-11-15 20:30:00","295.00",4,"2024-11-15 21:34:03.144105","210","2","1"
"3193","2024-09-13 12:48:00","CERRADA","2024-09-13 15:06:30.632276","2024-09-13 12:48:00","42.00",8,"2024-09-13 15:06:30.632276","1","8","1"
"3194","2024-01-19 21:51:00","CERRADA","2024-01-20 00:22:03.354846","2024-01-19 21:51:00","134.00",7,"2024-01-20 00:22:03.354846","210","3","1"
"3195","2024-12-01 20:26:00","CERRADA","2024-12-01 21:46:41.217123","2024-12-01 20:26:00","77.00",8,"2024-12-01 21:46:41.217123","45","1","1"
"3196","2024-12-22 13:03:00","CERRADA","2024-12-22 15:37:32.113385","2024-12-22 13:03:00","444.00",3,"2024-12-22 15:37:32.113385","18","7","1"
"3197","2024-06-28 21:56:00","CERRADA","2024-06-28 22:59:18.215666","2024-06-28 21:56:00","100.00",5,"2024-06-28 22:59:18.215666","119","5","1"
"3198","2025-05-30 19:39:00","CERRADA","2025-05-30 21:20:15.286817","2025-05-30 19:39:00","57.00",5,"2025-05-30 21:20:15.286817","1","7","1"
"3199","2024-04-27 12:08:00","CERRADA","2024-04-27 14:08:42.107857","2024-04-27 12:08:00","77.00",7,"2024-04-27 14:08:42.107857","176","8","1"
"3200","2024-03-01 20:21:00","CERRADA","2024-03-01 21:55:28.332564","2024-03-01 20:21:00","58.00",7,"2024-03-01 21:55:28.332564","26","1","1"
"3201","2023-09-29 20:50:00","CERRADA","2023-09-29 21:51:10.601227","2023-09-29 20:50:00","116.00",2,"2023-09-29 21:51:10.601227","176","4","1"
"3202","2024-11-25 19:26:00","CERRADA","2024-11-25 21:57:12.954958","2024-11-25 19:26:00","33.00",3,"2024-11-25 21:57:12.954958","181","5","1"
"3203","2023-07-07 19:35:00","CERRADA","2023-07-07 21:38:36.244607","2023-07-07 19:35:00","168.00",6,"2023-07-07 21:38:36.244607","69","6","1"
"3204","2023-12-30 20:08:00","CERRADA","2023-12-30 21:28:15.243358","2023-12-30 20:08:00","163.00",7,"2023-12-30 21:28:15.243358","1","9","1"
"3205","2023-07-07 21:57:00","CERRADA","2023-07-07 23:36:07.405309","2023-07-07 21:57:00","391.00",8,"2023-07-07 23:36:07.405309","40","15","1"
"3206","2025-01-28 20:51:00","CERRADA","2025-01-28 22:47:38.222435","2025-01-28 20:51:00","276.00",4,"2025-01-28 22:47:38.222435","214","15","1"
"3207","2023-12-26 14:51:00","CERRADA","2023-12-26 16:09:54.039141","2023-12-26 14:51:00","275.00",8,"2023-12-26 16:09:54.039141","249","3","1"
"3208","2023-12-01 21:36:00","CERRADA","2023-12-01 23:23:04.573229","2023-12-01 21:36:00","130.00",7,"2023-12-01 23:23:04.573229","187","13","1"
"3209","2023-12-18 20:00:00","CERRADA","2023-12-18 21:56:31.253168","2023-12-18 20:00:00","260.00",4,"2023-12-18 21:56:31.253168","220","1","1"
"3210","2023-12-08 21:05:00","CERRADA","2023-12-08 22:23:00.453548","2023-12-08 21:05:00","181.00",1,"2023-12-08 22:23:00.453548","42","12","1"
"3211","2023-08-25 14:23:00","CERRADA","2023-08-25 17:16:39.231155","2023-08-25 14:23:00","318.00",1,"2023-08-25 17:16:39.231155","83","12","1"
"3212","2025-02-28 12:03:00","CERRADA","2025-02-28 14:47:12.794939","2025-02-28 12:03:00","91.00",8,"2025-02-28 14:47:12.794939","143","9","1"
"3213","2024-07-24 14:10:00","CERRADA","2024-07-24 15:58:41.427227","2024-07-24 14:10:00","226.00",8,"2024-07-24 15:58:41.427227","214","3","1"
"3214","2023-12-23 19:03:00","CERRADA","2023-12-23 21:00:45.226482","2023-12-23 19:03:00","59.00",5,"2023-12-23 21:00:45.226482","231","5","1"
"3215","2024-12-08 13:00:00","CERRADA","2024-12-08 15:08:44.627261","2024-12-08 13:00:00","67.00",5,"2024-12-08 15:08:44.627261","1","6","1"
"3216","2025-05-09 21:41:00","CERRADA","2025-05-09 22:42:15.353037","2025-05-09 21:41:00","62.00",4,"2025-05-09 22:42:15.353037","254","3","1"
"3217","2024-05-10 13:08:00","CERRADA","2024-05-10 14:56:09.618685","2024-05-10 13:08:00","125.00",5,"2024-05-10 14:56:09.618685","47","14","1"
"3218","2025-06-02 00:00:00","CERRADA","2025-06-02 00:00:00","2025-06-02 00:00:00","329.00",2,"2025-06-02 00:00:00","274","6","1"
"3219","2023-06-30 20:08:00","CERRADA","2023-06-30 21:13:32.785219","2023-06-30 20:08:00","291.00",3,"2023-06-30 21:13:32.785219","249","11","1"
"3220","2023-10-13 20:28:00","CERRADA","2023-10-13 23:09:00.795719","2023-10-13 20:28:00","128.00",6,"2023-10-13 23:09:00.795719","1","3","1"
"3221","2024-10-04 20:58:00","CERRADA","2024-10-04 22:10:22.6125","2024-10-04 20:58:00","167.00",4,"2024-10-04 22:10:22.6125","1","10","1"
"3222","2023-10-13 20:41:00","CERRADA","2023-10-13 22:34:14.148575","2023-10-13 20:41:00","159.00",6,"2023-10-13 22:34:14.148575","192","15","1"
"3223","2024-05-09 21:54:00","CERRADA","2024-05-09 23:07:17.035789","2024-05-09 21:54:00","353.00",8,"2024-05-09 23:07:17.035789","86","1","1"
"3224","2024-04-05 13:37:00","CERRADA","2024-04-05 15:26:26.726973","2024-04-05 13:37:00","175.00",3,"2024-04-05 15:26:26.726973","1","5","1"
"3225","2024-07-12 13:19:00","CERRADA","2024-07-12 15:37:22.574135","2024-07-12 13:19:00","90.00",2,"2024-07-12 15:37:22.574135","179","10","1"
"3226","2024-09-06 19:45:00","CERRADA","2024-09-06 22:19:43.706821","2024-09-06 19:45:00","286.00",8,"2024-09-06 22:19:43.706821","1","13","1"
"3227","2025-03-14 14:55:00","CERRADA","2025-03-14 16:31:30.964774","2025-03-14 14:55:00","175.00",4,"2025-03-14 16:31:30.964774","134","5","1"
"3228","2023-11-17 14:30:00","CERRADA","2023-11-17 15:43:14.287026","2023-11-17 14:30:00","82.00",8,"2023-11-17 15:43:14.287026","1","9","1"
"3229","2024-01-16 21:02:00","CERRADA","2024-01-16 23:42:11.408373","2024-01-16 21:02:00","262.00",5,"2024-01-16 23:42:11.408373","1","13","1"
"3230","2024-03-04 21:18:00","CERRADA","2024-03-04 22:33:02.599613","2024-03-04 21:18:00","68.00",4,"2024-03-04 22:33:02.599613","294","1","1"
"3231","2023-07-28 12:26:00","CERRADA","2023-07-28 14:49:52.812364","2023-07-28 12:26:00","286.00",1,"2023-07-28 14:49:52.812364","216","1","1"
"3232","2024-03-22 21:49:00","CERRADA","2024-03-23 00:45:16.83955","2024-03-22 21:49:00","141.00",3,"2024-03-23 00:45:16.83955","246","7","1"
"3233","2024-03-01 13:26:00","CERRADA","2024-03-01 15:59:49.608872","2024-03-01 13:26:00","207.00",6,"2024-03-01 15:59:49.608872","1","3","1"
"3234","2025-03-07 21:21:00","CERRADA","2025-03-07 22:38:47.821069","2025-03-07 21:21:00","424.00",5,"2025-03-07 22:38:47.821069","45","12","1"
"3235","2023-12-07 12:16:00","CERRADA","2023-12-07 14:14:57.664602","2023-12-07 12:16:00","356.00",8,"2023-12-07 14:14:57.664602","60","13","1"
"3236","2023-06-13 13:58:00","CERRADA","2023-06-13 16:11:14.710303","2023-06-13 13:58:00","109.00",1,"2023-06-13 16:11:14.710303","1","7","1"
"3237","2024-12-03 20:40:00","CERRADA","2024-12-03 22:09:04.971147","2024-12-03 20:40:00","328.00",5,"2024-12-03 22:09:04.971147","170","10","1"
"3238","2025-02-28 21:30:00","CERRADA","2025-03-01 00:04:30.119716","2025-02-28 21:30:00","177.00",6,"2025-03-01 00:04:30.119716","1","13","1"
"3239","2024-07-12 13:27:00","CERRADA","2024-07-12 15:59:17.865753","2024-07-12 13:27:00","163.00",6,"2024-07-12 15:59:17.865753","1","2","1"
"3240","2024-07-19 13:09:00","CERRADA","2024-07-19 15:21:36.820012","2024-07-19 13:09:00","46.00",4,"2024-07-19 15:21:36.820012","156","8","1"
"3241","2024-08-23 12:55:00","CERRADA","2024-08-23 15:35:53.119593","2024-08-23 12:55:00","147.00",1,"2024-08-23 15:35:53.119593","21","12","1"
"3242","2024-02-12 14:16:00","CERRADA","2024-02-12 16:35:02.342785","2024-02-12 14:16:00","341.00",8,"2024-02-12 16:35:02.342785","76","8","1"
"3243","2023-10-13 13:46:00","CERRADA","2023-10-13 16:10:38.372119","2023-10-13 13:46:00","210.00",4,"2023-10-13 16:10:38.372119","147","3","1"
"3244","2024-07-02 14:14:00","CERRADA","2024-07-02 16:36:04.151261","2024-07-02 14:14:00","345.00",6,"2024-07-02 16:36:04.151261","223","8","1"
"3245","2024-01-05 13:50:00","CERRADA","2024-01-05 16:48:57.663997","2024-01-05 13:50:00","277.00",6,"2024-01-05 16:48:57.663997","11","5","1"
"3246","2024-12-10 12:57:00","CERRADA","2024-12-10 14:23:33.468471","2024-12-10 12:57:00","170.00",4,"2024-12-10 14:23:33.468471","264","8","1"
"3247","2024-05-17 21:13:00","CERRADA","2024-05-17 22:19:03.410095","2024-05-17 21:13:00","136.00",5,"2024-05-17 22:19:03.410095","248","4","1"
"3248","2023-08-13 14:01:00","CERRADA","2023-08-13 16:17:01.495466","2023-08-13 14:01:00","120.00",5,"2023-08-13 16:17:01.495466","1","7","1"
"3249","2023-07-10 14:58:00","CERRADA","2023-07-10 16:06:42.884974","2023-07-10 14:58:00","148.00",8,"2023-07-10 16:06:42.884974","99","12","1"
"3250","2024-12-03 12:23:00","CERRADA","2024-12-03 15:16:39.911314","2024-12-03 12:23:00","136.00",3,"2024-12-03 15:16:39.911314","129","14","1"
"3251","2025-06-02 00:00:00","CERRADA","2025-06-02 00:00:00","2025-06-02 00:00:00","95.00",5,"2025-06-02 00:00:00","257","1","1"
"3252","2024-04-12 13:23:00","CERRADA","2024-04-12 16:00:33.688004","2024-04-12 13:23:00","370.00",7,"2024-04-12 16:00:33.688004","155","6","1"
"3253","2024-01-26 19:49:00","CERRADA","2024-01-26 21:51:01.482025","2024-01-26 19:49:00","150.00",6,"2024-01-26 21:51:01.482025","1","3","1"
"3254","2023-06-23 21:44:00","CERRADA","2023-06-23 23:21:12.434729","2023-06-23 21:44:00","383.00",6,"2023-06-23 23:21:12.434729","129","14","1"
"3255","2025-02-22 14:44:00","CERRADA","2025-02-22 16:43:39.929183","2025-02-22 14:44:00","86.00",2,"2025-02-22 16:43:39.929183","1","15","1"
"3256","2023-10-04 13:11:00","CERRADA","2023-10-04 16:06:03.305493","2023-10-04 13:11:00","90.00",8,"2023-10-04 16:06:03.305493","1","6","1"
"3257","2024-02-09 12:47:00","CERRADA","2024-02-09 14:36:15.724765","2024-02-09 12:47:00","293.00",7,"2024-02-09 14:36:15.724765","69","5","1"
"3258","2024-08-23 12:29:00","CERRADA","2024-08-23 14:21:17.892613","2024-08-23 12:29:00","320.00",6,"2024-08-23 14:21:17.892613","1","2","1"
"3259","2023-07-28 19:32:00","CERRADA","2023-07-28 22:09:02.464944","2023-07-28 19:32:00","321.00",3,"2023-07-28 22:09:02.464944","23","5","1"
"3260","2024-09-15 21:13:00","CERRADA","2024-09-15 23:36:07.658803","2024-09-15 21:13:00","107.00",8,"2024-09-15 23:36:07.658803","217","10","1"
"3261","2023-09-22 19:46:00","CERRADA","2023-09-22 20:57:31.538278","2023-09-22 19:46:00","207.00",1,"2023-09-22 20:57:31.538278","260","1","1"
"3262","2024-10-11 20:06:00","CERRADA","2024-10-11 22:10:33.218318","2024-10-11 20:06:00","374.00",3,"2024-10-11 22:10:33.218318","112","10","1"
"3263","2025-04-04 20:33:00","CERRADA","2025-04-04 21:46:39.948045","2025-04-04 20:33:00","261.00",7,"2025-04-04 21:46:39.948045","145","13","1"
"3264","2023-09-01 19:59:00","CERRADA","2023-09-01 22:10:30.368524","2023-09-01 19:59:00","140.00",6,"2023-09-01 22:10:30.368524","1","8","1"
"3265","2025-04-11 19:48:00","CERRADA","2025-04-11 21:54:48.991252","2025-04-11 19:48:00","310.00",1,"2025-04-11 21:54:48.991252","1","11","1"
"3266","2023-12-01 13:45:00","CERRADA","2023-12-01 15:43:35.58102","2023-12-01 13:45:00","195.00",8,"2023-12-01 15:43:35.58102","1","7","1"
"3267","2025-04-21 19:09:00","CERRADA","2025-04-21 21:24:52.370088","2025-04-21 19:09:00","292.00",2,"2025-04-21 21:24:52.370088","1","12","1"
"3268","2023-12-23 21:49:00","CERRADA","2023-12-23 22:52:27.203863","2023-12-23 21:49:00","305.00",5,"2023-12-23 22:52:27.203863","182","7","1"
"3269","2025-02-14 20:37:00","CERRADA","2025-02-14 22:52:27.4383","2025-02-14 20:37:00","536.00",7,"2025-02-14 22:52:27.4383","27","13","1"
"3270","2024-05-21 13:26:00","CERRADA","2024-05-21 15:21:22.444308","2024-05-21 13:26:00","355.00",5,"2024-05-21 15:21:22.444308","54","11","1"
"3271","2025-01-03 20:32:00","CERRADA","2025-01-03 22:58:47.167809","2025-01-03 20:32:00","139.00",5,"2025-01-03 22:58:47.167809","200","8","1"
"3272","2024-08-17 14:27:00","CERRADA","2024-08-17 15:32:27.123464","2024-08-17 14:27:00","369.00",6,"2024-08-17 15:32:27.123464","37","14","1"
"3273","2023-12-31 12:32:00","CERRADA","2023-12-31 13:37:51.464595","2023-12-31 12:32:00","146.00",7,"2023-12-31 13:37:51.464595","189","14","1"
"3274","2023-12-18 14:27:00","CERRADA","2023-12-18 16:06:45.190778","2023-12-18 14:27:00","106.00",3,"2023-12-18 16:06:45.190778","226","4","1"
"3275","2025-05-23 12:43:00","CERRADA","2025-05-23 14:07:00.452676","2025-05-23 12:43:00","213.00",8,"2025-05-23 14:07:00.452676","1","4","1"
"3276","2025-01-28 12:23:00","CERRADA","2025-01-28 13:56:58.833415","2025-01-28 12:23:00","352.00",2,"2025-01-28 13:56:58.833415","287","8","1"
"3277","2023-08-27 14:21:00","CERRADA","2023-08-27 15:59:32.999244","2023-08-27 14:21:00","345.00",2,"2023-08-27 15:59:32.999244","80","1","1"
"3278","2024-11-02 21:36:00","CERRADA","2024-11-02 23:46:20.273973","2024-11-02 21:36:00","156.00",1,"2024-11-02 23:46:20.273973","177","5","1"
"3279","2024-07-17 20:30:00","CERRADA","2024-07-17 21:46:12.753273","2024-07-17 20:30:00","128.00",8,"2024-07-17 21:46:12.753273","108","10","1"
"3280","2023-12-26 13:33:00","CERRADA","2023-12-26 14:59:22.264805","2023-12-26 13:33:00","162.00",1,"2023-12-26 14:59:22.264805","202","4","1"
"3281","2024-08-29 20:59:00","CERRADA","2024-08-29 22:26:07.382951","2024-08-29 20:59:00","167.00",2,"2024-08-29 22:26:07.382951","16","1","1"
"3282","2025-01-03 14:17:00","CERRADA","2025-01-03 16:06:35.848554","2025-01-03 14:17:00","298.00",8,"2025-01-03 16:06:35.848554","144","2","1"
"3283","2025-06-02 00:00:00","CERRADA","2025-06-02 00:00:00","2025-06-02 00:00:00","118.00",8,"2025-06-02 00:00:00","264","10","1"
"3284","2023-08-04 12:08:00","CERRADA","2023-08-04 13:34:56.074217","2023-08-04 12:08:00","167.00",7,"2023-08-04 13:34:56.074217","169","11","1"
"3285","2024-06-27 12:11:00","CERRADA","2024-06-27 13:54:07.865214","2024-06-27 12:11:00","198.00",6,"2024-06-27 13:54:07.865214","1","1","1"
"3286","2024-03-01 21:10:00","CERRADA","2024-03-01 23:42:39.860186","2024-03-01 21:10:00","175.00",1,"2024-03-01 23:42:39.860186","267","10","1"
"3287","2024-08-02 20:51:00","CERRADA","2024-08-02 22:04:46.261024","2024-08-02 20:51:00","251.00",2,"2024-08-02 22:04:46.261024","8","6","1"
"3288","2024-11-22 19:40:00","CERRADA","2024-11-22 21:53:42.32178","2024-11-22 19:40:00","166.00",8,"2024-11-22 21:53:42.32178","298","3","1"
"3289","2024-08-02 19:39:00","CERRADA","2024-08-02 21:17:45.305369","2024-08-02 19:39:00","260.00",4,"2024-08-02 21:17:45.305369","197","13","1"
"3290","2023-08-10 21:35:00","CERRADA","2023-08-10 22:52:54.061914","2023-08-10 21:35:00","239.00",5,"2023-08-10 22:52:54.061914","146","5","1"
"3291","2024-07-07 14:23:00","CERRADA","2024-07-07 15:27:59.177093","2024-07-07 14:23:00","252.00",2,"2024-07-07 15:27:59.177093","203","4","1"
"3292","2024-12-29 19:40:00","CERRADA","2024-12-29 21:50:27.555038","2024-12-29 19:40:00","128.00",2,"2024-12-29 21:50:27.555038","1","14","1"
"3293","2025-02-09 19:00:00","CERRADA","2025-02-09 20:45:59.290396","2025-02-09 19:00:00","174.00",2,"2025-02-09 20:45:59.290396","136","13","1"
"3294","2024-11-01 12:52:00","CERRADA","2024-11-01 15:01:37.160139","2024-11-01 12:52:00","204.00",2,"2024-11-01 15:01:37.160139","234","15","1"
"3295","2024-06-23 13:56:00","CERRADA","2024-06-23 15:32:27.171385","2024-06-23 13:56:00","90.00",6,"2024-06-23 15:32:27.171385","1","3","1"
"3296","2024-08-29 12:17:00","CERRADA","2024-08-29 13:28:11.301888","2024-08-29 12:17:00","302.00",4,"2024-08-29 13:28:11.301888","288","9","1"
"3297","2023-09-23 20:40:00","CERRADA","2023-09-23 21:52:25.694517","2023-09-23 20:40:00","259.00",2,"2023-09-23 21:52:25.694517","1","9","1"
"3298","2025-06-02 00:00:00","CERRADA","2025-06-02 00:00:00","2025-06-02 00:00:00","198.00",2,"2025-06-02 00:00:00","177","15","1"
"3299","2023-07-14 20:47:00","CERRADA","2023-07-14 22:19:59.211462","2023-07-14 20:47:00","179.00",8,"2023-07-14 22:19:59.211462","160","5","1"
"3300","2024-03-31 20:13:00","CERRADA","2024-03-31 21:21:18.304547","2024-03-31 20:13:00","215.00",2,"2024-03-31 21:21:18.304547","199","8","1"
"3301","2024-07-05 13:29:00","CERRADA","2024-07-05 15:08:22.480241","2024-07-05 13:29:00","256.00",6,"2024-07-05 15:08:22.480241","136","13","1"
"3302","2023-07-28 13:13:00","CERRADA","2023-07-28 15:55:56.530355","2023-07-28 13:13:00","63.00",5,"2023-07-28 15:55:56.530355","1","10","1"
"3303","2025-02-24 20:28:00","CERRADA","2025-02-24 21:28:26.711723","2025-02-24 20:28:00","75.00",5,"2025-02-24 21:28:26.711723","1","5","1"
"3304","2025-05-30 20:18:00","CERRADA","2025-05-30 21:28:40.523378","2025-05-30 20:18:00","102.00",2,"2025-05-30 21:28:40.523378","1","4","1"
"3305","2023-08-18 13:10:00","CERRADA","2023-08-18 15:01:11.716552","2023-08-18 13:10:00","93.00",5,"2023-08-18 15:01:11.716552","1","7","1"
"3306","2023-08-07 14:31:00","CERRADA","2023-08-07 17:22:03.3095","2023-08-07 14:31:00","98.00",4,"2023-08-07 17:22:03.3095","1","6","1"
"3307","2023-08-25 19:41:00","CERRADA","2023-08-25 21:20:52.468391","2023-08-25 19:41:00","336.00",1,"2023-08-25 21:20:52.468391","46","11","1"
"3308","2024-01-19 14:01:00","CERRADA","2024-01-19 15:08:22.316452","2024-01-19 14:01:00","174.00",6,"2024-01-19 15:08:22.316452","50","3","1"
"3309","2025-02-07 21:40:00","CERRADA","2025-02-07 23:50:03.923007","2025-02-07 21:40:00","231.00",8,"2025-02-07 23:50:03.923007","268","7","1"
"3310","2024-12-15 13:25:00","CERRADA","2024-12-15 16:01:58.490058","2024-12-15 13:25:00","110.00",5,"2024-12-15 16:01:58.490058","141","9","1"
"3311","2024-08-27 13:41:00","CERRADA","2024-08-27 15:38:39.394758","2024-08-27 13:41:00","425.00",8,"2024-08-27 15:38:39.394758","29","15","1"
"3312","2023-12-25 19:33:00","CERRADA","2023-12-25 20:45:23.496597","2023-12-25 19:33:00","254.00",4,"2023-12-25 20:45:23.496597","160","10","1"
"3313","2023-09-22 12:02:00","CERRADA","2023-09-22 13:35:21.830361","2023-09-22 12:02:00","242.00",8,"2023-09-22 13:35:21.830361","1","2","1"
"3314","2024-03-29 14:21:00","CERRADA","2024-03-29 17:02:54.299115","2024-03-29 14:21:00","109.00",5,"2024-03-29 17:02:54.299115","49","5","1"
"3315","2024-01-26 21:36:00","CERRADA","2024-01-27 00:03:38.960996","2024-01-26 21:36:00","80.00",4,"2024-01-27 00:03:38.960996","145","4","1"
"3316","2024-07-19 19:49:00","CERRADA","2024-07-19 22:10:33.883361","2024-07-19 19:49:00","292.00",6,"2024-07-19 22:10:33.883361","1","15","1"
"3317","2024-07-07 14:39:00","CERRADA","2024-07-07 17:02:22.068854","2024-07-07 14:39:00","202.00",4,"2024-07-07 17:02:22.068854","1","12","1"
"3318","2024-05-24 12:47:00","CERRADA","2024-05-24 15:00:36.649683","2024-05-24 12:47:00","443.00",7,"2024-05-24 15:00:36.649683","94","7","1"
"3319","2024-09-13 14:48:00","CERRADA","2024-09-13 16:39:18.517826","2024-09-13 14:48:00","177.00",2,"2024-09-13 16:39:18.517826","235","4","1"
"3320","2023-12-04 20:52:00","CERRADA","2023-12-04 22:33:52.771074","2023-12-04 20:52:00","345.00",8,"2023-12-04 22:33:52.771074","1","5","1"
"3321","2025-02-28 19:35:00","CERRADA","2025-02-28 21:29:23.292199","2025-02-28 19:35:00","320.00",4,"2025-02-28 21:29:23.292199","170","11","1"
"3322","2024-03-08 19:58:00","CERRADA","2024-03-08 22:11:04.497932","2024-03-08 19:58:00","150.00",4,"2024-03-08 22:11:04.497932","42","15","1"
"3323","2024-06-14 19:55:00","CERRADA","2024-06-14 21:22:28.767605","2024-06-14 19:55:00","259.00",1,"2024-06-14 21:22:28.767605","19","7","1"
"3324","2024-07-05 21:51:00","CERRADA","2024-07-06 00:01:29.625154","2024-07-05 21:51:00","155.00",2,"2024-07-06 00:01:29.625154","66","2","1"
"3325","2024-07-12 20:34:00","CERRADA","2024-07-12 22:57:16.523913","2024-07-12 20:34:00","224.00",5,"2024-07-12 22:57:16.523913","191","13","1"
"3326","2024-06-07 13:38:00","CERRADA","2024-06-07 16:04:04.90053","2024-06-07 13:38:00","304.00",6,"2024-06-07 16:04:04.90053","54","5","1"
"3327","2024-12-06 21:37:00","CERRADA","2024-12-07 00:32:47.126975","2024-12-06 21:37:00","123.00",2,"2024-12-07 00:32:47.126975","69","8","1"
"3328","2024-05-10 19:03:00","CERRADA","2024-05-10 20:03:51.033482","2024-05-10 19:03:00","239.00",1,"2024-05-10 20:03:51.033482","66","10","1"
"3329","2023-08-26 19:04:00","CERRADA","2023-08-26 21:45:31.833414","2023-08-26 19:04:00","72.00",1,"2023-08-26 21:45:31.833414","58","11","1"
"3330","2025-06-02 00:00:00","CERRADA","2025-06-02 00:00:00","2025-06-02 00:00:00","171.00",5,"2025-06-02 00:00:00","289","5","1"
"3331","2024-11-26 19:53:00","CERRADA","2024-11-26 22:01:45.317214","2024-11-26 19:53:00","84.00",4,"2024-11-26 22:01:45.317214","264","3","1"
"3332","2024-10-04 13:04:00","CERRADA","2024-10-04 14:11:21.801467","2024-10-04 13:04:00","210.00",7,"2024-10-04 14:11:21.801467","289","14","1"
"3333","2025-04-24 21:15:00","CERRADA","2025-04-24 23:30:22.533452","2025-04-24 21:15:00","159.00",8,"2025-04-24 23:30:22.533452","272","2","1"
"3334","2023-08-12 12:49:00","CERRADA","2023-08-12 15:47:57.467758","2023-08-12 12:49:00","221.00",7,"2023-08-12 15:47:57.467758","187","6","1"
"3335","2024-01-06 19:52:00","CERRADA","2024-01-06 21:26:29.474304","2024-01-06 19:52:00","269.00",7,"2024-01-06 21:26:29.474304","73","1","1"
"3336","2023-07-07 12:44:00","CERRADA","2023-07-07 14:59:20.097923","2023-07-07 12:44:00","268.00",4,"2023-07-07 14:59:20.097923","34","11","1"
"3337","2024-04-21 12:26:00","CERRADA","2024-04-21 15:07:42.840228","2024-04-21 12:26:00","233.00",4,"2024-04-21 15:07:42.840228","218","9","1"
"3338","2023-11-03 12:45:00","CERRADA","2023-11-03 14:53:35.269235","2023-11-03 12:45:00","400.00",4,"2023-11-03 14:53:35.269235","9","14","1"
"3339","2024-11-29 19:51:00","CERRADA","2024-11-29 21:45:30.340575","2024-11-29 19:51:00","532.00",3,"2024-11-29 21:45:30.340575","93","6","1"
"3340","2024-09-20 20:36:00","CERRADA","2024-09-20 22:14:30.322926","2024-09-20 20:36:00","155.00",4,"2024-09-20 22:14:30.322926","196","15","1"
"3341","2024-04-19 14:16:00","CERRADA","2024-04-19 15:52:09.250418","2024-04-19 14:16:00","292.00",3,"2024-04-19 15:52:09.250418","1","15","1"
"3342","2025-05-22 12:55:00","CERRADA","2025-05-22 15:51:38.36241","2025-05-22 12:55:00","286.00",7,"2025-05-22 15:51:38.36241","129","13","1"
"3343","2024-12-19 21:33:00","CERRADA","2024-12-19 22:35:56.557016","2024-12-19 21:33:00","56.00",4,"2024-12-19 22:35:56.557016","160","13","1"
"3344","2024-04-21 21:50:00","CERRADA","2024-04-22 00:13:18.613808","2024-04-21 21:50:00","152.00",6,"2024-04-22 00:13:18.613808","247","2","1"
"3345","2025-05-17 20:30:00","CERRADA","2025-05-17 23:21:29.313337","2025-05-17 20:30:00","90.00",7,"2025-05-17 23:21:29.313337","1","15","1"
"3346","2025-05-09 14:24:00","CERRADA","2025-05-09 17:18:26.755766","2025-05-09 14:24:00","207.00",2,"2025-05-09 17:18:26.755766","184","10","1"
"3347","2024-07-12 13:12:00","CERRADA","2024-07-12 14:50:52.806364","2024-07-12 13:12:00","132.00",3,"2024-07-12 14:50:52.806364","61","7","1"
"3348","2023-11-28 20:37:00","CERRADA","2023-11-28 22:45:07.972138","2023-11-28 20:37:00","327.00",1,"2023-11-28 22:45:07.972138","276","13","1"
"3349","2025-01-10 19:54:00","CERRADA","2025-01-10 22:03:27.856978","2025-01-10 19:54:00","320.00",8,"2025-01-10 22:03:27.856978","118","12","1"
"3350","2024-07-17 12:04:00","CERRADA","2024-07-17 14:01:32.286816","2024-07-17 12:04:00","188.00",3,"2024-07-17 14:01:32.286816","1","2","1"
"3351","2023-06-16 13:22:00","CERRADA","2023-06-16 15:09:09.203079","2023-06-16 13:22:00","161.00",8,"2023-06-16 15:09:09.203079","202","15","1"
"3352","2023-11-17 21:54:00","CERRADA","2023-11-17 23:13:14.647594","2023-11-17 21:54:00","284.00",2,"2023-11-17 23:13:14.647594","222","2","1"
"3353","2024-12-07 20:44:00","CERRADA","2024-12-07 22:01:32.300633","2024-12-07 20:44:00","342.00",1,"2024-12-07 22:01:32.300633","9","9","1"
"3354","2025-03-21 13:58:00","CERRADA","2025-03-21 16:38:37.635373","2025-03-21 13:58:00","270.00",5,"2025-03-21 16:38:37.635373","1","11","1"
"3355","2025-05-01 12:10:00","CERRADA","2025-05-01 14:26:24.072256","2025-05-01 12:10:00","242.00",8,"2025-05-01 14:26:24.072256","58","1","1"
"3356","2024-12-13 19:08:00","CERRADA","2024-12-13 20:08:47.401181","2024-12-13 19:08:00","51.00",5,"2024-12-13 20:08:47.401181","220","6","1"
"3357","2023-12-27 12:27:00","CERRADA","2023-12-27 14:48:49.524485","2023-12-27 12:27:00","474.00",5,"2023-12-27 14:48:49.524485","13","9","1"
"3358","2025-06-02 00:00:00","CERRADA","2025-06-02 00:00:00","2025-06-02 00:00:00","170.00",4,"2025-06-02 00:00:00","222","13","1"
"3359","2023-08-25 14:44:00","CERRADA","2023-08-25 16:48:31.916383","2023-08-25 14:44:00","374.00",6,"2023-08-25 16:48:31.916383","11","1","1"
"3360","2023-12-01 13:26:00","CERRADA","2023-12-01 14:27:17.294504","2023-12-01 13:26:00","491.00",7,"2023-12-01 14:27:17.294504","67","3","1"
"3361","2023-07-14 13:00:00","CERRADA","2023-07-14 15:24:38.803802","2023-07-14 13:00:00","395.00",6,"2023-07-14 15:24:38.803802","68","4","1"
"3362","2025-03-21 14:51:00","CERRADA","2025-03-21 16:15:33.92195","2025-03-21 14:51:00","121.00",3,"2025-03-21 16:15:33.92195","141","11","1"
"3363","2024-12-27 19:45:00","CERRADA","2024-12-27 21:32:34.046035","2024-12-27 19:45:00","290.00",3,"2024-12-27 21:32:34.046035","224","13","1"
"3364","2024-12-27 12:15:00","CERRADA","2024-12-27 13:39:45.657434","2024-12-27 12:15:00","282.00",7,"2024-12-27 13:39:45.657434","220","10","1"
"3365","2023-08-06 19:25:00","CERRADA","2023-08-06 20:56:40.103022","2023-08-06 19:25:00","153.00",5,"2023-08-06 20:56:40.103022","193","5","1"
"3366","2024-03-25 12:06:00","CERRADA","2024-03-25 13:45:30.224372","2024-03-25 12:06:00","43.00",5,"2024-03-25 13:45:30.224372","17","11","1"
"3367","2023-10-27 21:10:00","CERRADA","2023-10-27 23:11:53.215184","2023-10-27 21:10:00","181.00",5,"2023-10-27 23:11:53.215184","252","7","1"
"3368","2024-06-07 21:39:00","CERRADA","2024-06-08 00:34:43.130733","2024-06-07 21:39:00","146.00",2,"2024-06-08 00:34:43.130733","153","2","1"
"3369","2023-09-11 12:21:00","CERRADA","2023-09-11 15:01:22.49228","2023-09-11 12:21:00","56.00",7,"2023-09-11 15:01:22.49228","295","12","1"
"3370","2025-05-16 20:59:00","CERRADA","2025-05-16 22:04:45.558232","2025-05-16 20:59:00","289.00",4,"2025-05-16 22:04:45.558232","192","3","1"
"3371","2025-03-28 14:58:00","CERRADA","2025-03-28 16:30:31.295511","2025-03-28 14:58:00","218.00",8,"2025-03-28 16:30:31.295511","282","4","1"
"3372","2023-11-27 21:12:00","CERRADA","2023-11-27 23:23:29.863588","2023-11-27 21:12:00","134.00",7,"2023-11-27 23:23:29.863588","158","8","1"
"3373","2024-05-04 14:32:00","CERRADA","2024-05-04 16:54:17.926757","2024-05-04 14:32:00","102.00",2,"2024-05-04 16:54:17.926757","56","2","1"
"3374","2025-05-23 19:02:00","CERRADA","2025-05-23 20:28:31.553311","2025-05-23 19:02:00","66.00",8,"2025-05-23 20:28:31.553311","1","8","1"
"3375","2024-02-02 14:51:00","CERRADA","2024-02-02 17:39:17.348707","2024-02-02 14:51:00","218.00",1,"2024-02-02 17:39:17.348707","1","5","1"
"3376","2025-05-25 20:27:00","CERRADA","2025-05-25 21:35:05.330154","2025-05-25 20:27:00","279.00",1,"2025-05-25 21:35:05.330154","1","9","1"
"3377","2023-10-20 13:23:00","CERRADA","2023-10-20 16:17:52.40404","2023-10-20 13:23:00","320.00",5,"2023-10-20 16:17:52.40404","1","14","1"
"3378","2025-06-02 00:00:00","CERRADA","2025-06-02 00:00:00","2025-06-02 00:00:00","166.00",6,"2025-06-02 00:00:00","153","11","1"
"3379","2023-09-19 20:51:00","CERRADA","2023-09-19 22:56:47.414261","2023-09-19 20:51:00","99.00",2,"2023-09-19 22:56:47.414261","255","10","1"
"3380","2024-08-27 14:49:00","CERRADA","2024-08-27 17:33:09.47092","2024-08-27 14:49:00","143.00",6,"2024-08-27 17:33:09.47092","158","13","1"
"3381","2024-11-29 12:51:00","CERRADA","2024-11-29 15:21:46.891028","2024-11-29 12:51:00","222.00",6,"2024-11-29 15:21:46.891028","201","1","1"
"3382","2023-12-08 19:45:00","CERRADA","2023-12-08 21:47:36.15293","2023-12-08 19:45:00","159.00",3,"2023-12-08 21:47:36.15293","1","11","1"
"3383","2024-11-15 21:47:00","CERRADA","2024-11-15 22:55:26.505407","2024-11-15 21:47:00","186.00",1,"2024-11-15 22:55:26.505407","1","1","1"
"3384","2023-06-09 14:24:00","CERRADA","2023-06-09 17:12:18.027765","2023-06-09 14:24:00","117.00",4,"2023-06-09 17:12:18.027765","297","15","1"
"3385","2025-01-07 20:56:00","CERRADA","2025-01-07 23:39:14.160239","2025-01-07 20:56:00","230.00",4,"2025-01-07 23:39:14.160239","1","12","1"
"3386","2025-06-02 00:00:00","CERRADA","2025-06-02 00:00:00","2025-06-02 00:00:00","196.00",6,"2025-06-02 00:00:00","240","2","1"
"3387","2023-11-03 20:55:00","CERRADA","2023-11-03 23:08:46.340935","2023-11-03 20:55:00","282.00",6,"2023-11-03 23:08:46.340935","1","15","1"
"3388","2024-01-28 21:15:00","CERRADA","2024-01-28 22:21:08.276777","2024-01-28 21:15:00","446.00",5,"2024-01-28 22:21:08.276777","55","9","1"
"3389","2025-06-02 00:00:00","CERRADA","2025-06-02 00:00:00","2025-06-02 00:00:00","110.00",1,"2025-06-02 00:00:00","1","10","1"
"3390","2024-04-19 21:16:00","CERRADA","2024-04-20 00:00:20.747792","2024-04-19 21:16:00","118.00",5,"2024-04-20 00:00:20.747792","154","13","1"
"3391","2024-09-06 13:47:00","CERRADA","2024-09-06 15:38:07.511244","2024-09-06 13:47:00","220.00",1,"2024-09-06 15:38:07.511244","58","14","1"
"3392","2024-04-01 20:06:00","CERRADA","2024-04-01 22:28:43.458702","2024-04-01 20:06:00","167.00",4,"2024-04-01 22:28:43.458702","177","5","1"
"3393","2025-01-15 20:33:00","CERRADA","2025-01-15 22:12:31.606741","2025-01-15 20:33:00","203.00",6,"2025-01-15 22:12:31.606741","134","4","1"
"3394","2024-09-17 20:27:00","CERRADA","2024-09-17 22:10:39.894728","2024-09-17 20:27:00","197.00",1,"2024-09-17 22:10:39.894728","292","12","1"
"3395","2025-04-25 20:04:00","CERRADA","2025-04-25 21:49:24.60012","2025-04-25 20:04:00","190.00",4,"2025-04-25 21:49:24.60012","1","8","1"
"3396","2024-10-14 12:28:00","CERRADA","2024-10-14 14:46:15.514137","2024-10-14 12:28:00","138.00",1,"2024-10-14 14:46:15.514137","113","5","1"
"3397","2023-09-06 13:20:00","CERRADA","2023-09-06 15:38:54.640343","2023-09-06 13:20:00","195.00",7,"2023-09-06 15:38:54.640343","240","8","1"
"3398","2024-07-05 13:45:00","CERRADA","2024-07-05 16:10:23.515347","2024-07-05 13:45:00","713.00",4,"2024-07-05 16:10:23.515347","3","8","1"
"3399","2024-07-26 13:35:00","CERRADA","2024-07-26 15:14:57.82076","2024-07-26 13:35:00","549.00",4,"2024-07-26 15:14:57.82076","8","4","1"
"3400","2024-01-19 13:59:00","CERRADA","2024-01-19 16:37:33.802762","2024-01-19 13:59:00","141.00",3,"2024-01-19 16:37:33.802762","1","12","1"
"3401","2023-11-17 21:45:00","CERRADA","2023-11-17 23:24:43.304812","2023-11-17 21:45:00","260.00",4,"2023-11-17 23:24:43.304812","1","6","1"
"3402","2025-06-02 00:00:00","CERRADA","2025-06-02 00:00:00","2025-06-02 00:00:00","171.00",5,"2025-06-02 00:00:00","232","3","1"
"3403","2023-07-07 14:23:00","CERRADA","2023-07-07 16:04:21.670691","2023-07-07 14:23:00","246.00",6,"2023-07-07 16:04:21.670691","219","13","1"
"3404","2023-07-14 14:04:00","CERRADA","2023-07-14 15:27:20.843333","2023-07-14 14:04:00","285.00",3,"2023-07-14 15:27:20.843333","23","15","1"
"3405","2025-01-03 19:07:00","CERRADA","2025-01-03 21:38:54.993551","2025-01-03 19:07:00","92.00",6,"2025-01-03 21:38:54.993551","1","5","1"
"3406","2025-03-14 12:53:00","CERRADA","2025-03-14 14:43:13.026952","2025-03-14 12:53:00","258.00",2,"2025-03-14 14:43:13.026952","290","4","1"
"3407","2023-11-21 20:41:00","CERRADA","2023-11-21 22:09:25.358129","2023-11-21 20:41:00","103.00",3,"2023-11-21 22:09:25.358129","209","2","1"
"3408","2024-04-05 14:15:00","CERRADA","2024-04-05 16:35:32.616019","2024-04-05 14:15:00","465.00",7,"2024-04-05 16:35:32.616019","15","6","1"
"3409","2024-04-28 14:03:00","CERRADA","2024-04-28 15:18:07.698528","2024-04-28 14:03:00","252.00",6,"2024-04-28 15:18:07.698528","1","6","1"
"3410","2024-10-25 20:51:00","CERRADA","2024-10-25 23:11:39.582377","2024-10-25 20:51:00","224.00",1,"2024-10-25 23:11:39.582377","172","7","1"
"3411","2025-03-28 13:36:00","CERRADA","2025-03-28 16:02:46.858882","2025-03-28 13:36:00","168.00",4,"2025-03-28 16:02:46.858882","1","4","1"
"3412","2024-11-15 13:25:00","CERRADA","2024-11-15 15:32:52.068968","2024-11-15 13:25:00","302.00",1,"2024-11-15 15:32:52.068968","212","1","1"
"3413","2023-12-07 12:36:00","CERRADA","2023-12-07 14:29:17.68283","2023-12-07 12:36:00","373.00",1,"2023-12-07 14:29:17.68283","74","7","1"
"3414","2024-07-19 12:27:00","CERRADA","2024-07-19 14:44:11.867906","2024-07-19 12:27:00","129.00",1,"2024-07-19 14:44:11.867906","1","11","1"
"3415","2024-07-15 13:37:00","CERRADA","2024-07-15 16:18:48.072507","2024-07-15 13:37:00","224.00",2,"2024-07-15 16:18:48.072507","1","1","1"
"3416","2025-06-02 00:00:00","CERRADA","2025-06-02 00:00:00","2025-06-02 00:00:00","225.00",7,"2025-06-02 00:00:00","18","8","1"
"3417","2025-05-04 21:54:00","CERRADA","2025-05-05 00:34:41.372881","2025-05-04 21:54:00","245.00",4,"2025-05-05 00:34:41.372881","101","11","1"
"3418","2025-06-02 00:00:00","CERRADA","2025-06-02 00:00:00","2025-06-02 00:00:00","71.00",7,"2025-06-02 00:00:00","1","3","1"
"3419","2024-12-27 13:41:00","CERRADA","2024-12-27 15:36:35.767406","2024-12-27 13:41:00","155.00",1,"2024-12-27 15:36:35.767406","215","1","1"
"3420","2023-07-28 14:31:00","CERRADA","2023-07-28 16:59:14.434612","2023-07-28 14:31:00","94.00",8,"2023-07-28 16:59:14.434612","1","3","1"
"3421","2024-12-13 13:09:00","CERRADA","2024-12-13 14:28:03.211861","2024-12-13 13:09:00","171.00",3,"2024-12-13 14:28:03.211861","229","13","1"
"3422","2024-08-06 14:16:00","CERRADA","2024-08-06 16:05:54.892343","2024-08-06 14:16:00","583.00",3,"2024-08-06 16:05:54.892343","15","2","1"
"3423","2023-08-20 12:54:00","CERRADA","2023-08-20 15:02:08.650976","2023-08-20 12:54:00","177.00",6,"2023-08-20 15:02:08.650976","259","10","1"
"3424","2025-03-28 14:28:00","CERRADA","2025-03-28 15:46:40.546766","2025-03-28 14:28:00","53.00",1,"2025-03-28 15:46:40.546766","1","14","1"
"3425","2024-09-20 21:16:00","CERRADA","2024-09-20 23:12:18.769657","2024-09-20 21:16:00","68.00",6,"2024-09-20 23:12:18.769657","177","3","1"
"3426","2024-08-30 20:17:00","CERRADA","2024-08-30 22:06:59.334168","2024-08-30 20:17:00","90.00",1,"2024-08-30 22:06:59.334168","276","5","1"
"3427","2024-08-23 20:32:00","CERRADA","2024-08-23 22:44:47.978532","2024-08-23 20:32:00","159.00",1,"2024-08-23 22:44:47.978532","236","13","1"
"3428","2023-12-10 13:32:00","CERRADA","2023-12-10 16:07:35.872167","2023-12-10 13:32:00","204.00",5,"2023-12-10 16:07:35.872167","1","3","1"
"3429","2025-05-26 12:28:00","CERRADA","2025-05-26 13:31:13.289691","2025-05-26 12:28:00","259.00",2,"2025-05-26 13:31:13.289691","207","11","1"
"3430","2023-07-07 19:34:00","CERRADA","2023-07-07 21:35:50.239542","2023-07-07 19:34:00","497.00",7,"2023-07-07 21:35:50.239542","254","2","1"
"3431","2024-06-28 20:53:00","CERRADA","2024-06-28 22:37:07.311954","2024-06-28 20:53:00","363.00",7,"2024-06-28 22:37:07.311954","1","2","1"
"3432","2023-10-06 14:08:00","CERRADA","2023-10-06 16:14:47.839627","2023-10-06 14:08:00","94.00",4,"2023-10-06 16:14:47.839627","240","10","1"
"3433","2023-08-26 12:36:00","CERRADA","2023-08-26 14:48:28.297911","2023-08-26 12:36:00","157.00",5,"2023-08-26 14:48:28.297911","193","11","1"
"3434","2024-12-27 21:07:00","CERRADA","2024-12-27 23:03:33.223947","2024-12-27 21:07:00","49.00",5,"2024-12-27 23:03:33.223947","1","9","1"
"3435","2024-06-14 21:06:00","CERRADA","2024-06-14 23:32:56.624233","2024-06-14 21:06:00","232.00",2,"2024-06-14 23:32:56.624233","206","8","1"
"3436","2024-01-19 20:23:00","CERRADA","2024-01-19 22:50:50.468426","2024-01-19 20:23:00","129.00",5,"2024-01-19 22:50:50.468426","148","1","1"
"3437","2025-03-26 21:03:00","CERRADA","2025-03-26 22:42:18.166193","2025-03-26 21:03:00","158.00",3,"2025-03-26 22:42:18.166193","233","12","1"
"3438","2023-07-24 12:31:00","CERRADA","2023-07-24 14:37:37.924952","2023-07-24 12:31:00","469.00",1,"2023-07-24 14:37:37.924952","19","15","1"
"3439","2023-07-21 20:30:00","CERRADA","2023-07-21 21:49:37.000667","2023-07-21 20:30:00","480.00",6,"2023-07-21 21:49:37.000667","92","1","1"
"3440","2025-06-02 00:00:00","CERRADA","2025-06-02 00:00:00","2025-06-02 00:00:00","159.00",4,"2025-06-02 00:00:00","1","11","1"
"3441","2025-03-02 21:29:00","CERRADA","2025-03-02 23:49:55.960072","2025-03-02 21:29:00","276.00",6,"2025-03-02 23:49:55.960072","1","8","1"
"3442","2025-02-07 21:28:00","CERRADA","2025-02-07 23:57:46.795877","2025-02-07 21:28:00","153.00",4,"2025-02-07 23:57:46.795877","172","11","1"
"3443","2024-06-28 21:16:00","CERRADA","2024-06-28 23:36:16.433214","2024-06-28 21:16:00","276.00",3,"2024-06-28 23:36:16.433214","87","6","1"
"3444","2024-03-22 13:28:00","CERRADA","2024-03-22 15:03:00.389226","2024-03-22 13:28:00","158.00",7,"2024-03-22 15:03:00.389226","146","2","1"
"3445","2023-09-05 13:29:00","CERRADA","2023-09-05 16:21:29.509788","2023-09-05 13:29:00","228.00",6,"2023-09-05 16:21:29.509788","1","13","1"
"3446","2024-08-29 19:47:00","CERRADA","2024-08-29 21:55:48.686613","2024-08-29 19:47:00","49.00",4,"2024-08-29 21:55:48.686613","1","13","1"
"3447","2024-06-28 19:49:00","CERRADA","2024-06-28 22:39:04.080481","2024-06-28 19:49:00","135.00",8,"2024-06-28 22:39:04.080481","1","10","1"
"3448","2024-10-22 19:19:00","CERRADA","2024-10-22 21:30:50.724109","2024-10-22 19:19:00","257.00",6,"2024-10-22 21:30:50.724109","1","6","1"
"3449","2025-02-21 12:17:00","CERRADA","2025-02-21 13:49:44.665135","2025-02-21 12:17:00","218.00",5,"2025-02-21 13:49:44.665135","187","9","1"
"3450","2024-12-17 12:43:00","CERRADA","2024-12-17 14:25:39.490252","2024-12-17 12:43:00","213.00",4,"2024-12-17 14:25:39.490252","265","1","1"
"3451","2024-01-05 13:20:00","CERRADA","2024-01-05 14:37:26.571349","2024-01-05 13:20:00","46.00",7,"2024-01-05 14:37:26.571349","171","1","1"
"3452","2023-12-02 20:23:00","CERRADA","2023-12-02 22:59:04.902021","2023-12-02 20:23:00","293.00",2,"2023-12-02 22:59:04.902021","57","2","1"
"3453","2024-07-26 20:35:00","CERRADA","2024-07-26 22:55:11.846655","2024-07-26 20:35:00","82.00",5,"2024-07-26 22:55:11.846655","1","9","1"
"3454","2023-08-25 19:07:00","CERRADA","2023-08-25 21:07:00.576711","2023-08-25 19:07:00","277.00",3,"2023-08-25 21:07:00.576711","115","14","1"
"3455","2025-04-04 20:00:00","CERRADA","2025-04-04 22:45:18.607758","2025-04-04 20:00:00","100.00",4,"2025-04-04 22:45:18.607758","234","12","1"
"3456","2024-03-01 19:42:00","CERRADA","2024-03-01 22:33:53.477923","2024-03-01 19:42:00","240.00",7,"2024-03-01 22:33:53.477923","81","3","1"
"3457","2025-01-10 19:58:00","CERRADA","2025-01-10 22:33:00.130957","2025-01-10 19:58:00","138.00",3,"2025-01-10 22:33:00.130957","171","5","1"
"3458","2023-08-06 19:43:00","CERRADA","2023-08-06 21:13:38.770506","2023-08-06 19:43:00","169.00",3,"2023-08-06 21:13:38.770506","1","12","1"
"3459","2024-07-05 13:59:00","CERRADA","2024-07-05 15:53:40.803929","2024-07-05 13:59:00","110.00",5,"2024-07-05 15:53:40.803929","145","8","1"
"3460","2025-05-02 13:05:00","CERRADA","2025-05-02 14:36:28.203501","2025-05-02 13:05:00","142.00",5,"2025-05-02 14:36:28.203501","282","15","1"
"3461","2024-12-06 13:39:00","CERRADA","2024-12-06 16:18:51.69423","2024-12-06 13:39:00","169.00",6,"2024-12-06 16:18:51.69423","95","8","1"
"3462","2025-02-25 20:29:00","CERRADA","2025-02-25 22:39:45.698046","2025-02-25 20:29:00","273.00",7,"2025-02-25 22:39:45.698046","230","14","1"
"3463","2024-03-29 19:48:00","CERRADA","2024-03-29 21:23:23.35907","2024-03-29 19:48:00","136.00",6,"2024-03-29 21:23:23.35907","238","8","1"
"3464","2025-06-02 00:00:00","CERRADA","2025-06-02 00:00:00","2025-06-02 00:00:00","104.00",2,"2025-06-02 00:00:00","144","1","1"
"3465","2025-02-07 14:42:00","CERRADA","2025-02-07 17:40:55.5337","2025-02-07 14:42:00","269.00",6,"2025-02-07 17:40:55.5337","1","1","1"
"3466","2024-12-16 12:07:00","CERRADA","2024-12-16 13:25:22.976695","2024-12-16 12:07:00","176.00",4,"2024-12-16 13:25:22.976695","1","10","1"
"3467","2024-10-04 21:22:00","CERRADA","2024-10-04 23:10:51.289626","2024-10-04 21:22:00","313.00",5,"2024-10-04 23:10:51.289626","272","5","1"
"3468","2024-07-26 21:08:00","CERRADA","2024-07-26 23:32:08.860105","2024-07-26 21:08:00","94.00",6,"2024-07-26 23:32:08.860105","1","2","1"
"3469","2023-06-30 14:33:00","CERRADA","2023-06-30 15:36:37.843162","2023-06-30 14:33:00","356.00",8,"2023-06-30 15:36:37.843162","33","13","1"
"3470","2023-07-07 21:59:00","CERRADA","2023-07-07 23:34:56.465269","2023-07-07 21:59:00","220.00",7,"2023-07-07 23:34:56.465269","120","2","1"
"3471","2025-04-25 21:45:00","CERRADA","2025-04-26 00:15:03.281892","2025-04-25 21:45:00","92.00",8,"2025-04-26 00:15:03.281892","111","14","1"
"3472","2024-03-22 14:26:00","CERRADA","2024-03-22 15:48:33.981732","2024-03-22 14:26:00","110.00",3,"2024-03-22 15:48:33.981732","276","7","1"
"3473","2024-12-05 13:35:00","CERRADA","2024-12-05 16:23:29.367737","2024-12-05 13:35:00","329.00",2,"2024-12-05 16:23:29.367737","55","3","1"
"3474","2024-08-02 14:22:00","CERRADA","2024-08-02 16:36:42.596855","2024-08-02 14:22:00","182.00",7,"2024-08-02 16:36:42.596855","26","15","1"
"3475","2024-01-26 14:05:00","CERRADA","2024-01-26 16:07:44.774426","2024-01-26 14:05:00","282.00",7,"2024-01-26 16:07:44.774426","264","7","1"
"3476","2024-05-17 21:33:00","CERRADA","2024-05-17 23:57:35.228988","2024-05-17 21:33:00","308.00",3,"2024-05-17 23:57:35.228988","284","11","1"
"3477","2025-02-21 21:38:00","CERRADA","2025-02-21 23:41:06.999415","2025-02-21 21:38:00","228.00",6,"2025-02-21 23:41:06.999415","23","15","1"
"3478","2025-05-11 19:56:00","CERRADA","2025-05-11 21:00:19.224093","2025-05-11 19:56:00","102.00",3,"2025-05-11 21:00:19.224093","276","9","1"
"3479","2025-04-25 20:55:00","CERRADA","2025-04-25 23:43:33.420231","2025-04-25 20:55:00","96.00",4,"2025-04-25 23:43:33.420231","126","2","1"
"3480","2023-06-23 19:33:00","CERRADA","2023-06-23 21:25:22.647313","2023-06-23 19:33:00","503.00",3,"2023-06-23 21:25:22.647313","87","4","1"
"3481","2024-12-13 20:44:00","CERRADA","2024-12-13 23:03:36.496363","2024-12-13 20:44:00","342.00",8,"2024-12-13 23:03:36.496363","228","15","1"
"3482","2024-06-23 13:00:00","CERRADA","2024-06-23 15:00:41.896587","2024-06-23 13:00:00","154.00",8,"2024-06-23 15:00:41.896587","243","3","1"
"3483","2024-12-08 12:26:00","CERRADA","2024-12-08 13:47:50.376298","2024-12-08 12:26:00","175.00",4,"2024-12-08 13:47:50.376298","1","8","1"
"3484","2025-03-14 14:57:00","CERRADA","2025-03-14 16:48:02.036375","2025-03-14 14:57:00","240.00",6,"2025-03-14 16:48:02.036375","115","5","1"
"3485","2024-10-25 12:16:00","CERRADA","2024-10-25 13:55:40.259937","2024-10-25 12:16:00","141.00",8,"2024-10-25 13:55:40.259937","68","14","1"
"3486","2024-08-12 13:47:00","CERRADA","2024-08-12 16:03:19.404205","2024-08-12 13:47:00","178.00",8,"2024-08-12 16:03:19.404205","184","12","1"
"3487","2024-12-02 13:50:00","CERRADA","2024-12-02 15:20:32.930984","2024-12-02 13:50:00","103.00",6,"2024-12-02 15:20:32.930984","1","3","1"
"3488","2024-05-17 20:38:00","CERRADA","2024-05-17 23:05:10.405898","2024-05-17 20:38:00","147.00",6,"2024-05-17 23:05:10.405898","1","3","1"
"3489","2024-07-13 19:30:00","CERRADA","2024-07-13 22:26:31.675109","2024-07-13 19:30:00","567.00",8,"2024-07-13 22:26:31.675109","116","10","1"
"3490","2025-06-02 00:00:00","CERRADA","2025-06-02 00:00:00","2025-06-02 00:00:00","455.00",7,"2025-06-02 00:00:00","37","6","1"
"3491","2024-08-25 20:42:00","CERRADA","2024-08-25 23:33:17.511257","2024-08-25 20:42:00","112.00",6,"2024-08-25 23:33:17.511257","1","14","1"
"3492","2024-07-05 21:10:00","CERRADA","2024-07-05 22:44:00.649056","2024-07-05 21:10:00","124.00",4,"2024-07-05 22:44:00.649056","222","8","1"
"3493","2025-06-02 00:00:00","CERRADA","2025-06-02 00:00:00","2025-06-02 00:00:00","101.00",8,"2025-06-02 00:00:00","182","9","1"
"3494","2023-08-17 12:40:00","CERRADA","2023-08-17 14:46:37.141685","2023-08-17 12:40:00","81.00",5,"2023-08-17 14:46:37.141685","162","10","1"
"3495","2023-07-21 20:32:00","CERRADA","2023-07-21 21:35:28.338155","2023-07-21 20:32:00","300.00",3,"2023-07-21 21:35:28.338155","32","2","1"
"3496","2024-08-21 19:35:00","CERRADA","2024-08-21 21:49:56.791115","2024-08-21 19:35:00","261.00",2,"2024-08-21 21:49:56.791115","260","8","1"
"3497","2023-07-14 12:23:00","CERRADA","2023-07-14 15:01:13.988293","2023-07-14 12:23:00","209.00",2,"2023-07-14 15:01:13.988293","282","13","1"
"3498","2024-12-03 21:28:00","CERRADA","2024-12-03 23:26:55.215595","2024-12-03 21:28:00","68.00",4,"2024-12-03 23:26:55.215595","145","14","1"
"3499","2024-06-28 20:23:00","CERRADA","2024-06-28 22:18:31.295641","2024-06-28 20:23:00","36.00",6,"2024-06-28 22:18:31.295641","237","2","1"
"3500","2024-05-28 14:39:00","CERRADA","2024-05-28 16:47:24.305043","2024-05-28 14:39:00","108.00",5,"2024-05-28 16:47:24.305043","1","11","1"
"3501","2024-12-28 19:08:00","CERRADA","2024-12-28 21:15:34.644122","2024-12-28 19:08:00","86.00",6,"2024-12-28 21:15:34.644122","1","1","1"
"3502","2024-11-15 14:57:00","CERRADA","2024-11-15 16:05:55.008031","2024-11-15 14:57:00","156.00",5,"2024-11-15 16:05:55.008031","228","2","1"
"3503","2023-10-14 14:09:00","CERRADA","2023-10-14 16:46:04.836799","2023-10-14 14:09:00","156.00",6,"2023-10-14 16:46:04.836799","178","3","1"
"3504","2023-08-18 12:39:00","CERRADA","2023-08-18 14:54:29.896852","2023-08-18 12:39:00","113.00",3,"2023-08-18 14:54:29.896852","234","15","1"
"3505","2024-07-18 12:51:00","CERRADA","2024-07-18 14:15:32.468271","2024-07-18 12:51:00","54.00",6,"2024-07-18 14:15:32.468271","155","14","1"
"3506","2024-09-28 14:29:00","CERRADA","2024-09-28 15:53:17.864554","2024-09-28 14:29:00","50.00",3,"2024-09-28 15:53:17.864554","1","11","1"
"3507","2023-08-04 21:54:00","CERRADA","2023-08-04 23:23:02.201194","2023-08-04 21:54:00","163.00",5,"2023-08-04 23:23:02.201194","282","3","1"
"3508","2024-12-19 21:11:00","CERRADA","2024-12-19 23:20:55.796739","2024-12-19 21:11:00","375.00",3,"2024-12-19 23:20:55.796739","48","13","1"
"3509","2024-03-24 12:36:00","CERRADA","2024-03-24 14:06:03.70435","2024-03-24 12:36:00","254.00",4,"2024-03-24 14:06:03.70435","1","7","1"
"3510","2024-06-06 14:30:00","CERRADA","2024-06-06 16:38:36.053706","2024-06-06 14:30:00","204.00",1,"2024-06-06 16:38:36.053706","47","14","1"
"3511","2024-03-17 14:05:00","CERRADA","2024-03-17 15:21:21.32741","2024-03-17 14:05:00","371.00",1,"2024-03-17 15:21:21.32741","33","12","1"
"3512","2024-12-03 20:05:00","CERRADA","2024-12-03 22:59:34.645202","2024-12-03 20:05:00","162.00",3,"2024-12-03 22:59:34.645202","1","4","1"
"3513","2024-01-26 14:30:00","CERRADA","2024-01-26 15:38:14.332956","2024-01-26 14:30:00","376.00",5,"2024-01-26 15:38:14.332956","1","4","1"
"3514","2024-09-20 13:31:00","CERRADA","2024-09-20 14:59:42.359721","2024-09-20 13:31:00","55.00",3,"2024-09-20 14:59:42.359721","223","12","1"
"3515","2023-07-03 21:45:00","CERRADA","2023-07-03 23:09:27.477349","2023-07-03 21:45:00","203.00",2,"2023-07-03 23:09:27.477349","1","2","1"
"3516","2024-03-29 12:10:00","CERRADA","2024-03-29 14:24:10.097261","2024-03-29 12:10:00","221.00",2,"2024-03-29 14:24:10.097261","116","1","1"
"3517","2025-01-17 14:10:00","CERRADA","2025-01-17 15:32:35.44253","2025-01-17 14:10:00","49.00",2,"2025-01-17 15:32:35.44253","1","1","1"
"3518","2024-11-08 13:20:00","CERRADA","2024-11-08 15:07:06.39663","2024-11-08 13:20:00","151.00",1,"2024-11-08 15:07:06.39663","1","2","1"
"3519","2023-11-10 21:25:00","CERRADA","2023-11-10 23:23:41.203944","2023-11-10 21:25:00","235.00",8,"2023-11-10 23:23:41.203944","107","2","1"
"3520","2024-10-11 13:44:00","CERRADA","2024-10-11 15:49:44.561929","2024-10-11 13:44:00","139.00",2,"2024-10-11 15:49:44.561929","1","15","1"
"3521","2024-03-29 12:07:00","CERRADA","2024-03-29 13:35:42.079775","2024-03-29 12:07:00","514.00",8,"2024-03-29 13:35:42.079775","60","15","1"
"3522","2024-08-06 19:01:00","CERRADA","2024-08-06 21:55:58.67734","2024-08-06 19:01:00","123.00",4,"2024-08-06 21:55:58.67734","83","1","1"
"3523","2024-05-24 19:22:00","CERRADA","2024-05-24 21:52:08.130242","2024-05-24 19:22:00","169.00",7,"2024-05-24 21:52:08.130242","267","8","1"
"3524","2023-08-18 13:07:00","CERRADA","2023-08-18 14:54:19.492358","2023-08-18 13:07:00","290.00",4,"2023-08-18 14:54:19.492358","237","3","1"
"3525","2025-06-02 00:00:00","CERRADA","2025-06-02 00:00:00","2025-06-02 00:00:00","266.00",8,"2025-06-02 00:00:00","1","11","1"
"3526","2023-12-11 19:55:00","CERRADA","2023-12-11 22:27:34.700171","2023-12-11 19:55:00","116.00",1,"2023-12-11 22:27:34.700171","227","14","1"
"3527","2023-06-30 14:25:00","CERRADA","2023-06-30 17:14:40.781075","2023-06-30 14:25:00","140.00",8,"2023-06-30 17:14:40.781075","206","14","1"
"3528","2025-05-04 13:49:00","CERRADA","2025-05-04 15:18:44.293854","2025-05-04 13:49:00","32.00",7,"2025-05-04 15:18:44.293854","1","7","1"
"3529","2023-09-20 12:50:00","CERRADA","2023-09-20 13:53:10.281679","2023-09-20 12:50:00","254.00",8,"2023-09-20 13:53:10.281679","32","1","1"
"3530","2024-12-27 13:19:00","CERRADA","2024-12-27 14:44:51.546541","2024-12-27 13:19:00","516.00",1,"2024-12-27 14:44:51.546541","35","5","1"
"3531","2024-03-29 21:33:00","CERRADA","2024-03-29 23:39:14.827777","2024-03-29 21:33:00","129.00",8,"2024-03-29 23:39:14.827777","209","6","1"
"3532","2024-12-10 19:11:00","CERRADA","2024-12-10 20:28:03.412596","2024-12-10 19:11:00","479.00",8,"2024-12-10 20:28:03.412596","89","4","1"
"3533","2025-05-09 21:17:00","CERRADA","2025-05-09 22:59:43.709199","2025-05-09 21:17:00","42.00",3,"2025-05-09 22:59:43.709199","1","6","1"
"3534","2025-02-26 19:50:00","CERRADA","2025-02-26 20:52:52.268895","2025-02-26 19:50:00","95.00",4,"2025-02-26 20:52:52.268895","1","2","1"
"3535","2024-02-02 13:35:00","CERRADA","2024-02-02 16:00:15.129688","2024-02-02 13:35:00","84.00",3,"2024-02-02 16:00:15.129688","161","9","1"
"3536","2023-10-28 12:16:00","CERRADA","2023-10-28 14:39:22.970154","2023-10-28 12:16:00","263.00",4,"2023-10-28 14:39:22.970154","290","14","1"
"3537","2024-08-02 20:27:00","CERRADA","2024-08-02 22:55:33.990756","2024-08-02 20:27:00","172.00",5,"2024-08-02 22:55:33.990756","226","6","1"
"3538","2024-07-12 13:02:00","CERRADA","2024-07-12 14:50:02.338083","2024-07-12 13:02:00","169.00",2,"2024-07-12 14:50:02.338083","1","5","1"
"3539","2025-01-10 12:16:00","CERRADA","2025-01-10 13:59:00.121807","2025-01-10 12:16:00","204.00",3,"2025-01-10 13:59:00.121807","172","6","1"
"3540","2024-08-08 13:34:00","CERRADA","2024-08-08 14:47:31.726823","2024-08-08 13:34:00","299.00",2,"2024-08-08 14:47:31.726823","264","2","1"
"3541","2023-08-11 12:06:00","CERRADA","2023-08-11 13:42:49.793278","2023-08-11 12:06:00","418.00",7,"2023-08-11 13:42:49.793278","111","12","1"
"3542","2024-06-21 13:25:00","CERRADA","2024-06-21 15:54:49.313261","2024-06-21 13:25:00","67.00",4,"2024-06-21 15:54:49.313261","1","14","1"
"3543","2025-05-28 14:58:00","CERRADA","2025-05-28 16:28:59.071479","2025-05-28 14:58:00","84.00",6,"2025-05-28 16:28:59.071479","172","6","1"
"3544","2024-07-28 19:28:00","CERRADA","2024-07-28 20:38:44.43494","2024-07-28 19:28:00","106.00",4,"2024-07-28 20:38:44.43494","1","9","1"
"3545","2025-04-25 14:21:00","CERRADA","2025-04-25 17:02:42.717066","2025-04-25 14:21:00","262.00",5,"2025-04-25 17:02:42.717066","15","4","1"
"3546","2023-07-07 12:05:00","CERRADA","2023-07-07 14:17:07.010444","2023-07-07 12:05:00","113.00",7,"2023-07-07 14:17:07.010444","212","13","1"
"3547","2023-11-02 19:51:00","CERRADA","2023-11-02 22:01:26.723643","2023-11-02 19:51:00","328.00",8,"2023-11-02 22:01:26.723643","72","3","1"
"3548","2025-05-09 19:47:00","CERRADA","2025-05-09 22:31:40.465461","2025-05-09 19:47:00","85.00",3,"2025-05-09 22:31:40.465461","1","11","1"
"3549","2025-06-02 00:00:00","CERRADA","2025-06-02 00:00:00","2025-06-02 00:00:00","289.00",6,"2025-06-02 00:00:00","273","4","1"
"3550","2025-02-14 14:02:00","CERRADA","2025-02-14 16:07:13.8897","2025-02-14 14:02:00","321.00",1,"2025-02-14 16:07:13.8897","101","5","1"
"3551","2023-06-23 21:16:00","CERRADA","2023-06-23 23:23:26.205011","2023-06-23 21:16:00","365.00",5,"2023-06-23 23:23:26.205011","212","13","1"
"3552","2023-07-07 19:59:00","CERRADA","2023-07-07 22:07:26.969815","2023-07-07 19:59:00","142.00",8,"2023-07-07 22:07:26.969815","244","14","1"
"3553","2024-04-09 14:16:00","CERRADA","2024-04-09 15:50:12.603558","2024-04-09 14:16:00","149.00",2,"2024-04-09 15:50:12.603558","297","6","1"
"3554","2024-12-29 21:30:00","CERRADA","2024-12-30 00:11:06.499956","2024-12-29 21:30:00","239.00",6,"2024-12-30 00:11:06.499956","1","7","1"
"3555","2023-07-13 12:07:00","CERRADA","2023-07-13 13:56:47.323378","2023-07-13 12:07:00","137.00",7,"2023-07-13 13:56:47.323378","183","14","1"
"3556","2025-06-02 00:00:00","CERRADA","2025-06-02 00:00:00","2025-06-02 00:00:00","86.00",2,"2025-06-02 00:00:00","1","15","1"
"3557","2024-08-02 21:13:00","CERRADA","2024-08-02 23:19:05.780205","2024-08-02 21:13:00","204.00",3,"2024-08-02 23:19:05.780205","165","10","1"
"3558","2024-11-09 21:43:00","CERRADA","2024-11-10 00:25:16.145034","2024-11-09 21:43:00","138.00",5,"2024-11-10 00:25:16.145034","1","7","1"
"3559","2024-12-22 21:45:00","CERRADA","2024-12-22 23:59:45.329941","2024-12-22 21:45:00","96.00",8,"2024-12-22 23:59:45.329941","229","1","1"
"3560","2023-08-17 14:55:00","CERRADA","2023-08-17 17:54:53.32971","2023-08-17 14:55:00","96.00",7,"2023-08-17 17:54:53.32971","174","8","1"
"3561","2024-12-27 14:11:00","CERRADA","2024-12-27 16:26:03.695907","2024-12-27 14:11:00","162.00",5,"2024-12-27 16:26:03.695907","1","10","1"
"3562","2024-04-17 20:12:00","CERRADA","2024-04-17 22:28:47.328498","2024-04-17 20:12:00","126.00",4,"2024-04-17 22:28:47.328498","1","14","1"
"3563","2025-06-02 00:00:00","CERRADA","2025-06-02 00:00:00","2025-06-02 00:00:00","111.00",8,"2025-06-02 00:00:00","275","13","1"
"3564","2024-07-30 21:29:00","CERRADA","2024-07-31 00:23:04.215902","2024-07-30 21:29:00","341.00",3,"2024-07-31 00:23:04.215902","108","1","1"
"3565","2023-08-07 19:02:00","CERRADA","2023-08-07 21:23:00.977584","2023-08-07 19:02:00","124.00",3,"2023-08-07 21:23:00.977584","44","6","1"
"3566","2024-08-13 12:04:00","CERRADA","2024-08-13 13:40:05.016725","2024-08-13 12:04:00","79.00",1,"2024-08-13 13:40:05.016725","144","2","1"
"3567","2023-09-15 13:03:00","CERRADA","2023-09-15 15:33:59.389288","2023-09-15 13:03:00","356.00",2,"2023-09-15 15:33:59.389288","132","7","1"
"3568","2024-10-18 21:33:00","CERRADA","2024-10-19 00:23:04.172885","2024-10-18 21:33:00","102.00",5,"2024-10-19 00:23:04.172885","157","3","1"
"3569","2025-05-30 21:42:00","CERRADA","2025-05-30 23:39:56.539473","2025-05-30 21:42:00","287.00",6,"2025-05-30 23:39:56.539473","1","13","1"
"3570","2023-08-04 12:40:00","CERRADA","2023-08-04 13:57:38.627522","2023-08-04 12:40:00","240.00",1,"2023-08-04 13:57:38.627522","255","8","1"
"3571","2023-11-10 20:53:00","CERRADA","2023-11-10 21:56:41.718561","2023-11-10 20:53:00","72.00",2,"2023-11-10 21:56:41.718561","173","15","1"
"3572","2024-07-26 12:39:00","CERRADA","2024-07-26 14:28:05.516789","2024-07-26 12:39:00","139.00",3,"2024-07-26 14:28:05.516789","1","13","1"
"3573","2024-06-05 20:13:00","CERRADA","2024-06-05 22:52:28.402178","2024-06-05 20:13:00","125.00",7,"2024-06-05 22:52:28.402178","11","3","1"
"3574","2024-07-26 21:33:00","CERRADA","2024-07-26 22:49:01.899857","2024-07-26 21:33:00","179.00",2,"2024-07-26 22:49:01.899857","186","8","1"
"3575","2023-12-12 12:53:00","CERRADA","2023-12-12 15:23:50.492571","2023-12-12 12:53:00","316.00",1,"2023-12-12 15:23:50.492571","2","14","1"
"3576","2024-02-09 20:40:00","CERRADA","2024-02-09 22:41:27.23449","2024-02-09 20:40:00","386.00",1,"2024-02-09 22:41:27.23449","12","8","1"
"3577","2023-11-17 21:02:00","CERRADA","2023-11-17 23:10:28.600901","2023-11-17 21:02:00","287.00",4,"2023-11-17 23:10:28.600901","224","13","1"
"3578","2024-03-08 21:44:00","CERRADA","2024-03-09 00:06:59.26464","2024-03-08 21:44:00","125.00",4,"2024-03-09 00:06:59.26464","1","9","1"
"3579","2024-07-25 19:22:00","CERRADA","2024-07-25 20:29:06.709298","2024-07-25 19:22:00","150.00",8,"2024-07-25 20:29:06.709298","157","9","1"
"3580","2024-05-17 19:30:00","CERRADA","2024-05-17 21:17:25.204033","2024-05-17 19:30:00","195.00",5,"2024-05-17 21:17:25.204033","148","11","1"
"3581","2024-11-01 14:31:00","CERRADA","2024-11-01 16:28:11.729074","2024-11-01 14:31:00","139.00",3,"2024-11-01 16:28:11.729074","47","13","1"
"3582","2024-05-08 12:11:00","CERRADA","2024-05-08 14:03:29.735801","2024-05-08 12:11:00","712.00",5,"2024-05-08 14:03:29.735801","22","4","1"
"3583","2023-10-08 14:22:00","CERRADA","2023-10-08 15:42:37.179581","2023-10-08 14:22:00","230.00",4,"2023-10-08 15:42:37.179581","117","1","1"
"3584","2024-02-09 12:29:00","CERRADA","2024-02-09 14:59:25.097418","2024-02-09 12:29:00","106.00",4,"2024-02-09 14:59:25.097418","1","8","1"
"3585","2024-12-28 14:09:00","CERRADA","2024-12-28 16:26:40.532041","2024-12-28 14:09:00","80.00",1,"2024-12-28 16:26:40.532041","1","13","1"
"3586","2024-06-14 20:12:00","CERRADA","2024-06-14 22:09:51.751451","2024-06-14 20:12:00","108.00",8,"2024-06-14 22:09:51.751451","206","12","1"
"3587","2024-01-05 19:38:00","CERRADA","2024-01-05 22:29:41.065844","2024-01-05 19:38:00","249.00",6,"2024-01-05 22:29:41.065844","14","1","1"
"3588","2024-12-10 14:44:00","CERRADA","2024-12-10 16:32:01.77723","2024-12-10 14:44:00","320.00",4,"2024-12-10 16:32:01.77723","254","7","1"
"3589","2024-09-20 13:31:00","CERRADA","2024-09-20 15:51:54.019735","2024-09-20 13:31:00","98.00",4,"2024-09-20 15:51:54.019735","1","13","1"
"3590","2023-07-14 19:52:00","CERRADA","2023-07-14 22:24:01.1242","2023-07-14 19:52:00","306.00",2,"2023-07-14 22:24:01.1242","298","4","1"
"3591","2023-07-25 13:47:00","CERRADA","2023-07-25 15:40:29.550298","2023-07-25 13:47:00","378.00",5,"2023-07-25 15:40:29.550298","29","1","1"
"3592","2025-05-02 20:13:00","CERRADA","2025-05-02 22:17:00.301159","2025-05-02 20:13:00","544.00",4,"2025-05-02 22:17:00.301159","99","4","1"
"3593","2025-03-28 12:17:00","CERRADA","2025-03-28 14:12:46.12807","2025-03-28 12:17:00","323.00",6,"2025-03-28 14:12:46.12807","44","3","1"
"3594","2025-05-05 19:36:00","CERRADA","2025-05-05 21:55:02.820725","2025-05-05 19:36:00","120.00",6,"2025-05-05 21:55:02.820725","270","13","1"
"3595","2025-05-30 21:09:00","CERRADA","2025-05-30 22:20:30.1854","2025-05-30 21:09:00","200.00",6,"2025-05-30 22:20:30.1854","199","5","1"
"3596","2024-08-18 12:20:00","CERRADA","2024-08-18 13:44:45.062083","2024-08-18 12:20:00","107.00",4,"2024-08-18 13:44:45.062083","278","13","1"
"3597","2024-11-22 14:46:00","CERRADA","2024-11-22 17:41:23.184986","2024-11-22 14:46:00","223.00",7,"2024-11-22 17:41:23.184986","232","4","1"
"3598","2024-01-14 20:29:00","CERRADA","2024-01-14 23:18:38.678186","2024-01-14 20:29:00","311.00",1,"2024-01-14 23:18:38.678186","286","4","1"
"3599","2025-04-25 12:15:00","CERRADA","2025-04-25 13:34:47.862133","2025-04-25 12:15:00","259.00",4,"2025-04-25 13:34:47.862133","267","14","1"
"3600","2024-05-20 21:43:00","CERRADA","2024-05-21 00:10:17.88643","2024-05-20 21:43:00","355.00",7,"2024-05-21 00:10:17.88643","193","13","1"
"3601","2024-08-19 20:25:00","CERRADA","2024-08-19 22:41:32.854625","2024-08-19 20:25:00","607.00",7,"2024-08-19 22:41:32.854625","7","7","1"
"3602","2024-01-16 19:05:00","CERRADA","2024-01-16 21:49:29.99409","2024-01-16 19:05:00","61.00",8,"2024-01-16 21:49:29.99409","1","7","1"
"3603","2024-02-09 21:39:00","CERRADA","2024-02-09 22:49:40.993822","2024-02-09 21:39:00","172.00",7,"2024-02-09 22:49:40.993822","1","10","1"
"3604","2023-12-08 19:10:00","CERRADA","2023-12-08 20:28:19.468433","2023-12-08 19:10:00","140.00",6,"2023-12-08 20:28:19.468433","120","9","1"
"3605","2024-02-04 13:36:00","CERRADA","2024-02-04 15:57:11.983498","2024-02-04 13:36:00","75.00",7,"2024-02-04 15:57:11.983498","291","13","1"
"3606","2025-06-02 00:00:00","CERRADA","2025-06-02 00:00:00","2025-06-02 00:00:00","346.00",6,"2025-06-02 00:00:00","133","10","1"
"3607","2023-12-22 19:13:00","CERRADA","2023-12-22 20:16:45.441924","2023-12-22 19:13:00","182.00",6,"2023-12-22 20:16:45.441924","187","7","1"
"3608","2024-09-22 19:14:00","CERRADA","2024-09-22 21:35:56.853354","2024-09-22 19:14:00","675.00",3,"2024-09-22 21:35:56.853354","48","1","1"
"3609","2025-06-02 00:00:00","CERRADA","2025-06-02 00:00:00","2025-06-02 00:00:00","404.00",7,"2025-06-02 00:00:00","1","6","1"
"3610","2025-01-03 19:42:00","CERRADA","2025-01-03 21:28:58.346197","2025-01-03 19:42:00","66.00",5,"2025-01-03 21:28:58.346197","260","8","1"
"3611","2023-07-06 20:27:00","CERRADA","2023-07-06 22:14:33.578874","2023-07-06 20:27:00","339.00",2,"2023-07-06 22:14:33.578874","1","10","1"
"3612","2023-12-31 19:19:00","CERRADA","2023-12-31 20:55:30.288927","2023-12-31 19:19:00","293.00",8,"2023-12-31 20:55:30.288927","1","1","1"
"3613","2025-04-18 14:40:00","CERRADA","2025-04-18 17:32:44.004847","2025-04-18 14:40:00","114.00",4,"2025-04-18 17:32:44.004847","1","13","1"
"3614","2025-02-22 19:06:00","CERRADA","2025-02-22 21:56:12.891559","2025-02-22 19:06:00","201.00",1,"2025-02-22 21:56:12.891559","222","13","1"
"3615","2023-06-16 13:45:00","CERRADA","2023-06-16 15:17:37.681136","2023-06-16 13:45:00","219.00",2,"2023-06-16 15:17:37.681136","189","11","1"
"3616","2024-02-18 21:14:00","CERRADA","2024-02-18 23:18:44.845578","2024-02-18 21:14:00","307.00",5,"2024-02-18 23:18:44.845578","296","14","1"
"3617","2025-05-30 20:01:00","CERRADA","2025-05-30 22:20:06.102458","2025-05-30 20:01:00","152.00",1,"2025-05-30 22:20:06.102458","1","15","1"
"3618","2024-12-20 14:47:00","CERRADA","2024-12-20 16:40:55.391581","2024-12-20 14:47:00","329.00",2,"2024-12-20 16:40:55.391581","178","15","1"
"3619","2024-08-30 14:02:00","CERRADA","2024-08-30 16:14:44.857265","2024-08-30 14:02:00","225.00",4,"2024-08-30 16:14:44.857265","272","15","1"
"3620","2024-08-01 12:09:00","CERRADA","2024-08-01 13:37:46.154282","2024-08-01 12:09:00","99.00",4,"2024-08-01 13:37:46.154282","165","10","1"
"3621","2024-03-15 21:10:00","CERRADA","2024-03-15 22:41:49.567537","2024-03-15 21:10:00","168.00",7,"2024-03-15 22:41:49.567537","294","11","1"
"3622","2024-11-29 12:11:00","CERRADA","2024-11-29 14:49:25.783677","2024-11-29 12:11:00","113.00",5,"2024-11-29 14:49:25.783677","120","6","1"
"3623","2024-12-01 12:13:00","CERRADA","2024-12-01 13:52:36.845841","2024-12-01 12:13:00","359.00",4,"2024-12-01 13:52:36.845841","201","1","1"
"3624","2023-06-02 12:13:00","CERRADA","2023-06-02 14:10:13.963773","2023-06-02 12:13:00","264.00",7,"2023-06-02 14:10:13.963773","150","7","1"
"3625","2025-01-24 12:27:00","CERRADA","2025-01-24 13:36:43.65926","2025-01-24 12:27:00","231.00",7,"2025-01-24 13:36:43.65926","143","8","1"
"3626","2025-01-10 14:22:00","CERRADA","2025-01-10 16:28:08.99379","2025-01-10 14:22:00","153.00",4,"2025-01-10 16:28:08.99379","175","1","1"
"3627","2025-03-21 12:50:00","CERRADA","2025-03-21 15:29:25.544109","2025-03-21 12:50:00","344.00",2,"2025-03-21 15:29:25.544109","259","12","1"
"3628","2024-12-12 19:45:00","CERRADA","2024-12-12 22:10:48.883366","2024-12-12 19:45:00","218.00",4,"2024-12-12 22:10:48.883366","268","10","1"
"3629","2024-11-15 12:10:00","CERRADA","2024-11-15 14:20:20.070845","2024-11-15 12:10:00","220.00",4,"2024-11-15 14:20:20.070845","53","14","1"
"3630","2024-11-15 12:04:00","CERRADA","2024-11-15 13:26:07.388058","2024-11-15 12:04:00","136.00",4,"2024-11-15 13:26:07.388058","1","8","1"
"3631","2023-08-06 20:03:00","CERRADA","2023-08-06 21:49:10.321767","2023-08-06 20:03:00","106.00",8,"2023-08-06 21:49:10.321767","183","14","1"
"3632","2025-02-07 20:07:00","CERRADA","2025-02-07 21:29:45.787907","2025-02-07 20:07:00","209.00",2,"2025-02-07 21:29:45.787907","1","13","1"
"3633","2024-12-17 20:14:00","CERRADA","2024-12-17 22:53:59.862202","2024-12-17 20:14:00","342.00",6,"2024-12-17 22:53:59.862202","193","1","1"
"3634","2024-11-01 12:30:00","CERRADA","2024-11-01 13:30:56.065117","2024-11-01 12:30:00","408.00",2,"2024-11-01 13:30:56.065117","274","8","1"
"3635","2025-02-02 20:58:00","CERRADA","2025-02-02 23:23:50.796709","2025-02-02 20:58:00","331.00",3,"2025-02-02 23:23:50.796709","161","10","1"
"3636","2023-06-23 12:38:00","CERRADA","2023-06-23 14:28:42.464022","2023-06-23 12:38:00","81.00",6,"2023-06-23 14:28:42.464022","1","15","1"
"3637","2023-08-17 14:10:00","CERRADA","2023-08-17 17:05:24.387528","2023-08-17 14:10:00","63.00",3,"2023-08-17 17:05:24.387528","114","4","1"
"3638","2024-01-12 19:31:00","CERRADA","2024-01-12 21:14:35.151243","2024-01-12 19:31:00","185.00",1,"2024-01-12 21:14:35.151243","137","1","1"
"3639","2024-02-23 12:04:00","CERRADA","2024-02-23 14:26:51.642847","2024-02-23 12:04:00","113.00",8,"2024-02-23 14:26:51.642847","199","3","1"
"3640","2023-10-14 12:24:00","CERRADA","2023-10-14 14:35:01.744791","2023-10-14 12:24:00","274.00",7,"2023-10-14 14:35:01.744791","1","3","1"
"3641","2024-07-26 12:35:00","CERRADA","2024-07-26 14:26:47.675871","2024-07-26 12:35:00","276.00",7,"2024-07-26 14:26:47.675871","1","2","1"
"3642","2023-12-04 21:41:00","CERRADA","2023-12-05 00:14:35.377427","2023-12-04 21:41:00","246.00",2,"2023-12-05 00:14:35.377427","1","2","1"
"3643","2023-12-22 20:55:00","CERRADA","2023-12-22 23:24:27.887763","2023-12-22 20:55:00","158.00",4,"2023-12-22 23:24:27.887763","1","10","1"
"3644","2023-08-04 12:50:00","CERRADA","2023-08-04 14:24:08.320349","2023-08-04 12:50:00","94.00",3,"2023-08-04 14:24:08.320349","1","10","1"
"3645","2023-06-22 21:06:00","CERRADA","2023-06-22 23:14:29.187918","2023-06-22 21:06:00","164.00",2,"2023-06-22 23:14:29.187918","222","9","1"
"3646","2024-07-07 13:48:00","CERRADA","2024-07-07 14:53:52.462963","2024-07-07 13:48:00","124.00",5,"2024-07-07 14:53:52.462963","282","1","1"
"3647","2024-07-20 21:56:00","CERRADA","2024-07-21 00:02:48.941751","2024-07-20 21:56:00","270.00",2,"2024-07-21 00:02:48.941751","218","1","1"
"3648","2023-07-15 21:39:00","CERRADA","2023-07-15 23:38:56.854837","2023-07-15 21:39:00","224.00",7,"2023-07-15 23:38:56.854837","132","12","1"
"3649","2024-03-08 14:36:00","CERRADA","2024-03-08 17:21:02.027232","2024-03-08 14:36:00","369.00",4,"2024-03-08 17:21:02.027232","21","13","1"
"3650","2024-11-01 21:29:00","CERRADA","2024-11-01 23:00:28.385135","2024-11-01 21:29:00","221.00",6,"2024-11-01 23:00:28.385135","208","1","1"
"3651","2025-01-07 13:38:00","CERRADA","2025-01-07 16:35:56.174494","2025-01-07 13:38:00","265.00",6,"2025-01-07 16:35:56.174494","287","4","1"
"3652","2024-03-25 21:28:00","CERRADA","2024-03-26 00:16:55.447603","2024-03-25 21:28:00","149.00",1,"2024-03-26 00:16:55.447603","75","11","1"
"3653","2024-09-13 12:56:00","CERRADA","2024-09-13 15:08:04.105604","2024-09-13 12:56:00","291.00",5,"2024-09-13 15:08:04.105604","99","11","1"
"3654","2024-03-22 21:25:00","CERRADA","2024-03-22 22:39:48.932051","2024-03-22 21:25:00","413.00",7,"2024-03-22 22:39:48.932051","24","2","1"
"3655","2024-11-15 13:50:00","CERRADA","2024-11-15 16:45:25.896032","2024-11-15 13:50:00","96.00",7,"2024-11-15 16:45:25.896032","1","11","1"
"3656","2023-10-03 21:34:00","CERRADA","2023-10-03 23:21:52.925955","2023-10-03 21:34:00","217.00",2,"2023-10-03 23:21:52.925955","230","7","1"
"3657","2024-03-04 20:38:00","CERRADA","2024-03-04 23:28:05.924533","2024-03-04 20:38:00","110.00",3,"2024-03-04 23:28:05.924533","99","5","1"
"3658","2024-08-08 19:10:00","CERRADA","2024-08-08 21:50:42.147419","2024-08-08 19:10:00","399.00",7,"2024-08-08 21:50:42.147419","1","11","1"
"3659","2023-07-21 19:08:00","CERRADA","2023-07-21 20:32:45.228507","2023-07-21 19:08:00","97.00",5,"2023-07-21 20:32:45.228507","1","14","1"
"3660","2024-07-08 14:52:00","CERRADA","2024-07-08 17:21:07.955296","2024-07-08 14:52:00","122.00",3,"2024-07-08 17:21:07.955296","77","6","1"
"3661","2024-11-18 19:56:00","CERRADA","2024-11-18 21:03:30.135744","2024-11-18 19:56:00","268.00",6,"2024-11-18 21:03:30.135744","1","1","1"
"3662","2024-08-14 21:57:00","CERRADA","2024-08-14 23:24:19.165109","2024-08-14 21:57:00","227.00",1,"2024-08-14 23:24:19.165109","187","14","1"
"3663","2024-11-15 12:21:00","CERRADA","2024-11-15 14:34:30.860805","2024-11-15 12:21:00","219.00",2,"2024-11-15 14:34:30.860805","46","4","1"
"3664","2025-06-02 00:00:00","CERRADA","2025-06-02 00:00:00","2025-06-02 00:00:00","45.00",5,"2025-06-02 00:00:00","1","4","1"
"3665","2024-07-21 14:58:00","CERRADA","2024-07-21 17:21:48.114759","2024-07-21 14:58:00","252.00",5,"2024-07-21 17:21:48.114759","77","15","1"
"3666","2024-12-04 13:16:00","CERRADA","2024-12-04 15:39:21.600868","2024-12-04 13:16:00","291.00",1,"2024-12-04 15:39:21.600868","1","5","1"
"3667","2024-10-11 21:55:00","CERRADA","2024-10-11 23:31:26.905595","2024-10-11 21:55:00","200.00",8,"2024-10-11 23:31:26.905595","1","4","1"
"3668","2024-08-12 12:13:00","CERRADA","2024-08-12 14:12:03.020741","2024-08-12 12:13:00","141.00",2,"2024-08-12 14:12:03.020741","1","2","1"
"3669","2024-07-01 21:36:00","CERRADA","2024-07-01 23:21:56.637641","2024-07-01 21:36:00","237.00",2,"2024-07-01 23:21:56.637641","1","14","1"
"3670","2024-05-19 20:48:00","CERRADA","2024-05-19 23:24:39.834722","2024-05-19 20:48:00","94.00",7,"2024-05-19 23:24:39.834722","1","3","1"
"3671","2024-06-07 14:49:00","CERRADA","2024-06-07 17:42:17.952633","2024-06-07 14:49:00","211.00",6,"2024-06-07 17:42:17.952633","1","11","1"
"3672","2025-05-23 20:09:00","CERRADA","2025-05-23 21:32:27.036088","2025-05-23 20:09:00","262.00",4,"2025-05-23 21:32:27.036088","67","7","1"
"3673","2024-04-19 13:40:00","CERRADA","2024-04-19 15:18:37.894339","2024-04-19 13:40:00","360.00",3,"2024-04-19 15:18:37.894339","1","8","1"
"3674","2024-11-22 20:01:00","CERRADA","2024-11-22 21:40:44.054663","2024-11-22 20:01:00","176.00",8,"2024-11-22 21:40:44.054663","36","15","1"
"3675","2024-06-14 13:32:00","CERRADA","2024-06-14 16:27:27.720137","2024-06-14 13:32:00","295.00",6,"2024-06-14 16:27:27.720137","1","5","1"
"3676","2024-10-04 21:02:00","CERRADA","2024-10-04 23:05:52.393731","2024-10-04 21:02:00","139.00",7,"2024-10-04 23:05:52.393731","136","8","1"
"3677","2025-05-25 12:46:00","CERRADA","2025-05-25 15:05:48.910664","2025-05-25 12:46:00","184.00",6,"2025-05-25 15:05:48.910664","255","5","1"
"3678","2023-08-14 21:58:00","CERRADA","2023-08-14 23:44:48.18693","2023-08-14 21:58:00","146.00",4,"2023-08-14 23:44:48.18693","243","6","1"
"3679","2025-06-02 00:00:00","CERRADA","2025-06-02 00:00:00","2025-06-02 00:00:00","206.00",6,"2025-06-02 00:00:00","99","2","1"
"3680","2024-01-19 12:51:00","CERRADA","2024-01-19 14:37:31.365968","2024-01-19 12:51:00","239.00",5,"2024-01-19 14:37:31.365968","44","5","1"
"3681","2025-01-27 14:22:00","CERRADA","2025-01-27 16:46:56.35653","2025-01-27 14:22:00","355.00",3,"2025-01-27 16:46:56.35653","148","6","1"
"3682","2025-01-31 12:51:00","CERRADA","2025-01-31 14:05:41.869538","2025-01-31 12:51:00","315.00",2,"2025-01-31 14:05:41.869538","106","4","1"
"3683","2024-02-05 19:10:00","CERRADA","2024-02-05 21:24:39.992997","2024-02-05 19:10:00","235.00",4,"2024-02-05 21:24:39.992997","1","4","1"
"3684","2023-07-08 21:19:00","CERRADA","2023-07-08 22:46:09.263625","2023-07-08 21:19:00","302.00",1,"2023-07-08 22:46:09.263625","1","8","1"
"3685","2024-12-17 21:33:00","CERRADA","2024-12-17 23:35:49.149086","2024-12-17 21:33:00","92.00",6,"2024-12-17 23:35:49.149086","256","6","1"
"3686","2023-07-26 13:07:00","CERRADA","2023-07-26 14:50:57.763447","2023-07-26 13:07:00","104.00",7,"2023-07-26 14:50:57.763447","245","9","1"
"3687","2024-01-12 13:32:00","CERRADA","2024-01-12 14:47:18.457755","2024-01-12 13:32:00","144.00",5,"2024-01-12 14:47:18.457755","257","10","1"
"3688","2024-07-05 13:55:00","CERRADA","2024-07-05 16:07:14.990036","2024-07-05 13:55:00","71.00",1,"2024-07-05 16:07:14.990036","1","10","1"
"3689","2023-07-16 14:46:00","CERRADA","2023-07-16 17:39:00.966365","2023-07-16 14:46:00","443.00",8,"2023-07-16 17:39:00.966365","22","15","1"
"3690","2024-12-27 21:54:00","CERRADA","2024-12-27 23:53:33.860653","2024-12-27 21:54:00","194.00",7,"2024-12-27 23:53:33.860653","270","4","1"
"3691","2024-07-05 14:25:00","CERRADA","2024-07-05 15:26:30.156341","2024-07-05 14:25:00","541.00",7,"2024-07-05 15:26:30.156341","11","4","1"
"3692","2023-11-14 13:07:00","CERRADA","2023-11-14 15:50:51.283734","2023-11-14 13:07:00","157.00",3,"2023-11-14 15:50:51.283734","232","7","1"
"3693","2025-06-02 00:00:00","CERRADA","2025-06-02 00:00:00","2025-06-02 00:00:00","81.00",2,"2025-06-02 00:00:00","277","3","1"
"3694","2024-08-30 13:38:00","CERRADA","2024-08-30 15:02:43.131401","2024-08-30 13:38:00","155.00",5,"2024-08-30 15:02:43.131401","286","13","1"
"3695","2024-06-04 19:36:00","CERRADA","2024-06-04 20:55:55.918178","2024-06-04 19:36:00","170.00",5,"2024-06-04 20:55:55.918178","1","15","1"
"3696","2024-07-16 14:34:00","CERRADA","2024-07-16 16:16:16.66436","2024-07-16 14:34:00","218.00",7,"2024-07-16 16:16:16.66436","1","15","1"
"3697","2025-06-02 00:00:00","CERRADA","2025-06-02 00:00:00","2025-06-02 00:00:00","265.00",5,"2025-06-02 00:00:00","95","4","1"
"3698","2024-11-16 19:22:00","CERRADA","2024-11-16 20:33:46.161537","2024-11-16 19:22:00","222.00",2,"2024-11-16 20:33:46.161537","289","2","1"
"3699","2023-07-01 19:35:00","CERRADA","2023-07-01 21:56:51.907219","2023-07-01 19:35:00","296.00",2,"2023-07-01 21:56:51.907219","1","3","1"
"3700","2024-06-21 12:05:00","CERRADA","2024-06-21 14:27:42.941466","2024-06-21 12:05:00","214.00",4,"2024-06-21 14:27:42.941466","11","5","1"
"3701","2024-12-18 20:59:00","CERRADA","2024-12-18 22:29:57.664606","2024-12-18 20:59:00","107.00",6,"2024-12-18 22:29:57.664606","298","6","1"
"3702","2023-09-22 13:58:00","CERRADA","2023-09-22 16:20:43.301847","2023-09-22 13:58:00","157.00",4,"2023-09-22 16:20:43.301847","128","8","1"
"3703","2024-07-19 19:31:00","CERRADA","2024-07-19 21:14:55.972107","2024-07-19 19:31:00","57.00",8,"2024-07-19 21:14:55.972107","256","3","1"
"3704","2024-01-01 19:16:00","CERRADA","2024-01-01 22:15:48.622262","2024-01-01 19:16:00","53.00",2,"2024-01-01 22:15:48.622262","288","7","1"
"3705","2024-12-13 13:27:00","CERRADA","2024-12-13 16:01:23.684561","2024-12-13 13:27:00","163.00",1,"2024-12-13 16:01:23.684561","179","4","1"
"3706","2025-02-13 19:54:00","CERRADA","2025-02-13 21:42:43.504621","2025-02-13 19:54:00","220.00",4,"2025-02-13 21:42:43.504621","1","4","1"
"3707","2023-08-18 14:19:00","CERRADA","2023-08-18 16:22:04.966688","2023-08-18 14:19:00","319.00",2,"2023-08-18 16:22:04.966688","16","1","1"
"3708","2024-07-28 13:48:00","CERRADA","2024-07-28 14:56:57.017473","2024-07-28 13:48:00","309.00",4,"2024-07-28 14:56:57.017473","146","3","1"
"3709","2023-09-01 19:06:00","CERRADA","2023-09-01 21:42:01.641487","2023-09-01 19:06:00","99.00",1,"2023-09-01 21:42:01.641487","1","10","1"
"3710","2025-05-22 21:51:00","CERRADA","2025-05-23 00:10:02.450752","2025-05-22 21:51:00","164.00",8,"2025-05-23 00:10:02.450752","130","14","1"
"3711","2024-01-19 19:29:00","CERRADA","2024-01-19 21:42:34.297518","2024-01-19 19:29:00","193.00",8,"2024-01-19 21:42:34.297518","47","6","1"
"3712","2024-07-05 20:43:00","CERRADA","2024-07-05 22:30:19.704901","2024-07-05 20:43:00","62.00",4,"2024-07-05 22:30:19.704901","238","11","1"
"3713","2024-09-13 21:11:00","CERRADA","2024-09-13 22:17:51.370899","2024-09-13 21:11:00","439.00",4,"2024-09-13 22:17:51.370899","94","13","1"
"3714","2023-11-11 20:30:00","CERRADA","2023-11-11 21:42:25.619863","2023-11-11 20:30:00","206.00",8,"2023-11-11 21:42:25.619863","200","10","1"
"3715","2024-06-06 13:10:00","CERRADA","2024-06-06 15:42:11.189626","2024-06-06 13:10:00","179.00",6,"2024-06-06 15:42:11.189626","1","11","1"
"3716","2025-05-02 12:53:00","CERRADA","2025-05-02 15:48:48.455168","2025-05-02 12:53:00","411.00",2,"2025-05-02 15:48:48.455168","5","2","1"
"3717","2024-08-02 19:32:00","CERRADA","2024-08-02 21:12:50.38834","2024-08-02 19:32:00","111.00",3,"2024-08-02 21:12:50.38834","107","11","1"
"3718","2023-08-11 14:43:00","CERRADA","2023-08-11 16:55:35.641712","2023-08-11 14:43:00","249.00",7,"2023-08-11 16:55:35.641712","276","14","1"
"3719","2024-10-04 20:18:00","CERRADA","2024-10-04 22:57:30.796459","2024-10-04 20:18:00","278.00",7,"2024-10-04 22:57:30.796459","179","9","1"
"3720","2024-07-26 12:10:00","CERRADA","2024-07-26 13:55:55.287473","2024-07-26 12:10:00","130.00",4,"2024-07-26 13:55:55.287473","1","15","1"
"3721","2025-04-11 14:38:00","CERRADA","2025-04-11 16:25:14.698273","2025-04-11 14:38:00","126.00",8,"2025-04-11 16:25:14.698273","204","14","1"
"3722","2024-11-15 19:39:00","CERRADA","2024-11-15 21:10:06.837259","2024-11-15 19:39:00","122.00",6,"2024-11-15 21:10:06.837259","1","5","1"
"3723","2024-05-24 21:15:00","CERRADA","2024-05-24 22:48:00.548869","2024-05-24 21:15:00","284.00",2,"2024-05-24 22:48:00.548869","137","8","1"
"3724","2025-03-28 14:01:00","CERRADA","2025-03-28 16:33:57.500136","2025-03-28 14:01:00","239.00",6,"2025-03-28 16:33:57.500136","131","14","1"
"3725","2024-12-25 21:33:00","CERRADA","2024-12-25 23:46:20.218198","2024-12-25 21:33:00","100.00",1,"2024-12-25 23:46:20.218198","255","3","1"
"3726","2024-08-07 14:35:00","CERRADA","2024-08-07 17:19:01.677132","2024-08-07 14:35:00","150.00",5,"2024-08-07 17:19:01.677132","118","11","1"
"3727","2024-12-21 20:23:00","CERRADA","2024-12-21 23:13:59.372578","2024-12-21 20:23:00","204.00",1,"2024-12-21 23:13:59.372578","248","9","1"
"3728","2024-02-16 21:33:00","CERRADA","2024-02-16 22:38:08.875503","2024-02-16 21:33:00","164.00",2,"2024-02-16 22:38:08.875503","97","12","1"
"3729","2024-08-04 12:22:00","CERRADA","2024-08-04 13:22:09.417275","2024-08-04 12:22:00","149.00",1,"2024-08-04 13:22:09.417275","1","13","1"
"3730","2025-06-02 00:00:00","CERRADA","2025-06-02 00:00:00","2025-06-02 00:00:00","196.00",3,"2025-06-02 00:00:00","1","4","1"
"3731","2024-11-29 13:12:00","CERRADA","2024-11-29 15:58:54.139114","2024-11-29 13:12:00","74.00",4,"2024-11-29 15:58:54.139114","186","9","1"
"3732","2025-03-28 19:55:00","CERRADA","2025-03-28 21:46:49.562038","2025-03-28 19:55:00","186.00",5,"2025-03-28 21:46:49.562038","1","8","1"
"3733","2024-10-11 20:30:00","CERRADA","2024-10-11 22:01:44.085487","2024-10-11 20:30:00","491.00",3,"2024-10-11 22:01:44.085487","113","14","1"
"3734","2025-05-27 12:03:00","CERRADA","2025-05-27 14:48:15.305601","2025-05-27 12:03:00","393.00",1,"2025-05-27 14:48:15.305601","77","13","1"
"3735","2024-12-08 14:07:00","CERRADA","2024-12-08 15:54:00.529155","2024-12-08 14:07:00","271.00",1,"2024-12-08 15:54:00.529155","252","7","1"
"3736","2024-10-04 20:12:00","CERRADA","2024-10-04 23:11:30.083726","2024-10-04 20:12:00","141.00",8,"2024-10-04 23:11:30.083726","1","5","1"
"3737","2023-08-01 19:55:00","CERRADA","2023-08-01 22:13:38.165429","2023-08-01 19:55:00","129.00",7,"2023-08-01 22:13:38.165429","1","1","1"
"3738","2024-05-17 14:42:00","CERRADA","2024-05-17 17:12:53.288561","2024-05-17 14:42:00","182.00",4,"2024-05-17 17:12:53.288561","244","9","1"
"3739","2023-12-09 19:55:00","CERRADA","2023-12-09 21:58:20.572933","2023-12-09 19:55:00","83.00",1,"2023-12-09 21:58:20.572933","95","7","1"
"3740","2023-08-28 20:43:00","CERRADA","2023-08-28 23:36:04.796733","2023-08-28 20:43:00","96.00",8,"2023-08-28 23:36:04.796733","242","1","1"
"3741","2024-02-01 12:55:00","CERRADA","2024-02-01 14:21:12.634054","2024-02-01 12:55:00","55.00",3,"2024-02-01 14:21:12.634054","1","10","1"
"3742","2024-02-16 20:19:00","CERRADA","2024-02-16 23:14:11.664927","2024-02-16 20:19:00","160.00",8,"2024-02-16 23:14:11.664927","98","8","1"
"3743","2024-10-25 12:21:00","CERRADA","2024-10-25 15:10:59.998088","2024-10-25 12:21:00","595.00",4,"2024-10-25 15:10:59.998088","108","15","1"
"3744","2023-07-17 21:23:00","CERRADA","2023-07-17 22:37:17.559991","2023-07-17 21:23:00","567.00",2,"2023-07-17 22:37:17.559991","7","8","1"
"3745","2024-10-25 13:48:00","CERRADA","2024-10-25 15:52:32.461993","2024-10-25 13:48:00","126.00",1,"2024-10-25 15:52:32.461993","220","5","1"
"3746","2024-11-07 13:16:00","CERRADA","2024-11-07 15:18:06.321254","2024-11-07 13:16:00","28.00",5,"2024-11-07 15:18:06.321254","227","9","1"
"3747","2024-08-18 14:44:00","CERRADA","2024-08-18 17:05:24.432382","2024-08-18 14:44:00","259.00",4,"2024-08-18 17:05:24.432382","1","8","1"
"3748","2025-06-02 00:00:00","CERRADA","2025-06-02 00:00:00","2025-06-02 00:00:00","92.00",5,"2025-06-02 00:00:00","1","15","1"
"3749","2025-04-11 14:15:00","CERRADA","2025-04-11 16:43:43.371378","2025-04-11 14:15:00","94.00",4,"2025-04-11 16:43:43.371378","1","9","1"
"3750","2025-06-02 00:00:00","CERRADA","2025-06-02 00:00:00","2025-06-02 00:00:00","200.00",6,"2025-06-02 00:00:00","254","12","1"
"3751","2025-06-02 00:00:00","CERRADA","2025-06-02 00:00:00","2025-06-02 00:00:00","96.00",6,"2025-06-02 00:00:00","295","15","1"
"3752","2025-06-02 00:00:00","CERRADA","2025-06-02 00:00:00","2025-06-02 00:00:00","216.00",1,"2025-06-02 00:00:00","1","7","1"
"3753","2025-06-02 00:00:00","CERRADA","2025-06-02 00:00:00","2025-06-02 00:00:00","105.00",4,"2025-06-02 00:00:00","1","3","1"
"3754","2024-02-09 14:16:00","CERRADA","2024-02-09 17:12:17.182514","2024-02-09 14:16:00","100.00",3,"2024-02-09 17:12:17.182514","12","10","1"
"3755","2025-06-02 00:00:00","CERRADA","2025-06-02 00:00:00","2025-06-02 00:00:00","49.00",8,"2025-06-02 00:00:00","1","1","1"
"3756","2024-07-01 21:38:00","CERRADA","2024-07-01 23:20:52.434741","2024-07-01 21:38:00","102.00",8,"2024-07-01 23:20:52.434741","94","11","1"
"3757","2024-12-29 13:44:00","CERRADA","2024-12-29 14:48:40.670684","2024-12-29 13:44:00","122.00",1,"2024-12-29 14:48:40.670684","169","1","1"
"3758","2024-11-15 14:33:00","CERRADA","2024-11-15 17:17:56.301294","2024-11-15 14:33:00","243.00",7,"2024-11-15 17:17:56.301294","1","14","1"
"3759","2023-07-29 20:18:00","CERRADA","2023-07-29 22:43:03.479243","2023-07-29 20:18:00","271.00",4,"2023-07-29 22:43:03.479243","1","1","1"
"3760","2024-10-11 20:51:00","CERRADA","2024-10-11 22:54:03.133611","2024-10-11 20:51:00","224.00",8,"2024-10-11 22:54:03.133611","266","6","1"
"3761","2025-06-02 00:00:00","CERRADA","2025-06-02 00:00:00","2025-06-02 00:00:00","112.00",6,"2025-06-02 00:00:00","1","5","1"
"3762","2024-11-10 14:54:00","CERRADA","2024-11-10 16:09:46.829738","2024-11-10 14:54:00","340.00",4,"2024-11-10 16:09:46.829738","76","14","1"
"3763","2023-12-08 19:43:00","CERRADA","2023-12-08 21:33:15.379542","2023-12-08 19:43:00","141.00",6,"2023-12-08 21:33:15.379542","52","9","1"
"3764","2024-05-11 13:03:00","CERRADA","2024-05-11 15:55:25.393763","2024-05-11 13:03:00","188.00",2,"2024-05-11 15:55:25.393763","271","11","1"
"3765","2024-04-12 19:06:00","CERRADA","2024-04-12 21:27:01.49133","2024-04-12 19:06:00","41.00",6,"2024-04-12 21:27:01.49133","218","12","1"
"3766","2025-01-21 14:47:00","CERRADA","2025-01-21 15:50:39.232581","2025-01-21 14:47:00","93.00",5,"2025-01-21 15:50:39.232581","152","9","1"
"3767","2025-06-02 00:00:00","CERRADA","2025-06-02 00:00:00","2025-06-02 00:00:00","122.00",7,"2025-06-02 00:00:00","132","5","1"
"3768","2025-02-06 13:23:00","CERRADA","2025-02-06 16:06:18.787504","2025-02-06 13:23:00","200.00",6,"2025-02-06 16:06:18.787504","186","6","1"
"3769","2024-07-02 19:28:00","CERRADA","2024-07-02 22:01:06.942047","2024-07-02 19:28:00","91.00",1,"2024-07-02 22:01:06.942047","41","14","1"
"3770","2024-10-18 13:23:00","CERRADA","2024-10-18 14:57:03.877273","2024-10-18 13:23:00","80.00",8,"2024-10-18 14:57:03.877273","233","11","1"
"3771","2023-10-31 13:30:00","CERRADA","2023-10-31 15:41:32.172815","2023-10-31 13:30:00","45.00",8,"2023-10-31 15:41:32.172815","66","4","1"
"3772","2025-05-30 14:38:00","CERRADA","2025-05-30 17:35:59.563895","2025-05-30 14:38:00","463.00",1,"2025-05-30 17:35:59.563895","10","8","1"
"3773","2024-09-16 12:27:00","CERRADA","2024-09-16 14:18:09.875128","2024-09-16 12:27:00","90.00",7,"2024-09-16 14:18:09.875128","160","10","1"
"3774","2025-06-02 00:00:00","CERRADA","2025-06-02 00:00:00","2025-06-02 00:00:00","143.00",7,"2025-06-02 00:00:00","290","6","1"
"3775","2024-12-06 12:24:00","CERRADA","2024-12-06 14:00:08.10605","2024-12-06 12:24:00","136.00",3,"2024-12-06 14:00:08.10605","1","15","1"
"3776","2024-10-18 14:12:00","CERRADA","2024-10-18 16:48:37.938916","2024-10-18 14:12:00","86.00",3,"2024-10-18 16:48:37.938916","1","15","1"
"3777","2023-07-25 19:58:00","CERRADA","2023-07-25 22:49:27.999754","2023-07-25 19:58:00","285.00",6,"2023-07-25 22:49:27.999754","1","14","1"
"3778","2024-03-17 13:50:00","CERRADA","2024-03-17 15:24:46.488373","2024-03-17 13:50:00","287.00",6,"2024-03-17 15:24:46.488373","1","1","1"
"3779","2024-08-20 19:35:00","CERRADA","2024-08-20 22:29:45.44238","2024-08-20 19:35:00","79.00",6,"2024-08-20 22:29:45.44238","174","15","1"
"3780","2025-05-18 19:32:00","CERRADA","2025-05-18 20:38:28.573313","2025-05-18 19:32:00","233.00",8,"2025-05-18 20:38:28.573313","106","6","1"
"3781","2023-06-09 20:05:00","CERRADA","2023-06-09 21:08:35.778914","2023-06-09 20:05:00","180.00",6,"2023-06-09 21:08:35.778914","1","10","1"
"3782","2023-08-25 14:43:00","CERRADA","2023-08-25 16:39:35.153934","2023-08-25 14:43:00","370.00",4,"2023-08-25 16:39:35.153934","28","5","1"
"3783","2025-01-24 19:56:00","CERRADA","2025-01-24 21:01:32.826132","2025-01-24 19:56:00","367.00",8,"2025-01-24 21:01:32.826132","83","2","1"
"3784","2023-08-11 20:36:00","CERRADA","2023-08-11 23:30:40.783115","2023-08-11 20:36:00","164.00",4,"2023-08-11 23:30:40.783115","1","11","1"
"3785","2025-03-24 12:23:00","CERRADA","2025-03-24 14:07:36.999939","2025-03-24 12:23:00","78.00",6,"2025-03-24 14:07:36.999939","1","9","1"
"3786","2023-09-08 13:02:00","CERRADA","2023-09-08 14:21:24.696501","2023-09-08 13:02:00","58.00",2,"2023-09-08 14:21:24.696501","1","4","1"
"3787","2025-06-02 00:00:00","CERRADA","2025-06-02 00:00:00","2025-06-02 00:00:00","196.00",4,"2025-06-02 00:00:00","18","10","1"
"3788","2025-06-02 00:00:00","CERRADA","2025-06-02 00:00:00","2025-06-02 00:00:00","445.00",1,"2025-06-02 00:00:00","96","15","1"
"3789","2024-11-29 19:33:00","CERRADA","2024-11-29 20:44:55.245728","2024-11-29 19:33:00","46.00",4,"2024-11-29 20:44:55.245728","1","2","1"
"3790","2024-08-23 14:56:00","CERRADA","2024-08-23 17:37:11.92945","2024-08-23 14:56:00","93.00",8,"2024-08-23 17:37:11.92945","1","13","1"
"3791","2024-08-05 13:47:00","CERRADA","2024-08-05 16:18:54.658771","2024-08-05 13:47:00","359.00",4,"2024-08-05 16:18:54.658771","6","9","1"
"3792","2024-08-02 14:29:00","CERRADA","2024-08-02 16:46:47.357856","2024-08-02 14:29:00","54.00",3,"2024-08-02 16:46:47.357856","248","5","1"
"3793","2025-02-04 19:38:00","CERRADA","2025-02-04 22:12:11.248186","2025-02-04 19:38:00","360.00",8,"2025-02-04 22:12:11.248186","87","13","1"
"3794","2024-08-29 20:36:00","CERRADA","2024-08-29 21:56:15.106093","2024-08-29 20:36:00","318.00",8,"2024-08-29 21:56:15.106093","49","11","1"
"3795","2024-12-10 13:50:00","CERRADA","2024-12-10 15:58:17.063896","2024-12-10 13:50:00","260.00",2,"2024-12-10 15:58:17.063896","230","11","1"
"3796","2024-05-05 21:09:00","CERRADA","2024-05-05 22:32:31.08627","2024-05-05 21:09:00","58.00",6,"2024-05-05 22:32:31.08627","129","2","1"
"3797","2025-01-19 20:51:00","CERRADA","2025-01-19 22:36:00.225856","2025-01-19 20:51:00","96.00",7,"2025-01-19 22:36:00.225856","80","11","1"
"3798","2024-07-05 20:04:00","CERRADA","2024-07-05 22:59:02.905006","2024-07-05 20:04:00","70.00",7,"2024-07-05 22:59:02.905006","1","10","1"
"3799","2025-06-02 00:00:00","CERRADA","2025-06-02 00:00:00","2025-06-02 00:00:00","182.00",3,"2025-06-02 00:00:00","277","3","1"
"3800","2023-08-20 13:14:00","CERRADA","2023-08-20 15:12:18.986759","2023-08-20 13:14:00","132.00",8,"2023-08-20 15:12:18.986759","138","7","1"
"3801","2025-06-02 00:00:00","CERRADA","2025-06-02 00:00:00","2025-06-02 00:00:00","136.00",7,"2025-06-02 00:00:00","140","1","1"
"3802","2024-08-25 14:20:00","CERRADA","2024-08-25 16:30:05.675915","2024-08-25 14:20:00","211.00",6,"2024-08-25 16:30:05.675915","1","9","1"
"3803","2025-04-11 14:52:00","CERRADA","2025-04-11 17:28:08.221457","2025-04-11 14:52:00","43.00",8,"2025-04-11 17:28:08.221457","168","11","1"
"3804","2023-07-27 21:08:00","CERRADA","2023-07-27 23:57:59.260787","2023-07-27 21:08:00","131.00",1,"2023-07-27 23:57:59.260787","289","11","1"
"3805","2024-02-24 14:13:00","CERRADA","2024-02-24 17:09:10.429484","2024-02-24 14:13:00","199.00",7,"2024-02-24 17:09:10.429484","247","11","1"
"3806","2023-07-14 19:22:00","CERRADA","2023-07-14 20:45:08.756895","2023-07-14 19:22:00","103.00",8,"2023-07-14 20:45:08.756895","1","3","1"
"3807","2023-08-04 21:32:00","CERRADA","2023-08-04 23:23:45.315173","2023-08-04 21:32:00","199.00",1,"2023-08-04 23:23:45.315173","131","3","1"
"3808","2023-10-20 21:36:00","CERRADA","2023-10-20 22:47:07.355574","2023-10-20 21:36:00","282.00",6,"2023-10-20 22:47:07.355574","53","14","1"
"3809","2024-05-17 13:14:00","CERRADA","2024-05-17 14:51:59.511696","2024-05-17 13:14:00","171.00",1,"2024-05-17 14:51:59.511696","1","6","1"
"3810","2024-12-13 13:58:00","CERRADA","2024-12-13 15:20:16.533639","2024-12-13 13:58:00","80.00",1,"2024-12-13 15:20:16.533639","1","6","1"
"3811","2024-08-09 13:54:00","CERRADA","2024-08-09 15:52:47.773243","2024-08-09 13:54:00","222.00",8,"2024-08-09 15:52:47.773243","290","9","1"
"3812","2023-10-13 12:25:00","CERRADA","2023-10-13 13:29:52.012359","2023-10-13 12:25:00","219.00",5,"2023-10-13 13:29:52.012359","26","13","1"
"3813","2024-10-18 13:38:00","CERRADA","2024-10-18 14:47:46.955123","2024-10-18 13:38:00","423.00",2,"2024-10-18 14:47:46.955123","1","13","1"
"3814","2025-01-16 20:38:00","CERRADA","2025-01-16 21:40:30.693119","2025-01-16 20:38:00","267.00",5,"2025-01-16 21:40:30.693119","237","15","1"
"3815","2025-05-23 19:06:00","CERRADA","2025-05-23 22:00:53.844193","2025-05-23 19:06:00","149.00",1,"2025-05-23 22:00:53.844193","1","8","1"
"3816","2024-07-29 21:30:00","CERRADA","2024-07-29 23:27:29.771014","2024-07-29 21:30:00","172.00",6,"2024-07-29 23:27:29.771014","1","4","1"
"3817","2023-10-06 12:38:00","CERRADA","2023-10-06 15:08:08.428421","2023-10-06 12:38:00","195.00",6,"2023-10-06 15:08:08.428421","1","12","1"
"3818","2024-07-19 14:51:00","CERRADA","2024-07-19 17:43:18.209771","2024-07-19 14:51:00","103.00",2,"2024-07-19 17:43:18.209771","1","3","1"
"3819","2024-09-06 12:18:00","CERRADA","2024-09-06 13:47:29.969724","2024-09-06 12:18:00","212.00",5,"2024-09-06 13:47:29.969724","1","2","1"
"3820","2023-09-01 14:25:00","CERRADA","2023-09-01 17:07:42.435027","2023-09-01 14:25:00","265.00",4,"2023-09-01 17:07:42.435027","229","5","1"
"3821","2024-07-29 12:26:00","CERRADA","2024-07-29 14:57:32.411389","2024-07-29 12:26:00","532.00",2,"2024-07-29 14:57:32.411389","105","7","1"
"3822","2023-11-03 12:43:00","CERRADA","2023-11-03 14:12:02.070852","2023-11-03 12:43:00","139.00",6,"2023-11-03 14:12:02.070852","168","6","1"
"3823","2023-10-27 12:00:00","CERRADA","2023-10-27 14:46:42.667288","2023-10-27 12:00:00","184.00",1,"2023-10-27 14:46:42.667288","244","12","1"
"3824","2023-07-14 19:04:00","CERRADA","2023-07-14 21:36:42.730054","2023-07-14 19:04:00","109.00",8,"2023-07-14 21:36:42.730054","225","9","1"
"3825","2024-06-28 13:51:00","CERRADA","2024-06-28 15:12:37.643439","2024-06-28 13:51:00","55.00",2,"2024-06-28 15:12:37.643439","1","2","1"
"3826","2025-06-02 00:00:00","CERRADA","2025-06-02 00:00:00","2025-06-02 00:00:00","248.00",4,"2025-06-02 00:00:00","98","10","1"
"3827","2024-08-10 20:18:00","CERRADA","2024-08-10 21:40:36.087388","2024-08-10 20:18:00","155.00",7,"2024-08-10 21:40:36.087388","165","2","1"
"3828","2023-07-07 21:16:00","CERRADA","2023-07-07 23:05:28.306933","2023-07-07 21:16:00","135.00",4,"2023-07-07 23:05:28.306933","1","12","1"
"3829","2023-07-29 14:04:00","CERRADA","2023-07-29 16:46:44.596766","2023-07-29 14:04:00","224.00",6,"2023-07-29 16:46:44.596766","173","11","1"
"3830","2024-12-13 12:03:00","CERRADA","2024-12-13 14:15:48.900394","2024-12-13 12:03:00","122.00",5,"2024-12-13 14:15:48.900394","35","6","1"
"3831","2024-02-16 13:00:00","CERRADA","2024-02-16 14:37:53.106291","2024-02-16 13:00:00","84.00",6,"2024-02-16 14:37:53.106291","202","13","1"
"3832","2023-12-22 12:36:00","CERRADA","2023-12-22 15:14:21.348614","2023-12-22 12:36:00","107.00",5,"2023-12-22 15:14:21.348614","190","12","1"
"3833","2024-03-01 12:40:00","CERRADA","2024-03-01 14:57:36.669768","2024-03-01 12:40:00","81.00",7,"2024-03-01 14:57:36.669768","1","2","1"
"3834","2024-08-30 14:45:00","CERRADA","2024-08-30 17:09:00.511458","2024-08-30 14:45:00","102.00",5,"2024-08-30 17:09:00.511458","238","1","1"
"3835","2024-01-05 20:47:00","CERRADA","2024-01-05 22:43:29.045232","2024-01-05 20:47:00","160.00",4,"2024-01-05 22:43:29.045232","284","15","1"
"3836","2024-11-29 19:23:00","CERRADA","2024-11-29 20:27:25.032954","2024-11-29 19:23:00","207.00",7,"2024-11-29 20:27:25.032954","278","6","1"
"3837","2025-06-02 00:00:00","CERRADA","2025-06-02 00:00:00","2025-06-02 00:00:00","200.00",4,"2025-06-02 00:00:00","254","12","1"
"3838","2025-06-02 00:00:00","CERRADA","2025-06-02 00:00:00","2025-06-02 00:00:00","153.00",7,"2025-06-02 00:00:00","44","13","1"
"3839","2023-06-30 14:46:00","CERRADA","2023-06-30 16:21:59.837975","2023-06-30 14:46:00","286.00",8,"2023-06-30 16:21:59.837975","194","5","1"
"3840","2023-11-01 13:59:00","CERRADA","2023-11-01 16:39:54.745587","2023-11-01 13:59:00","60.00",6,"2023-11-01 16:39:54.745587","153","15","1"
"3841","2024-07-14 12:30:00","CERRADA","2024-07-14 14:34:33.489612","2024-07-14 12:30:00","210.00",7,"2024-07-14 14:34:33.489612","256","14","1"
"3842","2024-09-06 13:26:00","CERRADA","2024-09-06 14:29:07.699311","2024-09-06 13:26:00","248.00",3,"2024-09-06 14:29:07.699311","219","3","1"
"3843","2023-10-06 12:47:00","CERRADA","2023-10-06 14:01:06.288873","2023-10-06 12:47:00","229.00",2,"2023-10-06 14:01:06.288873","198","13","1"
"3844","2024-08-21 12:37:00","CERRADA","2024-08-21 14:10:24.034612","2024-08-21 12:37:00","227.00",4,"2024-08-21 14:10:24.034612","1","15","1"
"3845","2023-07-28 13:31:00","CERRADA","2023-07-28 15:53:50.1219","2023-07-28 13:31:00","80.00",8,"2023-07-28 15:53:50.1219","286","2","1"
"3846","2025-04-16 19:52:00","CERRADA","2025-04-16 21:50:54.821991","2025-04-16 19:52:00","76.00",6,"2025-04-16 21:50:54.821991","272","1","1"
"3847","2025-06-02 00:00:00","CERRADA","2025-06-02 00:00:00","2025-06-02 00:00:00","645.00",5,"2025-06-02 00:00:00","27","2","1"
"3848","2025-03-26 19:19:00","CERRADA","2025-03-26 21:11:04.90166","2025-03-26 19:19:00","44.00",7,"2025-03-26 21:11:04.90166","290","6","1"
"3849","2025-03-14 19:44:00","CERRADA","2025-03-14 22:19:46.729672","2025-03-14 19:44:00","149.00",4,"2025-03-14 22:19:46.729672","1","8","1"
"3850","2024-05-29 12:13:00","CERRADA","2024-05-29 13:57:12.443436","2024-05-29 12:13:00","396.00",1,"2024-05-29 13:57:12.443436","87","3","1"
"3851","2024-03-17 20:11:00","CERRADA","2024-03-17 21:53:12.281956","2024-03-17 20:11:00","168.00",8,"2024-03-17 21:53:12.281956","293","15","1"
"3852","2024-09-22 21:33:00","CERRADA","2024-09-22 23:22:55.670556","2024-09-22 21:33:00","190.00",7,"2024-09-22 23:22:55.670556","184","2","1"
"3853","2024-12-20 21:31:00","CERRADA","2024-12-20 23:02:27.409786","2024-12-20 21:31:00","86.00",2,"2024-12-20 23:02:27.409786","187","9","1"
"3854","2025-02-14 20:59:00","CERRADA","2025-02-14 23:13:45.250247","2025-02-14 20:59:00","316.00",8,"2025-02-14 23:13:45.250247","146","8","1"
"3855","2024-01-12 20:37:00","CERRADA","2024-01-12 22:47:49.833609","2024-01-12 20:37:00","164.00",5,"2024-01-12 22:47:49.833609","172","11","1"
"3856","2023-10-28 20:12:00","CERRADA","2023-10-28 21:19:23.390431","2023-10-28 20:12:00","224.00",6,"2023-10-28 21:19:23.390431","1","3","1"
"3857","2023-11-03 20:05:00","CERRADA","2023-11-03 22:13:13.900489","2023-11-03 20:05:00","200.00",2,"2023-11-03 22:13:13.900489","132","7","1"
"3858","2024-01-05 13:40:00","CERRADA","2024-01-05 14:49:09.372746","2024-01-05 13:40:00","251.00",4,"2024-01-05 14:49:09.372746","1","10","1"
"3859","2023-07-14 13:32:00","CERRADA","2023-07-14 16:07:44.465093","2023-07-14 13:32:00","265.00",4,"2023-07-14 16:07:44.465093","1","8","1"
"3860","2024-02-02 19:44:00","CERRADA","2024-02-02 21:04:35.984662","2024-02-02 19:44:00","375.00",4,"2024-02-02 21:04:35.984662","246","6","1"
"3861","2024-07-16 20:10:00","CERRADA","2024-07-16 21:58:23.262927","2024-07-16 20:10:00","225.00",8,"2024-07-16 21:58:23.262927","143","13","1"
"3862","2024-07-25 20:10:00","CERRADA","2024-07-25 22:46:04.633609","2024-07-25 20:10:00","144.00",4,"2024-07-25 22:46:04.633609","1","10","1"
"3863","2025-03-28 12:50:00","CERRADA","2025-03-28 14:19:18.924574","2025-03-28 12:50:00","216.00",8,"2025-03-28 14:19:18.924574","115","2","1"
"3864","2024-04-26 21:31:00","CERRADA","2024-04-26 23:57:58.347903","2024-04-26 21:31:00","192.00",1,"2024-04-26 23:57:58.347903","226","6","1"
"3865","2024-07-13 21:19:00","CERRADA","2024-07-13 22:44:24.116955","2024-07-13 21:19:00","111.00",2,"2024-07-13 22:44:24.116955","1","10","1"
"3866","2024-12-28 14:31:00","CERRADA","2024-12-28 16:13:12.372453","2024-12-28 14:31:00","354.00",4,"2024-12-28 16:13:12.372453","107","6","1"
"3867","2023-07-10 21:50:00","CERRADA","2023-07-10 23:12:34.285225","2023-07-10 21:50:00","96.00",8,"2023-07-10 23:12:34.285225","1","3","1"
"3868","2024-08-02 13:12:00","CERRADA","2024-08-02 15:21:11.648914","2024-08-02 13:12:00","81.00",6,"2024-08-02 15:21:11.648914","193","8","1"
"3869","2023-06-06 14:01:00","CERRADA","2023-06-06 15:48:58.097207","2023-06-06 14:01:00","140.00",8,"2023-06-06 15:48:58.097207","195","15","1"
"3870","2024-12-29 12:01:00","CERRADA","2024-12-29 13:36:58.862086","2024-12-29 12:01:00","146.00",5,"2024-12-29 13:36:58.862086","1","4","1"
"3871","2024-02-23 20:09:00","CERRADA","2024-02-23 21:22:46.071073","2024-02-23 20:09:00","173.00",8,"2024-02-23 21:22:46.071073","1","13","1"
"3872","2024-11-01 19:39:00","CERRADA","2024-11-01 22:26:14.283021","2024-11-01 19:39:00","46.00",2,"2024-11-01 22:26:14.283021","1","2","1"
"3873","2025-03-07 14:13:00","CERRADA","2025-03-07 16:16:26.419496","2025-03-07 14:13:00","282.00",3,"2025-03-07 16:16:26.419496","60","4","1"
"3874","2023-09-15 12:54:00","CERRADA","2023-09-15 14:16:38.295552","2023-09-15 12:54:00","203.00",2,"2023-09-15 14:16:38.295552","1","15","1"
"3875","2024-08-02 21:10:00","CERRADA","2024-08-02 22:56:07.307524","2024-08-02 21:10:00","13.00",2,"2024-08-02 22:56:07.307524","204","1","1"
"3876","2024-07-22 12:53:00","CERRADA","2024-07-22 14:20:39.707076","2024-07-22 12:53:00","162.00",6,"2024-07-22 14:20:39.707076","173","15","1"
"3877","2023-10-27 12:31:00","CERRADA","2023-10-27 15:11:23.041312","2023-10-27 12:31:00","126.00",3,"2023-10-27 15:11:23.041312","201","10","1"
"3878","2024-01-26 12:58:00","CERRADA","2024-01-26 15:52:12.102782","2024-01-26 12:58:00","228.00",5,"2024-01-26 15:52:12.102782","229","4","1"
"3879","2024-09-27 12:26:00","CERRADA","2024-09-27 13:32:05.211071","2024-09-27 12:26:00","165.00",5,"2024-09-27 13:32:05.211071","176","14","1"
"3880","2023-07-28 14:06:00","CERRADA","2023-07-28 15:52:56.51694","2023-07-28 14:06:00","78.00",2,"2023-07-28 15:52:56.51694","1","15","1"
"3881","2023-12-01 14:40:00","CERRADA","2023-12-01 15:52:48.197241","2023-12-01 14:40:00","78.00",2,"2023-12-01 15:52:48.197241","40","5","1"
"3882","2025-06-02 00:00:00","CERRADA","2025-06-02 00:00:00","2025-06-02 00:00:00","270.00",1,"2025-06-02 00:00:00","36","7","1"
"3883","2025-04-25 21:51:00","CERRADA","2025-04-25 22:52:28.797863","2025-04-25 21:51:00","173.00",4,"2025-04-25 22:52:28.797863","64","4","1"
"3884","2025-05-15 12:28:00","CERRADA","2025-05-15 14:45:36.938496","2025-05-15 12:28:00","191.00",7,"2025-05-15 14:45:36.938496","36","6","1"
"3885","2024-12-20 14:11:00","CERRADA","2024-12-20 16:39:31.616106","2024-12-20 14:11:00","211.00",8,"2024-12-20 16:39:31.616106","193","12","1"
"3886","2025-01-20 12:41:00","CERRADA","2025-01-20 14:14:58.610235","2025-01-20 12:41:00","157.00",2,"2025-01-20 14:14:58.610235","93","3","1"
"3887","2024-07-29 13:52:00","CERRADA","2024-07-29 15:53:35.251731","2024-07-29 13:52:00","217.00",2,"2024-07-29 15:53:35.251731","140","9","1"
"3888","2025-01-17 19:20:00","CERRADA","2025-01-17 20:38:27.620895","2025-01-17 19:20:00","137.00",4,"2025-01-17 20:38:27.620895","205","15","1"
"3889","2025-05-30 12:09:00","CERRADA","2025-05-30 13:15:11.816108","2025-05-30 12:09:00","37.00",3,"2025-05-30 13:15:11.816108","1","14","1"
"3890","2025-05-23 20:32:00","CERRADA","2025-05-23 23:27:14.56546","2025-05-23 20:32:00","173.00",5,"2025-05-23 23:27:14.56546","1","11","1"
"3891","2024-12-13 19:11:00","CERRADA","2024-12-13 22:03:44.368261","2024-12-13 19:11:00","258.00",5,"2024-12-13 22:03:44.368261","188","10","1"
"3892","2024-09-12 20:06:00","CERRADA","2024-09-12 22:55:34.614345","2024-09-12 20:06:00","120.00",7,"2024-09-12 22:55:34.614345","128","11","1"
"3893","2024-07-19 20:41:00","CERRADA","2024-07-19 21:44:03.142191","2024-07-19 20:41:00","188.00",2,"2024-07-19 21:44:03.142191","141","12","1"
"3894","2023-10-20 20:49:00","CERRADA","2023-10-20 22:09:29.942924","2023-10-20 20:49:00","456.00",6,"2023-10-20 22:09:29.942924","99","1","1"
"3895","2024-12-13 12:46:00","CERRADA","2024-12-13 14:01:02.766653","2024-12-13 12:46:00","345.00",3,"2024-12-13 14:01:02.766653","1","5","1"
"3896","2024-07-12 12:40:00","CERRADA","2024-07-12 14:09:07.412288","2024-07-12 12:40:00","358.00",5,"2024-07-12 14:09:07.412288","1","15","1"
"3897","2024-04-19 14:10:00","CERRADA","2024-04-19 15:39:00.539425","2024-04-19 14:10:00","116.00",3,"2024-04-19 15:39:00.539425","1","1","1"
"3898","2024-10-04 13:39:00","CERRADA","2024-10-04 16:29:14.748899","2024-10-04 13:39:00","88.00",8,"2024-10-04 16:29:14.748899","22","14","1"
"3899","2025-05-30 12:34:00","CERRADA","2025-05-30 14:58:05.760112","2025-05-30 12:34:00","80.00",7,"2025-05-30 14:58:05.760112","276","8","1"
"3900","2023-10-20 14:11:00","CERRADA","2023-10-20 16:46:13.140301","2023-10-20 14:11:00","240.00",8,"2023-10-20 16:46:13.140301","1","8","1"
"3901","2024-02-03 14:54:00","CERRADA","2024-02-03 16:02:45.906516","2024-02-03 14:54:00","224.00",1,"2024-02-03 16:02:45.906516","1","1","1"
"3902","2024-03-18 13:22:00","CERRADA","2024-03-18 14:55:10.867023","2024-03-18 13:22:00","190.00",3,"2024-03-18 14:55:10.867023","254","15","1"
"3903","2024-08-22 20:37:00","CERRADA","2024-08-22 22:57:30.565535","2024-08-22 20:37:00","122.00",2,"2024-08-22 22:57:30.565535","150","15","1"
"3904","2025-05-28 14:44:00","CERRADA","2025-05-28 16:06:14.01764","2025-05-28 14:44:00","172.00",7,"2025-05-28 16:06:14.01764","250","14","1"
"3905","2024-11-08 21:12:00","CERRADA","2024-11-09 00:08:25.773719","2024-11-08 21:12:00","65.00",3,"2024-11-09 00:08:25.773719","54","13","1"
"3906","2024-11-15 21:58:00","CERRADA","2024-11-15 23:02:46.067477","2024-11-15 21:58:00","155.00",7,"2024-11-15 23:02:46.067477","237","9","1"
"3907","2025-04-04 20:23:00","CERRADA","2025-04-04 22:32:27.455447","2025-04-04 20:23:00","233.00",8,"2025-04-04 22:32:27.455447","120","6","1"
"3908","2025-06-02 00:00:00","CERRADA","2025-06-02 00:00:00","2025-06-02 00:00:00","165.00",7,"2025-06-02 00:00:00","43","12","1"
"3909","2024-05-24 21:00:00","CERRADA","2024-05-24 22:59:28.45124","2024-05-24 21:00:00","267.00",1,"2024-05-24 22:59:28.45124","241","12","1"
"3910","2025-01-03 20:50:00","CERRADA","2025-01-03 23:39:33.19229","2025-01-03 20:50:00","164.00",5,"2025-01-03 23:39:33.19229","287","9","1"
"3911","2024-11-01 13:49:00","CERRADA","2024-11-01 14:57:28.987583","2024-11-01 13:49:00","242.00",7,"2024-11-01 14:57:28.987583","179","8","1"
"3912","2025-01-17 14:35:00","CERRADA","2025-01-17 16:08:32.210141","2025-01-17 14:35:00","219.00",6,"2025-01-17 16:08:32.210141","7","13","1"
"3913","2025-06-02 00:00:00","CERRADA","2025-06-02 00:00:00","2025-06-02 00:00:00","139.00",6,"2025-06-02 00:00:00","89","3","1"
"3914","2025-01-17 14:07:00","CERRADA","2025-01-17 16:57:29.176609","2025-01-17 14:07:00","144.00",2,"2025-01-17 16:57:29.176609","181","5","1"
"3915","2024-07-25 19:14:00","CERRADA","2024-07-25 21:02:13.70011","2024-07-25 19:14:00","141.00",7,"2024-07-25 21:02:13.70011","52","1","1"
"3916","2023-07-07 19:56:00","CERRADA","2023-07-07 22:46:35.368873","2023-07-07 19:56:00","181.00",6,"2023-07-07 22:46:35.368873","7","14","1"
"3917","2024-08-04 20:50:00","CERRADA","2024-08-04 23:27:10.854042","2024-08-04 20:50:00","144.00",3,"2024-08-04 23:27:10.854042","123","5","1"
"3918","2025-05-02 20:07:00","CERRADA","2025-05-02 21:23:47.478718","2025-05-02 20:07:00","151.00",4,"2025-05-02 21:23:47.478718","1","1","1"
"3919","2024-05-28 19:47:00","CERRADA","2024-05-28 22:08:50.330818","2024-05-28 19:47:00","362.00",4,"2024-05-28 22:08:50.330818","34","15","1"
"3920","2023-12-06 14:37:00","CERRADA","2023-12-06 16:27:46.403445","2023-12-06 14:37:00","134.00",3,"2023-12-06 16:27:46.403445","1","15","1"
"3921","2023-08-18 13:15:00","CERRADA","2023-08-18 16:13:51.832784","2023-08-18 13:15:00","420.00",4,"2023-08-18 16:13:51.832784","1","8","1"
"3922","2023-08-14 21:49:00","CERRADA","2023-08-14 23:29:07.170624","2023-08-14 21:49:00","445.00",7,"2023-08-14 23:29:07.170624","10","9","1"
"3923","2025-06-02 00:00:00","CERRADA","2025-06-02 00:00:00","2025-06-02 00:00:00","155.00",5,"2025-06-02 00:00:00","1","15","1"
"3924","2023-09-04 13:04:00","CERRADA","2023-09-04 15:04:05.758765","2023-09-04 13:04:00","196.00",6,"2023-09-04 15:04:05.758765","215","5","1"
"3925","2024-09-06 19:04:00","CERRADA","2024-09-06 20:54:57.205419","2024-09-06 19:04:00","259.00",2,"2024-09-06 20:54:57.205419","131","1","1"
"3926","2023-12-07 20:36:00","CERRADA","2023-12-07 22:33:23.380444","2023-12-07 20:36:00","50.00",4,"2023-12-07 22:33:23.380444","274","8","1"
"3927","2025-06-02 00:00:00","CERRADA","2025-06-02 00:00:00","2025-06-02 00:00:00","188.00",4,"2025-06-02 00:00:00","1","1","1"
"3928","2023-10-13 12:55:00","CERRADA","2023-10-13 14:00:23.888208","2023-10-13 12:55:00","147.00",5,"2023-10-13 14:00:23.888208","106","5","1"
"3929","2023-07-14 13:21:00","CERRADA","2023-07-14 15:04:57.985736","2023-07-14 13:21:00","188.00",2,"2023-07-14 15:04:57.985736","204","1","1"
"3930","2023-10-20 13:43:00","CERRADA","2023-10-20 16:04:42.910555","2023-10-20 13:43:00","240.00",5,"2023-10-20 16:04:42.910555","1","8","1"
"3931","2023-10-13 12:45:00","CERRADA","2023-10-13 14:47:43.689251","2023-10-13 12:45:00","327.00",8,"2023-10-13 14:47:43.689251","184","7","1"
"3932","2024-12-20 19:27:00","CERRADA","2024-12-20 21:24:08.071085","2024-12-20 19:27:00","226.00",8,"2024-12-20 21:24:08.071085","1","15","1"
"3933","2024-01-12 12:08:00","CERRADA","2024-01-12 14:42:46.804384","2024-01-12 12:08:00","146.00",2,"2024-01-12 14:42:46.804384","191","14","1"
"3934","2025-02-21 13:02:00","CERRADA","2025-02-21 14:35:19.69199","2025-02-21 13:02:00","177.00",4,"2025-02-21 14:35:19.69199","45","9","1"
"3935","2023-09-29 21:32:00","CERRADA","2023-09-29 23:21:11.202335","2023-09-29 21:32:00","338.00",6,"2023-09-29 23:21:11.202335","21","5","1"
"3936","2024-01-19 21:01:00","CERRADA","2024-01-19 23:00:50.144596","2024-01-19 21:01:00","160.00",8,"2024-01-19 23:00:50.144596","45","11","1"
"3937","2024-12-16 21:50:00","CERRADA","2024-12-16 23:02:49.992275","2024-12-16 21:50:00","249.00",7,"2024-12-16 23:02:49.992275","1","11","1"
"3938","2024-12-08 12:49:00","CERRADA","2024-12-08 15:47:08.10771","2024-12-08 12:49:00","218.00",6,"2024-12-08 15:47:08.10771","1","13","1"
"3939","2023-10-27 14:38:00","CERRADA","2023-10-27 16:00:56.737052","2023-10-27 14:38:00","359.00",7,"2023-10-27 16:00:56.737052","124","11","1"
"3940","2025-06-02 00:00:00","CERRADA","2025-06-02 00:00:00","2025-06-02 00:00:00","286.00",2,"2025-06-02 00:00:00","95","8","1"
"3941","2023-07-27 12:49:00","CERRADA","2023-07-27 14:31:36.831472","2023-07-27 12:49:00","112.00",3,"2023-07-27 14:31:36.831472","235","1","1"
"3942","2025-05-05 21:22:00","CERRADA","2025-05-05 23:48:16.716954","2025-05-05 21:22:00","105.00",1,"2025-05-05 23:48:16.716954","144","3","1"
"3943","2024-03-01 12:28:00","CERRADA","2024-03-01 14:59:03.682183","2024-03-01 12:28:00","255.00",6,"2024-03-01 14:59:03.682183","1","11","1"
"3944","2024-09-13 20:34:00","CERRADA","2024-09-13 23:30:38.745479","2024-09-13 20:34:00","293.00",7,"2024-09-13 23:30:38.745479","1","12","1"
"3945","2023-07-18 19:49:00","CERRADA","2023-07-18 21:05:46.834943","2023-07-18 19:49:00","118.00",3,"2023-07-18 21:05:46.834943","86","11","1"
"3946","2024-07-20 13:18:00","CERRADA","2024-07-20 15:06:18.233652","2024-07-20 13:18:00","252.00",5,"2024-07-20 15:06:18.233652","143","1","1"
"3947","2024-12-03 14:06:00","CERRADA","2024-12-03 16:59:06.797756","2024-12-03 14:06:00","237.00",8,"2024-12-03 16:59:06.797756","189","11","1"
"3948","2024-07-26 14:17:00","CERRADA","2024-07-26 15:34:52.331122","2024-07-26 14:17:00","285.00",7,"2024-07-26 15:34:52.331122","161","9","1"
"3949","2023-08-01 19:30:00","CERRADA","2023-08-01 20:39:51.582501","2023-08-01 19:30:00","203.00",8,"2023-08-01 20:39:51.582501","151","5","1"
"3950","2024-07-21 14:29:00","CERRADA","2024-07-21 17:02:11.218277","2024-07-21 14:29:00","114.00",8,"2024-07-21 17:02:11.218277","1","2","1"
"3951","2024-09-20 19:42:00","CERRADA","2024-09-20 21:32:46.64101","2024-09-20 19:42:00","270.00",1,"2024-09-20 21:32:46.64101","152","4","1"
"3952","2025-02-06 13:40:00","CERRADA","2025-02-06 16:13:05.75097","2025-02-06 13:40:00","154.00",5,"2025-02-06 16:13:05.75097","249","11","1"
"3953","2024-09-20 21:32:00","CERRADA","2024-09-21 00:24:01.190371","2024-09-20 21:32:00","468.00",2,"2024-09-21 00:24:01.190371","118","9","1"
"3954","2024-12-22 12:06:00","CERRADA","2024-12-22 14:57:29.457175","2024-12-22 12:06:00","186.00",3,"2024-12-22 14:57:29.457175","135","7","1"
"3955","2024-08-29 14:44:00","CERRADA","2024-08-29 16:29:28.479203","2024-08-29 14:44:00","254.00",7,"2024-08-29 16:29:28.479203","32","2","1"
"3956","2023-11-24 19:03:00","CERRADA","2023-11-24 20:05:35.332424","2023-11-24 19:03:00","347.00",2,"2023-11-24 20:05:35.332424","263","13","1"
"3957","2023-11-10 21:30:00","CERRADA","2023-11-10 23:05:31.329902","2023-11-10 21:30:00","277.00",4,"2023-11-10 23:05:31.329902","237","5","1"
"3958","2024-01-05 21:42:00","CERRADA","2024-01-05 23:00:34.817863","2024-01-05 21:42:00","366.00",6,"2024-01-05 23:00:34.817863","1","13","1"
"3959","2025-03-21 12:40:00","CERRADA","2025-03-21 13:56:30.062197","2025-03-21 12:40:00","134.00",2,"2025-03-21 13:56:30.062197","174","5","1"
"3960","2024-07-17 12:23:00","CERRADA","2024-07-17 15:07:32.231419","2024-07-17 12:23:00","229.00",4,"2024-07-17 15:07:32.231419","252","2","1"
"3961","2025-03-25 19:41:00","CERRADA","2025-03-25 22:39:21.596668","2025-03-25 19:41:00","137.00",3,"2025-03-25 22:39:21.596668","160","5","1"
"3962","2024-12-27 19:07:00","CERRADA","2024-12-27 20:21:50.593645","2024-12-27 19:07:00","219.00",4,"2024-12-27 20:21:50.593645","189","14","1"
"3963","2024-03-04 21:05:00","CERRADA","2024-03-04 23:09:04.356713","2024-03-04 21:05:00","42.00",5,"2024-03-04 23:09:04.356713","162","11","1"
"3964","2024-01-05 14:34:00","CERRADA","2024-01-05 17:30:32.829027","2024-01-05 14:34:00","84.00",6,"2024-01-05 17:30:32.829027","1","6","1"
"3965","2023-08-04 20:37:00","CERRADA","2023-08-04 23:15:02.598541","2023-08-04 20:37:00","283.00",6,"2023-08-04 23:15:02.598541","67","12","1"
"3966","2023-10-20 20:14:00","CERRADA","2023-10-20 22:53:03.435306","2023-10-20 20:14:00","442.00",4,"2023-10-20 22:53:03.435306","18","3","1"
"3967","2025-03-28 14:01:00","CERRADA","2025-03-28 16:52:07.612614","2025-03-28 14:01:00","227.00",6,"2025-03-28 16:52:07.612614","107","11","1"
"3968","2025-04-18 21:52:00","CERRADA","2025-04-18 23:46:07.667106","2025-04-18 21:52:00","289.00",8,"2025-04-18 23:46:07.667106","25","14","1"
"3969","2023-12-20 19:31:00","CERRADA","2023-12-20 21:29:38.330195","2023-12-20 19:31:00","48.00",5,"2023-12-20 21:29:38.330195","134","13","1"
"3970","2024-08-27 19:18:00","CERRADA","2024-08-27 21:54:48.473936","2024-08-27 19:18:00","126.00",7,"2024-08-27 21:54:48.473936","142","10","1"
"3971","2024-07-05 21:42:00","CERRADA","2024-07-05 23:36:53.816151","2024-07-05 21:42:00","70.00",3,"2024-07-05 23:36:53.816151","6","7","1"
"3972","2024-12-25 14:57:00","CERRADA","2024-12-25 17:15:11.427909","2024-12-25 14:57:00","273.00",4,"2024-12-25 17:15:11.427909","1","13","1"
"3973","2023-10-27 14:01:00","CERRADA","2023-10-27 15:57:08.076959","2023-10-27 14:01:00","39.00",2,"2023-10-27 15:57:08.076959","196","1","1"
"3974","2023-12-21 19:03:00","CERRADA","2023-12-21 21:11:49.233679","2023-12-21 19:03:00","235.00",6,"2023-12-21 21:11:49.233679","1","5","1"
"3975","2023-10-24 19:01:00","CERRADA","2023-10-24 20:53:50.593548","2023-10-24 19:01:00","352.00",4,"2023-10-24 20:53:50.593548","1","14","1"
"3976","2025-06-02 00:00:00","CERRADA","2025-06-02 00:00:00","2025-06-02 00:00:00","88.00",2,"2025-06-02 00:00:00","71","6","1"
"3977","2025-04-28 14:15:00","CERRADA","2025-04-28 16:35:52.703224","2025-04-28 14:15:00","202.00",4,"2025-04-28 16:35:52.703224","32","11","1"
"3978","2023-11-10 13:43:00","CERRADA","2023-11-10 16:33:57.45951","2023-11-10 13:43:00","216.00",5,"2023-11-10 16:33:57.45951","273","5","1"
"3979","2025-06-02 00:00:00","CERRADA","2025-06-02 00:00:00","2025-06-02 00:00:00","237.00",5,"2025-06-02 00:00:00","257","10","1"
"3980","2024-12-02 13:46:00","CERRADA","2024-12-02 14:59:06.201247","2024-12-02 13:46:00","58.00",8,"2024-12-02 14:59:06.201247","183","14","1"
"3981","2024-08-24 13:54:00","CERRADA","2024-08-24 15:11:24.473376","2024-08-24 13:54:00","142.00",3,"2024-08-24 15:11:24.473376","149","11","1"
"3982","2025-02-05 21:58:00","CERRADA","2025-02-05 23:13:31.260635","2025-02-05 21:58:00","406.00",4,"2025-02-05 23:13:31.260635","14","3","1"
"3983","2025-05-30 12:17:00","CERRADA","2025-05-30 14:44:24.486805","2025-05-30 12:17:00","302.00",5,"2025-05-30 14:44:24.486805","238","7","1"
"3984","2023-07-17 12:01:00","CERRADA","2023-07-17 13:43:01.548128","2023-07-17 12:01:00","198.00",2,"2023-07-17 13:43:01.548128","189","2","1"
"3985","2024-08-27 21:18:00","CERRADA","2024-08-27 23:39:30.030776","2024-08-27 21:18:00","376.00",3,"2024-08-27 23:39:30.030776","1","12","1"
"3986","2024-08-27 19:30:00","CERRADA","2024-08-27 22:05:21.044287","2024-08-27 19:30:00","249.00",3,"2024-08-27 22:05:21.044287","184","3","1"
"3987","2024-12-10 19:12:00","CERRADA","2024-12-10 21:39:46.144401","2024-12-10 19:12:00","98.00",5,"2024-12-10 21:39:46.144401","109","6","1"
"3988","2025-02-14 13:05:00","CERRADA","2025-02-14 15:43:59.077017","2025-02-14 13:05:00","361.00",4,"2025-02-14 15:43:59.077017","227","9","1"
"3989","2024-06-28 13:04:00","CERRADA","2024-06-28 14:34:53.70969","2024-06-28 13:04:00","206.00",3,"2024-06-28 14:34:53.70969","23","1","1"
"3990","2025-05-16 20:42:00","CERRADA","2025-05-16 23:16:28.541178","2025-05-16 20:42:00","210.00",5,"2025-05-16 23:16:28.541178","1","11","1"
"3991","2024-08-09 19:15:00","CERRADA","2024-08-09 20:28:22.07067","2024-08-09 19:15:00","153.00",6,"2024-08-09 20:28:22.07067","1","15","1"
"3992","2023-08-11 21:51:00","CERRADA","2023-08-11 23:59:12.080587","2023-08-11 21:51:00","216.00",4,"2023-08-11 23:59:12.080587","94","1","1"
"3993","2024-01-26 13:06:00","CERRADA","2024-01-26 16:03:53.319168","2024-01-26 13:06:00","276.00",4,"2024-01-26 16:03:53.319168","245","10","1"
"3994","2023-08-28 12:57:00","CERRADA","2023-08-28 15:54:26.674996","2023-08-28 12:57:00","146.00",5,"2023-08-28 15:54:26.674996","100","15","1"
"3995","2025-02-12 12:33:00","CERRADA","2025-02-12 13:50:55.518898","2025-02-12 12:33:00","141.00",6,"2025-02-12 13:50:55.518898","234","11","1"
"3996","2024-12-27 21:30:00","CERRADA","2024-12-27 22:40:14.81884","2024-12-27 21:30:00","326.00",1,"2024-12-27 22:40:14.81884","11","1","1"
"3997","2024-05-24 21:44:00","CERRADA","2024-05-24 23:22:48.112824","2024-05-24 21:44:00","309.00",5,"2024-05-24 23:22:48.112824","64","9","1"
"3998","2024-01-05 20:58:00","CERRADA","2024-01-05 23:31:34.309031","2024-01-05 20:58:00","503.00",4,"2024-01-05 23:31:34.309031","21","3","1"
"3999","2024-09-20 12:12:00","CERRADA","2024-09-20 13:32:04.919486","2024-09-20 12:12:00","69.00",2,"2024-09-20 13:32:04.919486","239","6","1"
"4000","2024-08-19 14:04:00","CERRADA","2024-08-19 15:59:46.970129","2024-08-19 14:04:00","90.00",1,"2024-08-19 15:59:46.970129","284","9","1"
"4001","2023-06-30 20:27:00","CERRADA","2023-06-30 22:26:14.099338","2023-06-30 20:27:00","222.00",4,"2023-06-30 22:26:14.099338","145","2","1"
"4002","2025-05-02 12:37:00","CERRADA","2025-05-02 14:17:39.212603","2025-05-02 12:37:00","192.00",6,"2025-05-02 14:17:39.212603","250","6","1"
"4003","2023-07-21 19:11:00","CERRADA","2023-07-21 21:59:09.049883","2023-07-21 19:11:00","274.00",6,"2023-07-21 21:59:09.049883","1","5","1"
"4004","2023-10-13 14:06:00","CERRADA","2023-10-13 16:10:49.272375","2023-10-13 14:06:00","260.00",7,"2023-10-13 16:10:49.272375","151","11","1"
"4005","2024-12-19 14:58:00","CERRADA","2024-12-19 16:03:31.091488","2024-12-19 14:58:00","224.00",5,"2024-12-19 16:03:31.091488","70","1","1"
"4006","2023-11-03 14:42:00","CERRADA","2023-11-03 16:05:12.327561","2023-11-03 14:42:00","229.00",7,"2023-11-03 16:05:12.327561","1","5","1"
"4007","2023-09-22 21:48:00","CERRADA","2023-09-23 00:34:23.8963","2023-09-22 21:48:00","305.00",5,"2023-09-23 00:34:23.8963","105","14","1"
"4008","2025-01-03 21:57:00","CERRADA","2025-01-04 00:37:18.692437","2025-01-03 21:57:00","193.00",7,"2025-01-04 00:37:18.692437","19","8","1"
"4009","2025-02-28 12:25:00","CERRADA","2025-02-28 14:42:28.531767","2025-02-28 12:25:00","301.00",5,"2025-02-28 14:42:28.531767","163","8","1"
"4010","2024-08-16 19:39:00","CERRADA","2024-08-16 21:07:20.280493","2024-08-16 19:39:00","105.00",3,"2024-08-16 21:07:20.280493","1","8","1"
"4011","2024-07-12 14:36:00","CERRADA","2024-07-12 16:01:31.879997","2024-07-12 14:36:00","227.00",6,"2024-07-12 16:01:31.879997","277","10","1"
"4012","2024-05-31 13:59:00","CERRADA","2024-05-31 16:46:15.742857","2024-05-31 13:59:00","48.00",5,"2024-05-31 16:46:15.742857","1","7","1"
"4013","2024-12-13 14:02:00","CERRADA","2024-12-13 15:59:53.804567","2024-12-13 14:02:00","118.00",8,"2024-12-13 15:59:53.804567","1","15","1"
"4014","2024-11-04 20:11:00","CERRADA","2024-11-04 23:09:17.402041","2024-11-04 20:11:00","120.00",2,"2024-11-04 23:09:17.402041","201","6","1"
"4015","2023-07-23 13:42:00","CERRADA","2023-07-23 16:38:17.000389","2023-07-23 13:42:00","182.00",3,"2023-07-23 16:38:17.000389","1","15","1"
"4016","2024-10-25 19:11:00","CERRADA","2024-10-25 22:09:40.853058","2024-10-25 19:11:00","55.00",6,"2024-10-25 22:09:40.853058","242","4","1"
"4017","2024-12-18 20:55:00","CERRADA","2024-12-18 23:04:07.972209","2024-12-18 20:55:00","128.00",1,"2024-12-18 23:04:07.972209","129","1","1"
"4018","2024-02-02 14:49:00","CERRADA","2024-02-02 16:35:36.19176","2024-02-02 14:49:00","169.00",6,"2024-02-02 16:35:36.19176","1","2","1"
"4019","2024-05-08 13:26:00","CERRADA","2024-05-08 15:44:24.216775","2024-05-08 13:26:00","136.00",1,"2024-05-08 15:44:24.216775","299","9","1"
"4020","2024-03-08 13:52:00","CERRADA","2024-03-08 16:08:25.482506","2024-03-08 13:52:00","342.00",4,"2024-03-08 16:08:25.482506","107","1","1"
"4021","2024-08-19 20:56:00","CERRADA","2024-08-19 23:17:33.50579","2024-08-19 20:56:00","90.00",6,"2024-08-19 23:17:33.50579","98","3","1"
"4022","2023-06-30 19:02:00","CERRADA","2023-06-30 20:04:59.236713","2023-06-30 19:02:00","284.00",8,"2023-06-30 20:04:59.236713","1","8","1"
"4023","2024-02-02 12:50:00","CERRADA","2024-02-02 14:23:20.005767","2024-02-02 12:50:00","161.00",5,"2024-02-02 14:23:20.005767","195","2","1"
"4024","2023-12-22 21:46:00","CERRADA","2023-12-23 00:02:25.893979","2023-12-22 21:46:00","346.00",5,"2023-12-23 00:02:25.893979","251","5","1"
"4025","2024-10-29 13:55:00","CERRADA","2024-10-29 15:04:31.21755","2024-10-29 13:55:00","213.00",4,"2024-10-29 15:04:31.21755","1","7","1"
"4026","2024-04-05 14:23:00","CERRADA","2024-04-05 17:03:00.048378","2024-04-05 14:23:00","88.00",8,"2024-04-05 17:03:00.048378","246","12","1"
"4027","2024-03-25 14:04:00","CERRADA","2024-03-25 15:36:53.187241","2024-03-25 14:04:00","239.00",3,"2024-03-25 15:36:53.187241","64","9","1"
"4028","2025-06-02 00:00:00","CERRADA","2025-06-02 00:00:00","2025-06-02 00:00:00","95.00",4,"2025-06-02 00:00:00","187","15","1"
"4029","2025-06-02 00:00:00","CERRADA","2025-06-02 00:00:00","2025-06-02 00:00:00","316.00",5,"2025-06-02 00:00:00","108","12","1"
"4030","2023-10-06 12:29:00","CERRADA","2023-10-06 14:52:50.471411","2023-10-06 12:29:00","198.00",3,"2023-10-06 14:52:50.471411","270","15","1"
"4031","2024-03-24 14:59:00","CERRADA","2024-03-24 17:32:40.07661","2024-03-24 14:59:00","206.00",1,"2024-03-24 17:32:40.07661","72","11","1"
"4032","2025-04-18 19:41:00","CERRADA","2025-04-18 22:04:29.256026","2025-04-18 19:41:00","86.00",6,"2025-04-18 22:04:29.256026","249","2","1"
"4033","2024-12-20 12:57:00","CERRADA","2024-12-20 14:08:50.860083","2024-12-20 12:57:00","119.00",7,"2024-12-20 14:08:50.860083","153","6","1"
"4034","2025-04-04 21:28:00","CERRADA","2025-04-04 23:58:13.215341","2025-04-04 21:28:00","291.00",8,"2025-04-04 23:58:13.215341","160","6","1"
"4035","2024-08-23 19:25:00","CERRADA","2024-08-23 20:30:37.45631","2024-08-23 19:25:00","248.00",8,"2024-08-23 20:30:37.45631","192","14","1"
"4036","2025-03-21 14:56:00","CERRADA","2025-03-21 16:34:28.718004","2025-03-21 14:56:00","204.00",6,"2025-03-21 16:34:28.718004","6","9","1"
"4037","2024-03-22 19:33:00","CERRADA","2024-03-22 20:49:07.390533","2024-03-22 19:33:00","52.00",1,"2024-03-22 20:49:07.390533","253","6","1"
"4038","2024-07-07 12:27:00","CERRADA","2024-07-07 13:36:14.435922","2024-07-07 12:27:00","91.00",8,"2024-07-07 13:36:14.435922","251","3","1"
"4039","2024-07-30 20:29:00","CERRADA","2024-07-30 23:03:02.181624","2024-07-30 20:29:00","203.00",1,"2024-07-30 23:03:02.181624","187","12","1"
"4040","2023-07-07 13:19:00","CERRADA","2023-07-07 15:08:47.176172","2023-07-07 13:19:00","168.00",5,"2023-07-07 15:08:47.176172","271","7","1"
"4041","2024-02-09 14:15:00","CERRADA","2024-02-09 15:21:40.389926","2024-02-09 14:15:00","184.00",1,"2024-02-09 15:21:40.389926","1","4","1"
"4042","2024-02-04 12:58:00","CERRADA","2024-02-04 14:11:26.675799","2024-02-04 12:58:00","320.00",4,"2024-02-04 14:11:26.675799","99","10","1"
"4043","2024-07-19 14:21:00","CERRADA","2024-07-19 16:23:46.105476","2024-07-19 14:21:00","178.00",1,"2024-07-19 16:23:46.105476","1","5","1"
"4044","2024-05-31 14:04:00","CERRADA","2024-05-31 15:37:10.656792","2024-05-31 14:04:00","149.00",5,"2024-05-31 15:37:10.656792","70","12","1"
"4045","2024-05-24 13:20:00","CERRADA","2024-05-24 14:28:44.577316","2024-05-24 13:20:00","65.00",5,"2024-05-24 14:28:44.577316","236","15","1"
"4046","2025-03-28 12:42:00","CERRADA","2025-03-28 14:10:59.058459","2025-03-28 12:42:00","52.00",4,"2025-03-28 14:10:59.058459","294","15","1"
"4047","2024-12-10 21:51:00","CERRADA","2024-12-11 00:00:01.207893","2024-12-10 21:51:00","122.00",7,"2024-12-11 00:00:01.207893","205","7","1"
"4048","2023-08-11 13:20:00","CERRADA","2023-08-11 16:13:20.765509","2023-08-11 13:20:00","262.00",5,"2023-08-11 16:13:20.765509","277","7","1"
"4049","2025-02-05 12:49:00","CERRADA","2025-02-05 15:27:40.05318","2025-02-05 12:49:00","674.00",2,"2025-02-05 15:27:40.05318","25","12","1"
"4050","2025-02-14 21:10:00","CERRADA","2025-02-14 23:21:01.760412","2025-02-14 21:10:00","553.00",7,"2025-02-14 23:21:01.760412","68","5","1"
"4051","2024-08-16 12:31:00","CERRADA","2024-08-16 15:26:55.931457","2024-08-16 12:31:00","193.00",3,"2024-08-16 15:26:55.931457","276","5","1"
"4052","2023-12-02 19:52:00","CERRADA","2023-12-02 21:01:14.963884","2023-12-02 19:52:00","237.00",1,"2023-12-02 21:01:14.963884","224","8","1"
"4053","2025-04-24 13:34:00","CERRADA","2025-04-24 16:28:36.774001","2025-04-24 13:34:00","150.00",6,"2025-04-24 16:28:36.774001","1","11","1"
"4054","2023-10-07 21:04:00","CERRADA","2023-10-07 23:12:39.344547","2023-10-07 21:04:00","77.00",3,"2023-10-07 23:12:39.344547","53","15","1"
"4055","2023-11-24 21:17:00","CERRADA","2023-11-24 23:07:02.921481","2023-11-24 21:17:00","306.00",7,"2023-11-24 23:07:02.921481","182","12","1"
"4056","2024-07-17 20:13:00","CERRADA","2024-07-17 23:11:14.960064","2024-07-17 20:13:00","282.00",7,"2024-07-17 23:11:14.960064","20","2","1"
"4057","2023-12-12 14:15:00","CERRADA","2023-12-12 16:35:49.895643","2023-12-12 14:15:00","340.00",5,"2023-12-12 16:35:49.895643","269","3","1"
"4058","2023-07-26 20:48:00","CERRADA","2023-07-26 22:51:14.780562","2023-07-26 20:48:00","207.00",4,"2023-07-26 22:51:14.780562","143","1","1"
"4059","2023-08-04 14:12:00","CERRADA","2023-08-04 16:42:21.769449","2023-08-04 14:12:00","157.00",3,"2023-08-04 16:42:21.769449","142","15","1"
"4060","2023-06-16 13:47:00","CERRADA","2023-06-16 16:31:03.260296","2023-06-16 13:47:00","288.00",6,"2023-06-16 16:31:03.260296","251","5","1"
"4061","2025-01-20 20:50:00","CERRADA","2025-01-20 22:45:52.54047","2025-01-20 20:50:00","148.00",1,"2025-01-20 22:45:52.54047","1","9","1"
"4062","2023-12-29 12:29:00","CERRADA","2023-12-29 14:27:06.358618","2023-12-29 12:29:00","75.00",5,"2023-12-29 14:27:06.358618","140","1","1"
"4063","2025-05-21 13:48:00","CERRADA","2025-05-21 16:32:22.899497","2025-05-21 13:48:00","188.00",6,"2025-05-21 16:32:22.899497","91","4","1"
"4064","2024-05-31 12:28:00","CERRADA","2024-05-31 13:43:16.371316","2024-05-31 12:28:00","319.00",7,"2024-05-31 13:43:16.371316","114","8","1"
"4065","2024-08-19 12:11:00","CERRADA","2024-08-19 15:00:05.789287","2024-08-19 12:11:00","429.00",6,"2024-08-19 15:00:05.789287","117","6","1"
"4066","2025-01-17 21:55:00","CERRADA","2025-01-17 23:10:18.265447","2025-01-17 21:55:00","258.00",4,"2025-01-17 23:10:18.265447","56","6","1"
"4067","2023-10-22 21:06:00","CERRADA","2023-10-22 22:30:55.397448","2023-10-22 21:06:00","284.00",1,"2023-10-22 22:30:55.397448","238","12","1"
"4068","2025-06-02 00:00:00","CERRADA","2025-06-02 00:00:00","2025-06-02 00:00:00","338.00",4,"2025-06-02 00:00:00","115","11","1"
"4069","2024-03-22 13:45:00","CERRADA","2024-03-22 16:31:08.871447","2024-03-22 13:45:00","76.00",3,"2024-03-22 16:31:08.871447","171","9","1"
"4070","2024-12-19 12:09:00","CERRADA","2024-12-19 15:07:22.058303","2024-12-19 12:09:00","428.00",1,"2024-12-19 15:07:22.058303","69","10","1"
"4071","2024-04-19 14:51:00","CERRADA","2024-04-19 16:12:41.469992","2024-04-19 14:51:00","179.00",6,"2024-04-19 16:12:41.469992","126","10","1"
"4072","2025-06-02 00:00:00","CERRADA","2025-06-02 00:00:00","2025-06-02 00:00:00","120.00",7,"2025-06-02 00:00:00","1","2","1"
"4073","2024-08-10 13:25:00","CERRADA","2024-08-10 14:57:02.728834","2024-08-10 13:25:00","203.00",1,"2024-08-10 14:57:02.728834","47","1","1"
"4074","2025-06-02 00:00:00","CERRADA","2025-06-02 00:00:00","2025-06-02 00:00:00","267.00",7,"2025-06-02 00:00:00","84","12","1"
"4075","2024-07-13 13:29:00","CERRADA","2024-07-13 15:30:02.00892","2024-07-13 13:29:00","284.00",8,"2024-07-13 15:30:02.00892","78","3","1"
"4076","2024-12-13 12:38:00","CERRADA","2024-12-13 15:27:55.212841","2024-12-13 12:38:00","114.00",8,"2024-12-13 15:27:55.212841","1","9","1"
"4077","2023-07-16 21:27:00","CERRADA","2023-07-16 22:52:24.28606","2023-07-16 21:27:00","245.00",1,"2023-07-16 22:52:24.28606","192","4","1"
"4078","2025-03-23 14:18:00","CERRADA","2025-03-23 16:06:17.908046","2025-03-23 14:18:00","126.00",7,"2025-03-23 16:06:17.908046","1","6","1"
"4079","2024-12-19 21:01:00","CERRADA","2024-12-19 22:29:57.570421","2024-12-19 21:01:00","271.00",3,"2024-12-19 22:29:57.570421","63","8","1"
"4080","2024-08-19 14:41:00","CERRADA","2024-08-19 17:15:40.457942","2024-08-19 14:41:00","232.00",4,"2024-08-19 17:15:40.457942","217","11","1"
"4081","2023-08-11 21:12:00","CERRADA","2023-08-11 22:51:56.857817","2023-08-11 21:12:00","200.00",5,"2023-08-11 22:51:56.857817","1","7","1"
"4082","2023-08-10 12:50:00","CERRADA","2023-08-10 15:17:29.43789","2023-08-10 12:50:00","216.00",6,"2023-08-10 15:17:29.43789","255","4","1"
"4083","2024-06-03 20:26:00","CERRADA","2024-06-03 22:05:15.904115","2024-06-03 20:26:00","113.00",7,"2024-06-03 22:05:15.904115","1","7","1"
"4084","2025-05-30 13:11:00","CERRADA","2025-05-30 15:19:19.456063","2025-05-30 13:11:00","474.00",4,"2025-05-30 15:19:19.456063","23","13","1"
"4085","2025-06-02 00:00:00","CERRADA","2025-06-02 00:00:00","2025-06-02 00:00:00","183.00",5,"2025-06-02 00:00:00","141","9","1"
"4086","2024-10-05 21:12:00","CERRADA","2024-10-05 23:06:22.745832","2024-10-05 21:12:00","55.00",6,"2024-10-05 23:06:22.745832","137","6","1"
"4087","2023-07-21 19:19:00","CERRADA","2023-07-21 20:44:40.827158","2023-07-21 19:19:00","327.00",7,"2023-07-21 20:44:40.827158","250","7","1"
"4088","2024-12-13 20:09:00","CERRADA","2024-12-13 21:23:37.390213","2024-12-13 20:09:00","141.00",2,"2024-12-13 21:23:37.390213","243","1","1"
"4089","2024-04-15 20:09:00","CERRADA","2024-04-15 21:28:56.608254","2024-04-15 20:09:00","63.00",3,"2024-04-15 21:28:56.608254","104","6","1"
"4090","2025-06-02 00:00:00","CERRADA","2025-06-02 00:00:00","2025-06-02 00:00:00","216.00",5,"2025-06-02 00:00:00","18","2","1"
"4091","2024-12-13 21:42:00","CERRADA","2024-12-13 23:17:17.217498","2024-12-13 21:42:00","217.00",1,"2024-12-13 23:17:17.217498","170","4","1"
"4092","2023-07-23 13:19:00","CERRADA","2023-07-23 14:55:24.827599","2023-07-23 13:19:00","43.00",1,"2023-07-23 14:55:24.827599","236","11","1"
"4093","2025-05-09 21:52:00","CERRADA","2025-05-09 22:52:35.091323","2025-05-09 21:52:00","150.00",5,"2025-05-09 22:52:35.091323","202","7","1"
"4094","2024-01-05 21:47:00","CERRADA","2024-01-05 23:29:43.063193","2024-01-05 21:47:00","94.00",5,"2024-01-05 23:29:43.063193","1","11","1"
"4095","2025-01-17 19:10:00","CERRADA","2025-01-17 21:18:30.221465","2025-01-17 19:10:00","181.00",6,"2025-01-17 21:18:30.221465","273","6","1"
"4096","2025-06-02 00:00:00","CERRADA","2025-06-02 00:00:00","2025-06-02 00:00:00","277.00",7,"2025-06-02 00:00:00","1","7","1"
"4097","2024-07-28 20:45:00","CERRADA","2024-07-28 22:04:52.657675","2024-07-28 20:45:00","148.00",5,"2024-07-28 22:04:52.657675","127","11","1"
"4098","2024-09-27 21:15:00","CERRADA","2024-09-27 22:45:23.870246","2024-09-27 21:15:00","273.00",5,"2024-09-27 22:45:23.870246","1","12","1"
"4099","2023-08-22 20:46:00","CERRADA","2023-08-22 23:15:14.252693","2023-08-22 20:46:00","343.00",7,"2023-08-22 23:15:14.252693","222","7","1"
"4100","2023-11-24 21:47:00","CERRADA","2023-11-24 23:49:23.664785","2023-11-24 21:47:00","364.00",7,"2023-11-24 23:49:23.664785","26","7","1"
"4101","2024-03-06 14:56:00","CERRADA","2024-03-06 15:58:16.845647","2024-03-06 14:56:00","334.00",3,"2024-03-06 15:58:16.845647","243","10","1"
"4102","2025-02-27 12:14:00","CERRADA","2025-02-27 14:34:03.991179","2025-02-27 12:14:00","53.00",7,"2025-02-27 14:34:03.991179","186","2","1"
"4103","2025-05-14 20:15:00","CERRADA","2025-05-14 22:20:20.079698","2025-05-14 20:15:00","274.00",4,"2025-05-14 22:20:20.079698","289","9","1"
"4104","2024-03-08 13:41:00","CERRADA","2024-03-08 16:20:54.567729","2024-03-08 13:41:00","103.00",4,"2024-03-08 16:20:54.567729","298","12","1"
"4105","2025-06-02 00:00:00","CERRADA","2025-06-02 00:00:00","2025-06-02 00:00:00","82.00",8,"2025-06-02 00:00:00","1","8","1"
"4106","2023-08-12 13:06:00","CERRADA","2023-08-12 15:06:08.454364","2023-08-12 13:06:00","136.00",3,"2023-08-12 15:06:08.454364","1","15","1"
"4107","2024-02-09 13:04:00","CERRADA","2024-02-09 15:55:22.90069","2024-02-09 13:04:00","296.00",3,"2024-02-09 15:55:22.90069","17","1","1"
"4108","2025-05-02 20:35:00","CERRADA","2025-05-02 21:56:17.518724","2025-05-02 20:35:00","247.00",4,"2025-05-02 21:56:17.518724","204","11","1"
"4109","2023-10-06 19:11:00","CERRADA","2023-10-06 20:15:11.743117","2023-10-06 19:11:00","499.00",4,"2023-10-06 20:15:11.743117","25","3","1"
"4110","2024-02-09 19:40:00","CERRADA","2024-02-09 21:18:25.440853","2024-02-09 19:40:00","260.00",1,"2024-02-09 21:18:25.440853","180","10","1"
"4111","2023-06-09 21:37:00","CERRADA","2023-06-09 23:53:39.750602","2023-06-09 21:37:00","139.00",1,"2023-06-09 23:53:39.750602","1","12","1"
"4112","2024-06-21 13:52:00","CERRADA","2024-06-21 16:22:55.875412","2024-06-21 13:52:00","88.00",8,"2024-06-21 16:22:55.875412","1","2","1"
"4113","2024-11-29 20:58:00","CERRADA","2024-11-29 23:31:22.444794","2024-11-29 20:58:00","172.00",5,"2024-11-29 23:31:22.444794","1","14","1"
"4114","2024-10-18 12:29:00","CERRADA","2024-10-18 15:26:09.854588","2024-10-18 12:29:00","110.00",5,"2024-10-18 15:26:09.854588","39","6","1"
"4115","2023-10-20 13:57:00","CERRADA","2023-10-20 15:00:58.886968","2023-10-20 13:57:00","84.00",1,"2023-10-20 15:00:58.886968","284","8","1"
"4116","2025-04-04 12:55:00","CERRADA","2025-04-04 15:39:20.904955","2025-04-04 12:55:00","91.00",4,"2025-04-04 15:39:20.904955","25","10","1"
"4117","2025-03-05 13:53:00","CERRADA","2025-03-05 15:17:35.245544","2025-03-05 13:53:00","183.00",5,"2025-03-05 15:17:35.245544","1","4","1"
"4118","2025-06-02 00:00:00","CERRADA","2025-06-02 00:00:00","2025-06-02 00:00:00","677.00",6,"2025-06-02 00:00:00","8","1","1"
"4119","2024-07-05 12:56:00","CERRADA","2024-07-05 14:15:40.985754","2024-07-05 12:56:00","138.00",8,"2024-07-05 14:15:40.985754","181","3","1"
"4120","2025-06-02 00:00:00","CERRADA","2025-06-02 00:00:00","2025-06-02 00:00:00","186.00",8,"2025-06-02 00:00:00","52","7","1"
"4121","2024-07-19 19:59:00","CERRADA","2024-07-19 21:55:11.625019","2024-07-19 19:59:00","768.00",2,"2024-07-19 21:55:11.625019","15","2","1"
"4122","2023-08-18 12:21:00","CERRADA","2023-08-18 13:43:39.37467","2023-08-18 12:21:00","388.00",7,"2023-08-18 13:43:39.37467","1","9","1"
"4123","2024-08-23 13:10:00","CERRADA","2024-08-23 14:14:53.730298","2024-08-23 13:10:00","268.00",3,"2024-08-23 14:14:53.730298","133","13","1"
"4124","2024-12-01 12:23:00","CERRADA","2024-12-01 14:58:01.974313","2024-12-01 12:23:00","288.00",6,"2024-12-01 14:58:01.974313","44","8","1"
"4125","2023-08-03 14:50:00","CERRADA","2023-08-03 16:28:22.048105","2023-08-03 14:50:00","208.00",2,"2023-08-03 16:28:22.048105","269","5","1"
"4126","2024-12-13 19:03:00","CERRADA","2024-12-13 20:30:55.331128","2024-12-13 19:03:00","150.00",3,"2024-12-13 20:30:55.331128","258","6","1"
"4127","2025-02-21 20:41:00","CERRADA","2025-02-21 23:08:07.754826","2025-02-21 20:41:00","190.00",8,"2025-02-21 23:08:07.754826","130","7","1"
"4128","2024-07-12 12:21:00","CERRADA","2024-07-12 15:13:03.10026","2024-07-12 12:21:00","170.00",8,"2024-07-12 15:13:03.10026","1","11","1"
"4129","2023-07-01 19:41:00","CERRADA","2023-07-01 21:52:23.589505","2023-07-01 19:41:00","141.00",1,"2023-07-01 21:52:23.589505","169","12","1"
"4130","2025-01-03 20:58:00","CERRADA","2025-01-03 22:26:21.058574","2025-01-03 20:58:00","139.00",3,"2025-01-03 22:26:21.058574","72","9","1"
"4131","2023-08-05 19:57:00","CERRADA","2023-08-05 21:20:27.21784","2023-08-05 19:57:00","338.00",3,"2023-08-05 21:20:27.21784","57","2","1"
"4132","2024-06-14 19:20:00","CERRADA","2024-06-14 20:27:42.354902","2024-06-14 19:20:00","41.00",1,"2024-06-14 20:27:42.354902","17","2","1"
"4133","2023-08-20 21:25:00","CERRADA","2023-08-20 22:57:34.91895","2023-08-20 21:25:00","97.00",8,"2023-08-20 22:57:34.91895","141","14","1"
"4134","2024-11-08 21:42:00","CERRADA","2024-11-08 22:52:44.867","2024-11-08 21:42:00","122.00",7,"2024-11-08 22:52:44.867","227","10","1"
"4135","2023-08-04 12:19:00","CERRADA","2023-08-04 14:35:09.983624","2023-08-04 12:19:00","189.00",5,"2023-08-04 14:35:09.983624","1","13","1"
"4136","2025-06-02 00:00:00","CERRADA","2025-06-02 00:00:00","2025-06-02 00:00:00","339.00",2,"2025-06-02 00:00:00","43","4","1"
"4137","2024-08-30 14:08:00","CERRADA","2024-08-30 15:40:09.415221","2024-08-30 14:08:00","227.00",8,"2024-08-30 15:40:09.415221","1","7","1"
"4138","2023-07-14 19:27:00","CERRADA","2023-07-14 21:03:46.250131","2023-07-14 19:27:00","249.00",8,"2023-07-14 21:03:46.250131","16","2","1"
"4139","2023-07-14 13:35:00","CERRADA","2023-07-14 14:35:30.214293","2023-07-14 13:35:00","71.00",8,"2023-07-14 14:35:30.214293","249","14","1"
"4140","2024-08-06 21:08:00","CERRADA","2024-08-06 22:46:42.686248","2024-08-06 21:08:00","47.00",5,"2024-08-06 22:46:42.686248","181","4","1"
"4141","2025-03-14 20:17:00","CERRADA","2025-03-14 22:19:53.767692","2025-03-14 20:17:00","341.00",6,"2025-03-14 22:19:53.767692","78","1","1"
"4142","2023-11-27 20:38:00","CERRADA","2023-11-27 23:23:10.134134","2023-11-27 20:38:00","232.00",8,"2023-11-27 23:23:10.134134","122","6","1"
"4143","2025-06-02 00:00:00","CERRADA","2025-06-02 00:00:00","2025-06-02 00:00:00","144.00",8,"2025-06-02 00:00:00","175","12","1"
"4144","2023-12-19 14:49:00","CERRADA","2023-12-19 16:35:05.694449","2023-12-19 14:49:00","243.00",7,"2023-12-19 16:35:05.694449","259","7","1"
"4145","2024-12-16 19:50:00","CERRADA","2024-12-16 22:11:14.651778","2024-12-16 19:50:00","195.00",8,"2024-12-16 22:11:14.651778","138","3","1"
"4146","2024-12-19 19:25:00","CERRADA","2024-12-19 20:44:55.355726","2024-12-19 19:25:00","77.00",2,"2024-12-19 20:44:55.355726","124","10","1"
"4147","2024-05-08 13:54:00","CERRADA","2024-05-08 15:31:24.512463","2024-05-08 13:54:00","245.00",4,"2024-05-08 15:31:24.512463","1","8","1"
"4148","2023-07-29 13:15:00","CERRADA","2023-07-29 14:47:25.221865","2023-07-29 13:15:00","112.00",3,"2023-07-29 14:47:25.221865","201","11","1"
"4149","2023-09-08 14:56:00","CERRADA","2023-09-08 17:18:41.053543","2023-09-08 14:56:00","246.00",3,"2023-09-08 17:18:41.053543","136","12","1"
"4150","2023-11-24 19:11:00","CERRADA","2023-11-24 21:57:25.638332","2023-11-24 19:11:00","101.00",7,"2023-11-24 21:57:25.638332","214","4","1"
"4151","2024-03-15 21:07:00","CERRADA","2024-03-15 23:35:49.414983","2024-03-15 21:07:00","178.00",5,"2024-03-15 23:35:49.414983","237","1","1"
"4152","2024-03-05 12:04:00","CERRADA","2024-03-05 13:16:37.8209","2024-03-05 12:04:00","72.00",4,"2024-03-05 13:16:37.8209","1","5","1"
"4153","2025-01-03 13:48:00","CERRADA","2025-01-03 16:25:33.248642","2025-01-03 13:48:00","357.00",5,"2025-01-03 16:25:33.248642","296","5","1"
"4154","2023-12-02 19:15:00","CERRADA","2023-12-02 21:15:40.803111","2023-12-02 19:15:00","133.00",5,"2023-12-02 21:15:40.803111","274","12","1"
"4155","2025-03-07 19:17:00","CERRADA","2025-03-07 21:47:17.503908","2025-03-07 19:17:00","43.00",3,"2025-03-07 21:47:17.503908","1","2","1"
"4156","2025-06-02 00:00:00","CERRADA","2025-06-02 00:00:00","2025-06-02 00:00:00","199.00",5,"2025-06-02 00:00:00","90","15","1"
"4157","2025-03-30 19:23:00","CERRADA","2025-03-30 21:54:45.649887","2025-03-30 19:23:00","106.00",4,"2025-03-30 21:54:45.649887","106","6","1"
"4158","2023-06-09 12:16:00","CERRADA","2023-06-09 14:00:13.80426","2023-06-09 12:16:00","445.00",4,"2023-06-09 14:00:13.80426","62","6","1"
"4159","2024-03-15 21:57:00","CERRADA","2024-03-15 23:25:09.179816","2024-03-15 21:57:00","200.00",4,"2024-03-15 23:25:09.179816","1","2","1"
"4160","2024-07-23 12:46:00","CERRADA","2024-07-23 14:46:22.83939","2024-07-23 12:46:00","177.00",3,"2024-07-23 14:46:22.83939","240","14","1"
"4161","2024-10-04 19:10:00","CERRADA","2024-10-04 20:47:01.477293","2024-10-04 19:10:00","195.00",4,"2024-10-04 20:47:01.477293","209","5","1"
"4162","2024-08-03 21:47:00","CERRADA","2024-08-03 23:57:50.433669","2024-08-03 21:47:00","253.00",2,"2024-08-03 23:57:50.433669","1","14","1"
"4163","2024-02-05 20:06:00","CERRADA","2024-02-05 22:51:42.854448","2024-02-05 20:06:00","180.00",7,"2024-02-05 22:51:42.854448","15","7","1"
"4164","2025-02-03 19:21:00","CERRADA","2025-02-03 20:22:04.47035","2025-02-03 19:21:00","132.00",8,"2025-02-03 20:22:04.47035","34","9","1"
"4165","2024-07-31 14:00:00","CERRADA","2024-07-31 15:16:39.310652","2024-07-31 14:00:00","180.00",2,"2024-07-31 15:16:39.310652","138","8","1"
"4166","2023-07-21 12:11:00","CERRADA","2023-07-21 15:00:14.624247","2023-07-21 12:11:00","122.00",7,"2023-07-21 15:00:14.624247","1","2","1"
"4167","2024-11-06 12:59:00","CERRADA","2024-11-06 14:19:43.094877","2024-11-06 12:59:00","91.00",7,"2024-11-06 14:19:43.094877","287","15","1"
"4168","2023-10-27 20:25:00","CERRADA","2023-10-27 22:56:32.591485","2023-10-27 20:25:00","561.00",5,"2023-10-27 22:56:32.591485","42","5","1"
"4169","2023-07-17 14:05:00","CERRADA","2023-07-17 15:38:23.504876","2023-07-17 14:05:00","193.00",5,"2023-07-17 15:38:23.504876","233","9","1"
"4170","2025-03-21 13:15:00","CERRADA","2025-03-21 15:39:40.00736","2025-03-21 13:15:00","292.00",1,"2025-03-21 15:39:40.00736","133","7","1"
"4171","2025-01-17 14:47:00","CERRADA","2025-01-17 16:58:52.615015","2025-01-17 14:47:00","284.00",6,"2025-01-17 16:58:52.615015","218","2","1"
"4172","2024-04-28 13:57:00","CERRADA","2024-04-28 16:27:25.356204","2024-04-28 13:57:00","132.00",8,"2024-04-28 16:27:25.356204","1","5","1"
"4173","2023-07-07 20:30:00","CERRADA","2023-07-07 22:49:12.557381","2023-07-07 20:30:00","161.00",4,"2023-07-07 22:49:12.557381","259","3","1"
"4174","2024-07-05 14:46:00","CERRADA","2024-07-05 17:01:05.289643","2024-07-05 14:46:00","86.00",4,"2024-07-05 17:01:05.289643","275","14","1"
"4175","2025-04-25 14:52:00","CERRADA","2025-04-25 17:33:38.222793","2025-04-25 14:52:00","220.00",5,"2025-04-25 17:33:38.222793","113","10","1"
"4176","2023-06-28 20:40:00","CERRADA","2023-06-28 22:29:10.667003","2023-06-28 20:40:00","197.00",7,"2023-06-28 22:29:10.667003","123","6","1"
"4177","2025-02-28 21:29:00","CERRADA","2025-03-01 00:17:51.85245","2025-02-28 21:29:00","314.00",1,"2025-03-01 00:17:51.85245","198","7","1"
"4178","2023-08-24 13:24:00","CERRADA","2023-08-24 14:43:49.401054","2023-08-24 13:24:00","274.00",2,"2023-08-24 14:43:49.401054","250","6","1"
"4179","2023-09-22 13:54:00","CERRADA","2023-09-22 15:27:17.445954","2023-09-22 13:54:00","217.00",5,"2023-09-22 15:27:17.445954","161","14","1"
"4180","2025-02-12 14:15:00","CERRADA","2025-02-12 15:55:21.836212","2025-02-12 14:15:00","429.00",6,"2025-02-12 15:55:21.836212","33","9","1"
"4181","2024-09-25 20:21:00","CERRADA","2024-09-25 21:25:34.084898","2024-09-25 20:21:00","152.00",4,"2024-09-25 21:25:34.084898","1","11","1"
"4182","2024-08-03 20:51:00","CERRADA","2024-08-03 23:20:56.28867","2024-08-03 20:51:00","140.00",6,"2024-08-03 23:20:56.28867","215","15","1"
"4183","2023-11-24 21:35:00","CERRADA","2023-11-25 00:14:32.038273","2023-11-24 21:35:00","302.00",2,"2023-11-25 00:14:32.038273","81","6","1"
"4184","2024-04-29 19:37:00","CERRADA","2024-04-29 22:07:10.898708","2024-04-29 19:37:00","288.00",8,"2024-04-29 22:07:10.898708","28","2","1"
"4185","2024-12-29 19:20:00","CERRADA","2024-12-29 22:05:17.065778","2024-12-29 19:20:00","242.00",5,"2024-12-29 22:05:17.065778","1","10","1"
"4186","2025-04-26 20:39:00","CERRADA","2025-04-26 21:45:19.694535","2025-04-26 20:39:00","71.00",5,"2025-04-26 21:45:19.694535","205","8","1"
"4187","2024-12-08 14:48:00","CERRADA","2024-12-08 15:58:45.668936","2024-12-08 14:48:00","31.00",6,"2024-12-08 15:58:45.668936","116","11","1"
"4188","2023-10-27 19:56:00","CERRADA","2023-10-27 21:34:25.177504","2023-10-27 19:56:00","337.00",5,"2023-10-27 21:34:25.177504","44","3","1"
"4189","2023-08-11 20:55:00","CERRADA","2023-08-11 22:52:50.935395","2023-08-11 20:55:00","165.00",6,"2023-08-11 22:52:50.935395","1","9","1"
"4190","2024-08-02 19:47:00","CERRADA","2024-08-02 21:07:06.568606","2024-08-02 19:47:00","120.00",5,"2024-08-02 21:07:06.568606","172","3","1"
"4191","2023-08-30 19:04:00","CERRADA","2023-08-30 20:12:16.424346","2023-08-30 19:04:00","125.00",3,"2023-08-30 20:12:16.424346","263","6","1"
"4192","2024-08-06 14:38:00","CERRADA","2024-08-06 17:25:10.330726","2024-08-06 14:38:00","64.00",4,"2024-08-06 17:25:10.330726","271","8","1"
"4193","2024-03-22 12:30:00","CERRADA","2024-03-22 13:40:12.207974","2024-03-22 12:30:00","45.00",1,"2024-03-22 13:40:12.207974","113","12","1"
"4194","2024-02-09 21:14:00","CERRADA","2024-02-09 22:21:20.318272","2024-02-09 21:14:00","127.00",1,"2024-02-09 22:21:20.318272","1","7","1"
"4195","2023-09-01 19:41:00","CERRADA","2023-09-01 22:17:31.250174","2023-09-01 19:41:00","122.00",5,"2023-09-01 22:17:31.250174","1","5","1"
"4196","2025-06-02 00:00:00","CERRADA","2025-06-02 00:00:00","2025-06-02 00:00:00","387.00",1,"2025-06-02 00:00:00","94","11","1"
"4197","2023-07-07 19:46:00","CERRADA","2023-07-07 22:43:10.374351","2023-07-07 19:46:00","177.00",2,"2023-07-07 22:43:10.374351","83","11","1"
"4198","2024-09-20 14:48:00","CERRADA","2024-09-20 17:42:29.755132","2024-09-20 14:48:00","281.00",8,"2024-09-20 17:42:29.755132","1","8","1"
"4199","2024-08-05 20:07:00","CERRADA","2024-08-05 22:20:36.340256","2024-08-05 20:07:00","227.00",5,"2024-08-05 22:20:36.340256","184","6","1"
"4200","2023-12-29 12:06:00","CERRADA","2023-12-29 14:54:12.546937","2023-12-29 12:06:00","172.00",5,"2023-12-29 14:54:12.546937","1","12","1"
"4201","2024-06-21 20:39:00","CERRADA","2024-06-21 23:06:47.401175","2024-06-21 20:39:00","428.00",6,"2024-06-21 23:06:47.401175","106","10","1"
"4202","2023-12-29 12:19:00","CERRADA","2023-12-29 15:15:51.39391","2023-12-29 12:19:00","119.00",2,"2023-12-29 15:15:51.39391","129","4","1"
"4203","2024-09-20 12:27:00","CERRADA","2024-09-20 13:43:38.024858","2024-09-20 12:27:00","192.00",1,"2024-09-20 13:43:38.024858","174","12","1"
"4204","2024-08-30 21:07:00","CERRADA","2024-08-30 23:36:33.720189","2024-08-30 21:07:00","121.00",7,"2024-08-30 23:36:33.720189","1","1","1"
"4205","2023-11-10 19:18:00","CERRADA","2023-11-10 21:25:29.906926","2023-11-10 19:18:00","258.00",7,"2023-11-10 21:25:29.906926","261","8","1"
"4206","2024-09-08 20:29:00","CERRADA","2024-09-08 21:58:54.58693","2024-09-08 20:29:00","163.00",3,"2024-09-08 21:58:54.58693","132","11","1"
"4207","2025-01-03 13:22:00","CERRADA","2025-01-03 14:42:07.647264","2025-01-03 13:22:00","98.00",7,"2025-01-03 14:42:07.647264","146","1","1"
"4208","2024-11-02 12:10:00","CERRADA","2024-11-02 13:54:54.524085","2024-11-02 12:10:00","439.00",6,"2024-11-02 13:54:54.524085","119","12","1"
"4209","2025-01-27 20:19:00","CERRADA","2025-01-27 22:58:37.08964","2025-01-27 20:19:00","227.00",2,"2025-01-27 22:58:37.08964","137","9","1"
"4210","2025-03-07 21:37:00","CERRADA","2025-03-07 23:10:09.349275","2025-03-07 21:37:00","276.00",6,"2025-03-07 23:10:09.349275","44","7","1"
"4211","2024-04-05 13:15:00","CERRADA","2024-04-05 15:53:57.598188","2024-04-05 13:15:00","132.00",5,"2024-04-05 15:53:57.598188","1","7","1"
"4212","2023-12-24 20:24:00","CERRADA","2023-12-24 22:23:27.70811","2023-12-24 20:24:00","276.00",6,"2023-12-24 22:23:27.70811","134","2","1"
"4213","2023-08-11 19:38:00","CERRADA","2023-08-11 22:00:29.952865","2023-08-11 19:38:00","294.00",1,"2023-08-11 22:00:29.952865","132","8","1"
"4214","2024-12-21 21:48:00","CERRADA","2024-12-21 23:15:25.271592","2024-12-21 21:48:00","40.00",5,"2024-12-21 23:15:25.271592","1","2","1"
"4215","2023-10-11 12:51:00","CERRADA","2023-10-11 15:13:56.584517","2023-10-11 12:51:00","188.00",1,"2023-10-11 15:13:56.584517","177","15","1"
"4216","2025-06-02 00:00:00","CERRADA","2025-06-02 00:00:00","2025-06-02 00:00:00","120.00",1,"2025-06-02 00:00:00","238","8","1"
"4217","2023-06-14 13:51:00","CERRADA","2023-06-14 16:13:13.665602","2023-06-14 13:51:00","258.00",5,"2023-06-14 16:13:13.665602","115","11","1"
"4218","2024-04-28 14:41:00","CERRADA","2024-04-28 16:02:30.111997","2024-04-28 14:41:00","214.00",8,"2024-04-28 16:02:30.111997","139","6","1"
"4219","2024-12-28 20:21:00","CERRADA","2024-12-28 23:11:27.068197","2024-12-28 20:21:00","298.00",3,"2024-12-28 23:11:27.068197","105","14","1"
"4220","2024-08-08 20:04:00","CERRADA","2024-08-08 21:45:42.188231","2024-08-08 20:04:00","135.00",1,"2024-08-08 21:45:42.188231","1","11","1"
"4221","2024-06-09 12:55:00","CERRADA","2024-06-09 14:45:33.849589","2024-06-09 12:55:00","202.00",6,"2024-06-09 14:45:33.849589","1","2","1"
"4222","2023-07-21 21:15:00","CERRADA","2023-07-21 23:01:33.66935","2023-07-21 21:15:00","130.00",5,"2023-07-21 23:01:33.66935","300","15","1"
"4223","2024-04-19 12:14:00","CERRADA","2024-04-19 13:38:50.761502","2024-04-19 12:14:00","219.00",6,"2024-04-19 13:38:50.761502","9","6","1"
"4224","2024-02-24 20:09:00","CERRADA","2024-02-24 21:53:46.988035","2024-02-24 20:09:00","254.00",3,"2024-02-24 21:53:46.988035","98","3","1"
"4225","2023-08-24 19:57:00","CERRADA","2023-08-24 22:05:06.05991","2023-08-24 19:57:00","160.00",3,"2023-08-24 22:05:06.05991","36","10","1"
"4226","2024-12-24 19:37:00","CERRADA","2024-12-24 21:35:19.805361","2024-12-24 19:37:00","221.00",5,"2024-12-24 21:35:19.805361","1","15","1"
"4227","2023-12-22 13:03:00","CERRADA","2023-12-22 14:44:42.032384","2023-12-22 13:03:00","158.00",7,"2023-12-22 14:44:42.032384","248","10","1"
"4228","2024-07-05 13:11:00","CERRADA","2024-07-05 15:42:25.807962","2024-07-05 13:11:00","345.00",4,"2024-07-05 15:42:25.807962","28","5","1"
"4229","2024-08-09 12:08:00","CERRADA","2024-08-09 14:05:55.273326","2024-08-09 12:08:00","161.00",2,"2024-08-09 14:05:55.273326","1","12","1"
"4230","2024-07-05 20:05:00","CERRADA","2024-07-05 22:13:28.809998","2024-07-05 20:05:00","282.00",8,"2024-07-05 22:13:28.809998","7","2","1"
"4231","2025-04-30 14:42:00","CERRADA","2025-04-30 16:23:30.469277","2025-04-30 14:42:00","455.00",8,"2025-04-30 16:23:30.469277","219","4","1"
"4232","2023-07-03 14:26:00","CERRADA","2023-07-03 16:22:27.239414","2023-07-03 14:26:00","296.00",7,"2023-07-03 16:22:27.239414","1","1","1"
"4233","2024-06-21 13:49:00","CERRADA","2024-06-21 16:01:57.497749","2024-06-21 13:49:00","215.00",8,"2024-06-21 16:01:57.497749","182","8","1"
"4234","2023-06-10 13:54:00","CERRADA","2023-06-10 16:23:20.346606","2023-06-10 13:54:00","82.00",5,"2023-06-10 16:23:20.346606","35","1","1"
"4235","2024-08-12 14:55:00","CERRADA","2024-08-12 17:18:22.301788","2024-08-12 14:55:00","519.00",3,"2024-08-12 17:18:22.301788","11","4","1"
"4236","2024-12-16 20:44:00","CERRADA","2024-12-16 23:14:20.129826","2024-12-16 20:44:00","178.00",4,"2024-12-16 23:14:20.129826","168","3","1"
"4237","2025-05-05 21:45:00","CERRADA","2025-05-06 00:11:23.094241","2025-05-05 21:45:00","262.00",1,"2025-05-06 00:11:23.094241","126","14","1"
"4238","2025-01-03 21:55:00","CERRADA","2025-01-03 23:02:41.339667","2025-01-03 21:55:00","326.00",2,"2025-01-03 23:02:41.339667","213","3","1"
"4239","2024-09-27 13:40:00","CERRADA","2024-09-27 15:26:57.410182","2024-09-27 13:40:00","434.00",2,"2024-09-27 15:26:57.410182","85","9","1"
"4240","2024-07-11 13:26:00","CERRADA","2024-07-11 16:20:11.930533","2024-07-11 13:26:00","446.00",5,"2024-07-11 16:20:11.930533","119","7","1"
"4241","2023-06-16 19:39:00","CERRADA","2023-06-16 20:44:54.588231","2023-06-16 19:39:00","330.00",6,"2023-06-16 20:44:54.588231","265","5","1"
"4242","2024-10-18 21:12:00","CERRADA","2024-10-18 23:31:57.321622","2024-10-18 21:12:00","133.00",4,"2024-10-18 23:31:57.321622","144","1","1"
"4243","2024-05-24 21:21:00","CERRADA","2024-05-24 23:10:44.766561","2024-05-24 21:21:00","388.00",5,"2024-05-24 23:10:44.766561","104","3","1"
"4244","2023-07-20 21:15:00","CERRADA","2023-07-20 22:21:32.505153","2023-07-20 21:15:00","362.00",6,"2023-07-20 22:21:32.505153","1","10","1"
"4245","2024-08-11 14:09:00","CERRADA","2024-08-11 15:43:05.079009","2024-08-11 14:09:00","235.00",1,"2024-08-11 15:43:05.079009","234","9","1"
"4246","2024-11-01 20:32:00","CERRADA","2024-11-01 22:00:33.30379","2024-11-01 20:32:00","347.00",2,"2024-11-01 22:00:33.30379","1","5","1"
"4247","2025-06-02 00:00:00","CERRADA","2025-06-02 00:00:00","2025-06-02 00:00:00","280.00",1,"2025-06-02 00:00:00","88","15","1"
"4248","2023-09-01 19:53:00","CERRADA","2023-09-01 21:34:33.928249","2023-09-01 19:53:00","91.00",7,"2023-09-01 21:34:33.928249","47","4","1"
"4249","2023-09-21 21:17:00","CERRADA","2023-09-21 23:42:00.728931","2023-09-21 21:17:00","342.00",7,"2023-09-21 23:42:00.728931","87","3","1"
"4250","2025-01-03 20:49:00","CERRADA","2025-01-03 22:24:34.818713","2025-01-03 20:49:00","422.00",3,"2025-01-03 22:24:34.818713","14","15","1"
"4251","2024-09-13 19:55:00","CERRADA","2024-09-13 21:42:24.632868","2024-09-13 19:55:00","94.00",6,"2024-09-13 21:42:24.632868","133","12","1"
"4252","2024-12-18 12:45:00","CERRADA","2024-12-18 15:32:22.508586","2024-12-18 12:45:00","43.00",7,"2024-12-18 15:32:22.508586","123","15","1"
"4253","2025-01-31 19:32:00","CERRADA","2025-01-31 20:54:30.058265","2025-01-31 19:32:00","211.00",6,"2025-01-31 20:54:30.058265","1","12","1"
"4254","2025-01-27 12:59:00","CERRADA","2025-01-27 14:13:02.560686","2025-01-27 12:59:00","164.00",6,"2025-01-27 14:13:02.560686","1","10","1"
"4255","2025-03-21 12:35:00","CERRADA","2025-03-21 15:08:00.008751","2025-03-21 12:35:00","43.00",3,"2025-03-21 15:08:00.008751","1","2","1"
"4256","2024-12-06 13:00:00","CERRADA","2024-12-06 15:20:16.377182","2024-12-06 13:00:00","302.00",8,"2024-12-06 15:20:16.377182","211","1","1"
"4257","2024-12-16 12:10:00","CERRADA","2024-12-16 13:11:22.127242","2024-12-16 12:10:00","253.00",4,"2024-12-16 13:11:22.127242","116","15","1"
"4258","2024-07-11 13:28:00","CERRADA","2024-07-11 14:47:40.020794","2024-07-11 13:28:00","212.00",7,"2024-07-11 14:47:40.020794","1","10","1"
"4259","2024-02-16 19:23:00","CERRADA","2024-02-16 21:13:27.797618","2024-02-16 19:23:00","225.00",5,"2024-02-16 21:13:27.797618","229","4","1"
"4260","2024-05-24 19:51:00","CERRADA","2024-05-24 21:25:26.417107","2024-05-24 19:51:00","212.00",1,"2024-05-24 21:25:26.417107","53","10","1"
"4261","2024-10-18 19:52:00","CERRADA","2024-10-18 21:46:04.257932","2024-10-18 19:52:00","213.00",7,"2024-10-18 21:46:04.257932","1","4","1"
"4262","2025-02-07 14:17:00","CERRADA","2025-02-07 17:15:31.680513","2025-02-07 14:17:00","337.00",5,"2025-02-07 17:15:31.680513","40","7","1"
"4263","2024-08-03 20:32:00","CERRADA","2024-08-03 22:23:27.036191","2024-08-03 20:32:00","266.00",8,"2024-08-03 22:23:27.036191","1","11","1"
"4264","2023-09-08 13:27:00","CERRADA","2023-09-08 16:07:41.665607","2023-09-08 13:27:00","324.00",4,"2023-09-08 16:07:41.665607","84","6","1"
"4265","2024-11-03 20:20:00","CERRADA","2024-11-03 22:21:52.900296","2024-11-03 20:20:00","386.00",8,"2024-11-03 22:21:52.900296","163","5","1"
"4266","2024-07-05 19:49:00","CERRADA","2024-07-05 22:16:59.872335","2024-07-05 19:49:00","126.00",5,"2024-07-05 22:16:59.872335","48","13","1"
"4267","2023-07-07 14:16:00","CERRADA","2023-07-07 16:03:05.915628","2023-07-07 14:16:00","76.00",1,"2023-07-07 16:03:05.915628","38","15","1"
"4268","2025-03-14 13:54:00","CERRADA","2025-03-14 15:42:13.571095","2025-03-14 13:54:00","310.00",4,"2025-03-14 15:42:13.571095","1","12","1"
"4269","2024-12-20 12:36:00","CERRADA","2024-12-20 14:39:44.130499","2024-12-20 12:36:00","107.00",1,"2024-12-20 14:39:44.130499","295","11","1"
"4270","2023-08-11 13:00:00","CERRADA","2023-08-11 14:42:01.100161","2023-08-11 13:00:00","115.00",8,"2023-08-11 14:42:01.100161","1","7","1"
"4271","2025-06-02 00:00:00","CERRADA","2025-06-02 00:00:00","2025-06-02 00:00:00","124.00",5,"2025-06-02 00:00:00","279","11","1"
"4272","2023-12-20 21:00:00","CERRADA","2023-12-20 23:09:20.329143","2023-12-20 21:00:00","300.00",1,"2023-12-20 23:09:20.329143","1","11","1"
"4273","2023-12-08 20:47:00","CERRADA","2023-12-08 23:25:27.132908","2023-12-08 20:47:00","178.00",2,"2023-12-08 23:25:27.132908","297","5","1"
"4274","2024-02-09 21:26:00","CERRADA","2024-02-10 00:24:28.249004","2024-02-09 21:26:00","453.00",3,"2024-02-10 00:24:28.249004","118","13","1"
"4275","2023-11-18 14:57:00","CERRADA","2023-11-18 17:56:26.545174","2023-11-18 14:57:00","98.00",7,"2023-11-18 17:56:26.545174","222","1","1"
"4276","2023-06-19 19:35:00","CERRADA","2023-06-19 21:01:08.645822","2023-06-19 19:35:00","332.00",5,"2023-06-19 21:01:08.645822","105","13","1"
"4277","2023-06-23 19:15:00","CERRADA","2023-06-23 20:34:19.775628","2023-06-23 19:15:00","110.00",4,"2023-06-23 20:34:19.775628","150","11","1"
"4278","2025-03-11 19:45:00","CERRADA","2025-03-11 20:46:01.369006","2025-03-11 19:45:00","293.00",4,"2025-03-11 20:46:01.369006","1","11","1"
"4279","2023-06-09 14:35:00","CERRADA","2023-06-09 15:44:34.882877","2023-06-09 14:35:00","126.00",3,"2023-06-09 15:44:34.882877","197","4","1"
"4280","2023-08-20 12:21:00","CERRADA","2023-08-20 14:13:31.538291","2023-08-20 12:21:00","278.00",2,"2023-08-20 14:13:31.538291","115","4","1"
"4281","2025-01-31 21:35:00","CERRADA","2025-01-31 23:41:19.2366","2025-01-31 21:35:00","388.00",2,"2025-01-31 23:41:19.2366","233","8","1"
"4282","2023-08-01 19:20:00","CERRADA","2023-08-01 21:56:27.555194","2023-08-01 19:20:00","143.00",4,"2023-08-01 21:56:27.555194","19","14","1"
"4283","2024-08-31 12:24:00","CERRADA","2024-08-31 14:16:32.924546","2024-08-31 12:24:00","257.00",3,"2024-08-31 14:16:32.924546","185","9","1"
"4284","2024-02-29 13:24:00","CERRADA","2024-02-29 15:02:50.130154","2024-02-29 13:24:00","340.00",3,"2024-02-29 15:02:50.130154","58","10","1"
"4285","2023-12-12 19:30:00","CERRADA","2023-12-12 22:23:45.783147","2023-12-12 19:30:00","111.00",2,"2023-12-12 22:23:45.783147","1","8","1"
"4286","2024-04-26 13:22:00","CERRADA","2024-04-26 15:15:12.497495","2024-04-26 13:22:00","314.00",5,"2024-04-26 15:15:12.497495","50","12","1"
"4287","2024-05-03 20:36:00","CERRADA","2024-05-03 23:32:03.41699","2024-05-03 20:36:00","91.00",3,"2024-05-03 23:32:03.41699","154","11","1"
"4288","2023-09-15 19:30:00","CERRADA","2023-09-15 22:17:10.714037","2023-09-15 19:30:00","135.00",2,"2023-09-15 22:17:10.714037","268","6","1"
"4289","2023-08-18 21:26:00","CERRADA","2023-08-18 23:25:20.007137","2023-08-18 21:26:00","71.00",6,"2023-08-18 23:25:20.007137","1","9","1"
"4290","2024-11-29 13:32:00","CERRADA","2024-11-29 16:00:13.675422","2024-11-29 13:32:00","81.00",7,"2024-11-29 16:00:13.675422","190","1","1"
"4291","2024-02-23 13:48:00","CERRADA","2024-02-23 15:46:11.048687","2024-02-23 13:48:00","195.00",4,"2024-02-23 15:46:11.048687","1","14","1"
"4292","2025-03-07 14:24:00","CERRADA","2025-03-07 15:48:19.803773","2025-03-07 14:24:00","254.00",4,"2025-03-07 15:48:19.803773","221","1","1"
"4293","2024-02-09 14:08:00","CERRADA","2024-02-09 15:41:28.054435","2024-02-09 14:08:00","234.00",3,"2024-02-09 15:41:28.054435","107","13","1"
"4294","2024-04-21 21:30:00","CERRADA","2024-04-22 00:12:23.255489","2024-04-21 21:30:00","70.00",2,"2024-04-22 00:12:23.255489","29","6","1"
"4295","2024-07-19 21:12:00","CERRADA","2024-07-19 23:48:29.507827","2024-07-19 21:12:00","141.00",3,"2024-07-19 23:48:29.507827","1","11","1"
"4296","2024-12-20 21:42:00","CERRADA","2024-12-20 23:28:45.722743","2024-12-20 21:42:00","109.00",3,"2024-12-20 23:28:45.722743","1","11","1"
"4297","2025-01-15 14:30:00","CERRADA","2025-01-15 16:20:09.359857","2025-01-15 14:30:00","145.00",7,"2025-01-15 16:20:09.359857","263","15","1"
"4298","2025-06-02 00:00:00","CERRADA","2025-06-02 00:00:00","2025-06-02 00:00:00","256.00",4,"2025-06-02 00:00:00","1","15","1"
"4299","2024-08-02 13:58:00","CERRADA","2024-08-02 15:12:44.538503","2024-08-02 13:58:00","207.00",3,"2024-08-02 15:12:44.538503","229","13","1"
"4300","2023-09-02 13:59:00","CERRADA","2023-09-02 16:54:30.190035","2023-09-02 13:59:00","323.00",5,"2023-09-02 16:54:30.190035","93","12","1"
"4301","2024-07-12 20:16:00","CERRADA","2024-07-12 23:00:06.298299","2024-07-12 20:16:00","169.00",1,"2024-07-12 23:00:06.298299","263","13","1"
"4302","2024-12-17 20:10:00","CERRADA","2024-12-17 21:48:11.742658","2024-12-17 20:10:00","72.00",5,"2024-12-17 21:48:11.742658","258","6","1"
"4303","2023-07-01 14:25:00","CERRADA","2023-07-01 15:51:57.53753","2023-07-01 14:25:00","134.00",4,"2023-07-01 15:51:57.53753","1","15","1"
"4304","2024-08-16 14:55:00","CERRADA","2024-08-16 17:08:29.08717","2024-08-16 14:55:00","73.00",3,"2024-08-16 17:08:29.08717","83","9","1"
"4305","2024-06-07 20:37:00","CERRADA","2024-06-07 23:02:39.302235","2024-06-07 20:37:00","262.00",7,"2024-06-07 23:02:39.302235","230","10","1"
"4306","2024-06-14 20:26:00","CERRADA","2024-06-14 23:14:52.005905","2024-06-14 20:26:00","533.00",3,"2024-06-14 23:14:52.005905","49","4","1"
"4307","2024-12-05 20:52:00","CERRADA","2024-12-05 23:36:47.23236","2024-12-05 20:52:00","142.00",4,"2024-12-05 23:36:47.23236","151","11","1"
"4308","2024-12-07 21:40:00","CERRADA","2024-12-07 23:14:44.254256","2024-12-07 21:40:00","268.00",3,"2024-12-07 23:14:44.254256","109","1","1"
"4309","2023-08-25 20:18:00","CERRADA","2023-08-25 22:04:29.603325","2023-08-25 20:18:00","202.00",4,"2023-08-25 22:04:29.603325","111","7","1"
"4310","2023-07-10 21:56:00","CERRADA","2023-07-10 23:44:37.624586","2023-07-10 21:56:00","135.00",7,"2023-07-10 23:44:37.624586","82","12","1"
"4311","2025-04-18 21:05:00","CERRADA","2025-04-18 22:56:58.371917","2025-04-18 21:05:00","261.00",5,"2025-04-18 22:56:58.371917","265","14","1"
"4312","2025-05-02 12:45:00","CERRADA","2025-05-02 15:39:05.396287","2025-05-02 12:45:00","293.00",4,"2025-05-02 15:39:05.396287","1","5","1"
"4313","2024-08-16 13:33:00","CERRADA","2024-08-16 15:05:53.675092","2024-08-16 13:33:00","74.00",7,"2024-08-16 15:05:53.675092","212","4","1"
"4314","2024-03-25 14:29:00","CERRADA","2024-03-25 16:42:50.314274","2024-03-25 14:29:00","229.00",2,"2024-03-25 16:42:50.314274","1","5","1"
"4315","2023-11-15 12:40:00","CERRADA","2023-11-15 13:40:13.196389","2023-11-15 12:40:00","272.00",3,"2023-11-15 13:40:13.196389","1","7","1"
"4316","2024-06-27 21:02:00","CERRADA","2024-06-27 23:30:46.366049","2024-06-27 21:02:00","102.00",1,"2024-06-27 23:30:46.366049","220","2","1"
"4317","2023-06-09 21:06:00","CERRADA","2023-06-09 22:59:03.822402","2023-06-09 21:06:00","142.00",7,"2023-06-09 22:59:03.822402","1","3","1"
"4318","2024-08-24 14:04:00","CERRADA","2024-08-24 16:59:43.707527","2024-08-24 14:04:00","218.00",2,"2024-08-24 16:59:43.707527","173","4","1"
"4319","2024-04-24 13:54:00","CERRADA","2024-04-24 16:33:19.519054","2024-04-24 13:54:00","126.00",5,"2024-04-24 16:33:19.519054","253","9","1"
"4320","2023-07-29 14:09:00","CERRADA","2023-07-29 16:56:37.750755","2023-07-29 14:09:00","158.00",6,"2023-07-29 16:56:37.750755","1","7","1"
"4321","2024-07-24 19:04:00","CERRADA","2024-07-24 21:40:01.820773","2024-07-24 19:04:00","282.00",4,"2024-07-24 21:40:01.820773","1","10","1"
"4322","2023-11-24 13:15:00","CERRADA","2023-11-24 15:34:20.807365","2023-11-24 13:15:00","547.00",8,"2023-11-24 15:34:20.807365","9","11","1"
"4323","2024-08-16 20:21:00","CERRADA","2024-08-16 21:49:04.691777","2024-08-16 20:21:00","188.00",1,"2024-08-16 21:49:04.691777","179","11","1"
"4324","2024-12-25 14:22:00","CERRADA","2024-12-25 15:52:39.367358","2024-12-25 14:22:00","186.00",2,"2024-12-25 15:52:39.367358","103","13","1"
"4325","2024-03-27 13:00:00","CERRADA","2024-03-27 15:38:28.965886","2024-03-27 13:00:00","157.00",3,"2024-03-27 15:38:28.965886","1","3","1"
"4326","2025-04-04 21:22:00","CERRADA","2025-04-04 22:38:38.580307","2025-04-04 21:22:00","207.00",6,"2025-04-04 22:38:38.580307","283","2","1"
"4327","2024-12-13 13:26:00","CERRADA","2024-12-13 15:38:52.396772","2024-12-13 13:26:00","92.00",7,"2024-12-13 15:38:52.396772","1","14","1"
"4328","2023-08-04 21:08:00","CERRADA","2023-08-04 22:41:25.613838","2023-08-04 21:08:00","348.00",6,"2023-08-04 22:41:25.613838","25","14","1"
"4329","2025-06-02 00:00:00","CERRADA","2025-06-02 00:00:00","2025-06-02 00:00:00","73.00",4,"2025-06-02 00:00:00","1","2","1"
"4330","2025-06-02 00:00:00","CERRADA","2025-06-02 00:00:00","2025-06-02 00:00:00","247.00",5,"2025-06-02 00:00:00","1","8","1"
"4331","2024-10-07 13:38:00","CERRADA","2024-10-07 15:48:05.030372","2024-10-07 13:38:00","283.00",4,"2024-10-07 15:48:05.030372","26","13","1"
"4332","2024-07-22 20:26:00","CERRADA","2024-07-22 22:42:52.073006","2024-07-22 20:26:00","124.00",6,"2024-07-22 22:42:52.073006","289","13","1"
"4333","2025-06-02 00:00:00","CERRADA","2025-06-02 00:00:00","2025-06-02 00:00:00","98.00",7,"2025-06-02 00:00:00","1","5","1"
"4334","2025-04-25 12:21:00","CERRADA","2025-04-25 14:31:08.76977","2025-04-25 12:21:00","266.00",5,"2025-04-25 14:31:08.76977","31","13","1"
"4335","2024-07-05 20:03:00","CERRADA","2024-07-05 22:00:59.778041","2024-07-05 20:03:00","199.00",3,"2024-07-05 22:00:59.778041","1","2","1"
"4336","2025-06-02 00:00:00","CERRADA","2025-06-02 00:00:00","2025-06-02 00:00:00","77.00",4,"2025-06-02 00:00:00","242","10","1"
"4337","2024-06-07 20:44:00","CERRADA","2024-06-07 22:17:14.695915","2024-06-07 20:44:00","176.00",5,"2024-06-07 22:17:14.695915","104","12","1"
"4338","2025-04-22 19:18:00","CERRADA","2025-04-22 21:51:41.277753","2025-04-22 19:18:00","155.00",6,"2025-04-22 21:51:41.277753","1","7","1"
"4339","2024-08-30 21:03:00","CERRADA","2024-08-30 23:35:05.907574","2024-08-30 21:03:00","170.00",1,"2024-08-30 23:35:05.907574","209","7","1"
"4340","2024-07-01 20:00:00","CERRADA","2024-07-01 21:23:09.31638","2024-07-01 20:00:00","126.00",8,"2024-07-01 21:23:09.31638","1","13","1"
"4341","2024-12-31 21:37:00","CERRADA","2024-12-31 23:52:01.079175","2024-12-31 21:37:00","67.00",3,"2024-12-31 23:52:01.079175","109","9","1"
"4342","2024-08-14 20:49:00","CERRADA","2024-08-14 23:14:01.571488","2024-08-14 20:49:00","466.00",4,"2024-08-14 23:14:01.571488","112","10","1"
"4343","2025-05-08 14:35:00","CERRADA","2025-05-08 17:27:14.313264","2025-05-08 14:35:00","196.00",3,"2025-05-08 17:27:14.313264","227","6","1"
"4344","2024-07-19 14:09:00","CERRADA","2024-07-19 15:40:23.698806","2024-07-19 14:09:00","254.00",4,"2024-07-19 15:40:23.698806","52","7","1"
"4345","2024-02-09 13:39:00","CERRADA","2024-02-09 16:18:35.741523","2024-02-09 13:39:00","286.00",6,"2024-02-09 16:18:35.741523","36","4","1"
"4346","2023-06-16 14:15:00","CERRADA","2023-06-16 16:26:55.792235","2023-06-16 14:15:00","177.00",4,"2023-06-16 16:26:55.792235","1","4","1"
"4347","2023-12-15 19:56:00","CERRADA","2023-12-15 21:24:24.526625","2023-12-15 19:56:00","59.00",6,"2023-12-15 21:24:24.526625","205","1","1"
"4348","2024-02-17 21:19:00","CERRADA","2024-02-17 23:13:38.139745","2024-02-17 21:19:00","313.00",2,"2024-02-17 23:13:38.139745","17","2","1"
"4349","2024-09-20 20:02:00","CERRADA","2024-09-20 22:11:06.649592","2024-09-20 20:02:00","67.00",8,"2024-09-20 22:11:06.649592","252","4","1"
"4350","2024-06-09 14:36:00","CERRADA","2024-06-09 16:33:30.778571","2024-06-09 14:36:00","303.00",5,"2024-06-09 16:33:30.778571","275","2","1"
"4351","2025-04-11 12:21:00","CERRADA","2025-04-11 14:17:25.022246","2025-04-11 12:21:00","225.00",1,"2025-04-11 14:17:25.022246","199","2","1"
"4352","2023-07-28 14:51:00","CERRADA","2023-07-28 16:04:08.43865","2023-07-28 14:51:00","125.00",2,"2023-07-28 16:04:08.43865","1","7","1"
"4353","2024-01-12 13:51:00","CERRADA","2024-01-12 15:03:29.335862","2024-01-12 13:51:00","78.00",5,"2024-01-12 15:03:29.335862","162","7","1"
"4354","2023-08-10 20:37:00","CERRADA","2023-08-10 21:49:06.247111","2023-08-10 20:37:00","335.00",8,"2023-08-10 21:49:06.247111","261","8","1"
"4355","2024-07-26 12:02:00","CERRADA","2024-07-26 13:33:38.570137","2024-07-26 12:02:00","89.00",4,"2024-07-26 13:33:38.570137","238","3","1"
"4356","2024-07-04 19:20:00","CERRADA","2024-07-04 21:57:06.36161","2024-07-04 19:20:00","71.00",7,"2024-07-04 21:57:06.36161","1","8","1"
"4357","2024-12-19 20:53:00","CERRADA","2024-12-19 22:07:07.212312","2024-12-19 20:53:00","170.00",2,"2024-12-19 22:07:07.212312","283","14","1"
"4358","2025-03-28 21:37:00","CERRADA","2025-03-28 22:44:40.665408","2025-03-28 21:37:00","190.00",6,"2025-03-28 22:44:40.665408","1","13","1"
"4359","2023-09-12 20:49:00","CERRADA","2023-09-12 22:29:10.088711","2023-09-12 20:49:00","142.00",5,"2023-09-12 22:29:10.088711","1","1","1"
"4360","2023-08-04 19:57:00","CERRADA","2023-08-04 21:46:57.555964","2023-08-04 19:57:00","121.00",4,"2023-08-04 21:46:57.555964","240","12","1"
"4361","2024-10-25 19:48:00","CERRADA","2024-10-25 22:02:40.225727","2024-10-25 19:48:00","453.00",7,"2024-10-25 22:02:40.225727","166","6","1"
"4362","2024-07-05 21:46:00","CERRADA","2024-07-05 23:18:36.445851","2024-07-05 21:46:00","263.00",2,"2024-07-05 23:18:36.445851","282","12","1"
"4363","2023-07-21 12:03:00","CERRADA","2023-07-21 14:30:11.411277","2023-07-21 12:03:00","100.00",7,"2023-07-21 14:30:11.411277","1","6","1"
"4364","2023-11-17 13:11:00","CERRADA","2023-11-17 15:38:57.430481","2023-11-17 13:11:00","214.00",8,"2023-11-17 15:38:57.430481","22","8","1"
"4365","2023-08-10 14:37:00","CERRADA","2023-08-10 17:02:20.508053","2023-08-10 14:37:00","135.00",5,"2023-08-10 17:02:20.508053","171","12","1"
"4366","2023-09-27 20:30:00","CERRADA","2023-09-27 22:52:45.504788","2023-09-27 20:30:00","418.00",6,"2023-09-27 22:52:45.504788","78","15","1"
"4367","2024-03-15 20:57:00","CERRADA","2024-03-15 23:37:17.846067","2024-03-15 20:57:00","86.00",6,"2024-03-15 23:37:17.846067","1","7","1"
"4368","2025-06-02 00:00:00","CERRADA","2025-06-02 00:00:00","2025-06-02 00:00:00","199.00",4,"2025-06-02 00:00:00","1","12","1"
"4369","2024-08-15 12:35:00","CERRADA","2024-08-15 14:13:51.450437","2024-08-15 12:35:00","484.00",1,"2024-08-15 14:13:51.450437","75","6","1"
"4370","2024-07-04 14:03:00","CERRADA","2024-07-04 16:58:33.691778","2024-07-04 14:03:00","178.00",2,"2024-07-04 16:58:33.691778","3","13","1"
"4371","2023-07-21 12:26:00","CERRADA","2023-07-21 14:47:50.956929","2023-07-21 12:26:00","192.00",1,"2023-07-21 14:47:50.956929","195","13","1"
"4372","2023-11-03 19:07:00","CERRADA","2023-11-03 22:05:52.41097","2023-11-03 19:07:00","74.00",6,"2023-11-03 22:05:52.41097","1","8","1"
"4373","2023-08-15 12:26:00","CERRADA","2023-08-15 15:10:48.09082","2023-08-15 12:26:00","91.00",8,"2023-08-15 15:10:48.09082","1","10","1"
"4374","2023-11-10 12:44:00","CERRADA","2023-11-10 14:19:17.587774","2023-11-10 12:44:00","186.00",8,"2023-11-10 14:19:17.587774","1","3","1"
"4375","2024-09-20 13:54:00","CERRADA","2024-09-20 16:40:03.55561","2024-09-20 13:54:00","361.00",7,"2024-09-20 16:40:03.55561","53","8","1"
"4376","2023-08-18 13:36:00","CERRADA","2023-08-18 14:44:00.567168","2023-08-18 13:36:00","104.00",4,"2023-08-18 14:44:00.567168","180","5","1"
"4377","2023-08-13 19:51:00","CERRADA","2023-08-13 21:47:05.23059","2023-08-13 19:51:00","216.00",8,"2023-08-13 21:47:05.23059","217","5","1"
"4378","2025-05-02 19:44:00","CERRADA","2025-05-02 22:32:57.941128","2025-05-02 19:44:00","68.00",1,"2025-05-02 22:32:57.941128","1","3","1"
"4379","2024-07-08 12:44:00","CERRADA","2024-07-08 14:58:51.595452","2024-07-08 12:44:00","176.00",3,"2024-07-08 14:58:51.595452","181","1","1"
"4380","2023-10-20 12:52:00","CERRADA","2023-10-20 15:29:40.375198","2023-10-20 12:52:00","236.00",2,"2023-10-20 15:29:40.375198","1","4","1"
"4381","2024-07-03 21:40:00","CERRADA","2024-07-03 23:01:27.071744","2024-07-03 21:40:00","217.00",7,"2024-07-03 23:01:27.071744","226","7","1"
"4382","2025-01-03 21:10:00","CERRADA","2025-01-04 00:03:24.342518","2025-01-03 21:10:00","134.00",7,"2025-01-04 00:03:24.342518","60","12","1"
"4383","2024-12-27 12:15:00","CERRADA","2024-12-27 15:12:07.183555","2024-12-27 12:15:00","154.00",2,"2024-12-27 15:12:07.183555","224","15","1"
"4384","2023-12-15 19:54:00","CERRADA","2023-12-15 22:00:57.039769","2023-12-15 19:54:00","336.00",4,"2023-12-15 22:00:57.039769","172","8","1"
"4385","2024-04-05 13:26:00","CERRADA","2024-04-05 14:39:13.537455","2024-04-05 13:26:00","180.00",7,"2024-04-05 14:39:13.537455","1","11","1"
"4386","2025-04-18 14:10:00","CERRADA","2025-04-18 16:24:44.840205","2025-04-18 14:10:00","246.00",6,"2025-04-18 16:24:44.840205","227","1","1"
"4387","2024-07-01 14:59:00","CERRADA","2024-07-01 17:19:50.137581","2024-07-01 14:59:00","285.00",8,"2024-07-01 17:19:50.137581","289","7","1"
"4388","2025-04-04 20:25:00","CERRADA","2025-04-04 22:36:36.252223","2025-04-04 20:25:00","81.00",7,"2025-04-04 22:36:36.252223","281","10","1"
"4389","2024-08-16 13:21:00","CERRADA","2024-08-16 15:40:51.686923","2024-08-16 13:21:00","252.00",6,"2024-08-16 15:40:51.686923","1","4","1"
"4390","2025-06-02 00:00:00","CERRADA","2025-06-02 00:00:00","2025-06-02 00:00:00","373.00",8,"2025-06-02 00:00:00","46","8","1"
"4391","2023-12-01 14:51:00","CERRADA","2023-12-01 17:35:10.468308","2023-12-01 14:51:00","188.00",2,"2023-12-01 17:35:10.468308","173","4","1"
"4392","2025-03-02 13:07:00","CERRADA","2025-03-02 14:30:40.989969","2025-03-02 13:07:00","500.00",2,"2025-03-02 14:30:40.989969","12","11","1"
"4393","2025-05-02 21:51:00","CERRADA","2025-05-03 00:40:54.783967","2025-05-02 21:51:00","493.00",5,"2025-05-03 00:40:54.783967","47","7","1"
"4394","2023-10-27 14:57:00","CERRADA","2023-10-27 17:42:26.972443","2023-10-27 14:57:00","200.00",3,"2023-10-27 17:42:26.972443","1","4","1"
"4395","2023-09-22 13:37:00","CERRADA","2023-09-22 16:03:27.896943","2023-09-22 13:37:00","191.00",1,"2023-09-22 16:03:27.896943","263","2","1"
"4396","2023-07-16 21:16:00","CERRADA","2023-07-16 22:45:33.061526","2023-07-16 21:16:00","117.00",5,"2023-07-16 22:45:33.061526","287","9","1"
"4397","2023-10-19 19:48:00","CERRADA","2023-10-19 22:39:06.859814","2023-10-19 19:48:00","161.00",2,"2023-10-19 22:39:06.859814","1","5","1"
"4398","2024-05-03 20:55:00","CERRADA","2024-05-03 21:56:25.81633","2024-05-03 20:55:00","128.00",1,"2024-05-03 21:56:25.81633","9","9","1"
"4399","2024-12-13 13:18:00","CERRADA","2024-12-13 15:43:29.268274","2024-12-13 13:18:00","171.00",1,"2024-12-13 15:43:29.268274","1","15","1"
"4400","2025-06-02 00:00:00","CERRADA","2025-06-02 00:00:00","2025-06-02 00:00:00","299.00",2,"2025-06-02 00:00:00","19","9","1"
"4401","2025-06-02 00:00:00","CERRADA","2025-06-02 00:00:00","2025-06-02 00:00:00","138.00",1,"2025-06-02 00:00:00","223","13","1"
"4402","2023-08-20 19:28:00","CERRADA","2023-08-20 22:07:32.112416","2023-08-20 19:28:00","174.00",1,"2023-08-20 22:07:32.112416","157","7","1"
"4403","2023-11-01 14:36:00","CERRADA","2023-11-01 16:38:50.53511","2023-11-01 14:36:00","209.00",2,"2023-11-01 16:38:50.53511","1","3","1"
"4404","2024-03-01 14:37:00","CERRADA","2024-03-01 17:25:10.466006","2024-03-01 14:37:00","725.00",8,"2024-03-01 17:25:10.466006","83","1","1"
"4405","2024-07-05 12:15:00","CERRADA","2024-07-05 13:41:53.461916","2024-07-05 12:15:00","264.00",3,"2024-07-05 13:41:53.461916","40","14","1"
"4406","2024-06-14 19:45:00","CERRADA","2024-06-14 22:33:10.847158","2024-06-14 19:45:00","141.00",7,"2024-06-14 22:33:10.847158","134","12","1"
"4407","2024-10-16 21:06:00","CERRADA","2024-10-16 22:31:19.788767","2024-10-16 21:06:00","177.00",6,"2024-10-16 22:31:19.788767","216","7","1"
"4408","2023-08-04 20:43:00","CERRADA","2023-08-04 23:13:27.371481","2023-08-04 20:43:00","126.00",6,"2023-08-04 23:13:27.371481","296","10","1"
"4409","2024-05-31 21:45:00","CERRADA","2024-06-01 00:36:50.910911","2024-05-31 21:45:00","218.00",5,"2024-06-01 00:36:50.910911","53","7","1"
"4410","2023-07-10 14:57:00","CERRADA","2023-07-10 17:24:17.769054","2023-07-10 14:57:00","31.00",3,"2023-07-10 17:24:17.769054","1","4","1"
"4411","2024-07-05 19:06:00","CERRADA","2024-07-05 21:53:06.722908","2024-07-05 19:06:00","176.00",8,"2024-07-05 21:53:06.722908","1","15","1"
"4412","2024-10-18 12:32:00","CERRADA","2024-10-18 15:01:30.26707","2024-10-18 12:32:00","195.00",6,"2024-10-18 15:01:30.26707","293","6","1"
"4413","2024-07-16 14:17:00","CERRADA","2024-07-16 16:33:01.122652","2024-07-16 14:17:00","124.00",4,"2024-07-16 16:33:01.122652","260","4","1"
"4414","2025-04-23 14:36:00","CERRADA","2025-04-23 16:41:29.224952","2025-04-23 14:36:00","264.00",3,"2025-04-23 16:41:29.224952","1","14","1"
"4415","2025-02-21 13:11:00","CERRADA","2025-02-21 14:55:27.282557","2025-02-21 13:11:00","270.00",7,"2025-02-21 14:55:27.282557","90","1","1"
"4416","2024-07-13 19:34:00","CERRADA","2024-07-13 21:02:18.885713","2024-07-13 19:34:00","192.00",3,"2024-07-13 21:02:18.885713","1","7","1"
"4417","2024-07-24 20:47:00","CERRADA","2024-07-24 22:59:52.823741","2024-07-24 20:47:00","159.00",6,"2024-07-24 22:59:52.823741","1","8","1"
"4418","2025-03-13 21:49:00","CERRADA","2025-03-14 00:43:06.948608","2025-03-13 21:49:00","73.00",6,"2025-03-14 00:43:06.948608","1","6","1"
"4419","2023-08-31 21:01:00","CERRADA","2023-08-31 22:51:27.562369","2023-08-31 21:01:00","147.00",1,"2023-08-31 22:51:27.562369","70","15","1"
"4420","2023-10-16 20:18:00","CERRADA","2023-10-16 21:50:05.685549","2023-10-16 20:18:00","187.00",1,"2023-10-16 21:50:05.685549","187","14","1"
"4421","2024-03-15 21:18:00","CERRADA","2024-03-15 23:41:34.924599","2024-03-15 21:18:00","99.00",4,"2024-03-15 23:41:34.924599","188","11","1"
"4422","2023-12-09 12:52:00","CERRADA","2023-12-09 14:55:25.834191","2023-12-09 12:52:00","481.00",4,"2023-12-09 14:55:25.834191","17","12","1"
"4423","2024-09-23 19:27:00","CERRADA","2024-09-23 21:43:46.063905","2024-09-23 19:27:00","258.00",7,"2024-09-23 21:43:46.063905","1","12","1"
"4424","2024-07-07 21:59:00","CERRADA","2024-07-07 23:10:42.668653","2024-07-07 21:59:00","156.00",8,"2024-07-07 23:10:42.668653","1","5","1"
"4425","2024-12-20 21:29:00","CERRADA","2024-12-21 00:10:32.527622","2024-12-20 21:29:00","146.00",1,"2024-12-21 00:10:32.527622","33","5","1"
"4426","2025-03-21 19:50:00","CERRADA","2025-03-21 22:04:30.282774","2025-03-21 19:50:00","102.00",2,"2025-03-21 22:04:30.282774","11","13","1"
"4427","2023-07-27 20:08:00","CERRADA","2023-07-27 21:24:04.313485","2023-07-27 20:08:00","247.00",5,"2023-07-27 21:24:04.313485","115","4","1"
"4428","2023-12-08 19:43:00","CERRADA","2023-12-08 21:23:41.354265","2023-12-08 19:43:00","181.00",8,"2023-12-08 21:23:41.354265","254","8","1"
"4429","2023-12-15 14:33:00","CERRADA","2023-12-15 16:10:04.885374","2023-12-15 14:33:00","124.00",6,"2023-12-15 16:10:04.885374","56","11","1"
"4430","2023-12-15 19:45:00","CERRADA","2023-12-15 22:16:54.207845","2023-12-15 19:45:00","57.00",7,"2023-12-15 22:16:54.207845","1","4","1"
"4431","2023-12-29 21:18:00","CERRADA","2023-12-29 23:13:27.27381","2023-12-29 21:18:00","315.00",5,"2023-12-29 23:13:27.27381","260","14","1"
"4432","2024-06-13 14:28:00","CERRADA","2024-06-13 16:58:20.278223","2024-06-13 14:28:00","228.00",4,"2024-06-13 16:58:20.278223","1","11","1"
"4433","2025-05-02 13:08:00","CERRADA","2025-05-02 15:25:25.540987","2025-05-02 13:08:00","115.00",4,"2025-05-02 15:25:25.540987","198","10","1"
"4434","2023-08-24 21:41:00","CERRADA","2023-08-24 23:37:54.245846","2023-08-24 21:41:00","57.00",7,"2023-08-24 23:37:54.245846","164","5","1"
"4435","2025-03-28 12:33:00","CERRADA","2025-03-28 15:32:14.381942","2025-03-28 12:33:00","79.00",8,"2025-03-28 15:32:14.381942","1","7","1"
"4436","2023-08-21 14:39:00","CERRADA","2023-08-21 17:05:14.256346","2023-08-21 14:39:00","88.00",7,"2023-08-21 17:05:14.256346","224","4","1"
"4437","2025-06-02 00:00:00","CERRADA","2025-06-02 00:00:00","2025-06-02 00:00:00","172.00",3,"2025-06-02 00:00:00","1","6","1"
"4438","2023-08-30 19:31:00","CERRADA","2023-08-30 21:39:30.82056","2023-08-30 19:31:00","259.00",1,"2023-08-30 21:39:30.82056","172","11","1"
"4439","2024-05-31 20:56:00","CERRADA","2024-05-31 22:55:12.945722","2024-05-31 20:56:00","133.00",7,"2024-05-31 22:55:12.945722","102","9","1"
"4440","2024-12-20 13:01:00","CERRADA","2024-12-20 14:06:16.74574","2024-12-20 13:01:00","197.00",8,"2024-12-20 14:06:16.74574","45","12","1"
"4441","2023-08-09 21:26:00","CERRADA","2023-08-09 23:37:32.284319","2023-08-09 21:26:00","186.00",1,"2023-08-09 23:37:32.284319","65","1","1"
"4442","2024-10-18 14:55:00","CERRADA","2024-10-18 17:04:55.375448","2024-10-18 14:55:00","92.00",6,"2024-10-18 17:04:55.375448","165","2","1"
"4443","2024-08-30 21:51:00","CERRADA","2024-08-30 22:52:40.945455","2024-08-30 21:51:00","163.00",7,"2024-08-30 22:52:40.945455","1","1","1"
"4444","2025-03-09 19:57:00","CERRADA","2025-03-09 21:19:00.427641","2025-03-09 19:57:00","218.00",5,"2025-03-09 21:19:00.427641","2","12","1"
"4445","2025-05-16 14:45:00","CERRADA","2025-05-16 17:04:06.45607","2025-05-16 14:45:00","335.00",5,"2025-05-16 17:04:06.45607","91","8","1"
"4446","2024-08-24 13:47:00","CERRADA","2024-08-24 15:26:49.589242","2024-08-24 13:47:00","93.00",1,"2024-08-24 15:26:49.589242","266","4","1"
"4447","2023-12-29 13:27:00","CERRADA","2023-12-29 15:22:35.729476","2023-12-29 13:27:00","139.00",5,"2023-12-29 15:22:35.729476","113","14","1"
"4448","2024-01-05 13:24:00","CERRADA","2024-01-05 15:59:53.995898","2024-01-05 13:24:00","208.00",8,"2024-01-05 15:59:53.995898","249","8","1"
"4449","2024-05-03 12:19:00","CERRADA","2024-05-03 14:44:03.787493","2024-05-03 12:19:00","106.00",8,"2024-05-03 14:44:03.787493","1","9","1"
"4450","2024-12-25 21:11:00","CERRADA","2024-12-25 23:55:05.649997","2024-12-25 21:11:00","98.00",1,"2024-12-25 23:55:05.649997","49","5","1"
"4451","2024-10-06 19:56:00","CERRADA","2024-10-06 22:20:57.470855","2024-10-06 19:56:00","207.00",1,"2024-10-06 22:20:57.470855","213","2","1"
"4452","2024-10-04 21:05:00","CERRADA","2024-10-04 23:00:08.136988","2024-10-04 21:05:00","198.00",5,"2024-10-04 23:00:08.136988","256","14","1"
"4453","2024-01-26 21:51:00","CERRADA","2024-01-26 23:20:23.85513","2024-01-26 21:51:00","266.00",5,"2024-01-26 23:20:23.85513","1","3","1"
"4454","2023-12-10 14:45:00","CERRADA","2023-12-10 16:02:19.737344","2023-12-10 14:45:00","342.00",4,"2023-12-10 16:02:19.737344","1","1","1"
"4455","2024-10-18 19:35:00","CERRADA","2024-10-18 22:06:06.747152","2024-10-18 19:35:00","90.00",7,"2024-10-18 22:06:06.747152","274","8","1"
"4456","2023-12-01 20:19:00","CERRADA","2023-12-01 22:56:24.184191","2023-12-01 20:19:00","302.00",8,"2023-12-01 22:56:24.184191","1","11","1"
"4457","2025-06-02 00:00:00","CERRADA","2025-06-02 00:00:00","2025-06-02 00:00:00","195.00",7,"2025-06-02 00:00:00","1","5","1"
"4458","2025-06-02 00:00:00","CERRADA","2025-06-02 00:00:00","2025-06-02 00:00:00","134.00",7,"2025-06-02 00:00:00","106","11","1"
"4459","2025-06-02 00:00:00","CERRADA","2025-06-02 00:00:00","2025-06-02 00:00:00","124.00",7,"2025-06-02 00:00:00","1","6","1"
"4460","2024-08-10 13:24:00","CERRADA","2024-08-10 14:41:24.670453","2024-08-10 13:24:00","61.00",7,"2024-08-10 14:41:24.670453","174","7","1"
"4461","2024-06-03 12:28:00","CERRADA","2024-06-03 14:29:15.006927","2024-06-03 12:28:00","249.00",1,"2024-06-03 14:29:15.006927","1","13","1"
"4462","2024-04-04 12:13:00","CERRADA","2024-04-04 14:41:54.44851","2024-04-04 12:13:00","133.00",1,"2024-04-04 14:41:54.44851","1","13","1"
"4463","2025-03-09 20:26:00","CERRADA","2025-03-09 22:09:47.211281","2025-03-09 20:26:00","157.00",8,"2025-03-09 22:09:47.211281","102","14","1"
"4464","2025-01-16 19:30:00","CERRADA","2025-01-16 21:53:38.206004","2025-01-16 19:30:00","90.00",6,"2025-01-16 21:53:38.206004","85","13","1"
"4465","2024-12-04 20:24:00","CERRADA","2024-12-04 22:37:04.685331","2024-12-04 20:24:00","194.00",1,"2024-12-04 22:37:04.685331","154","9","1"
"4466","2025-05-23 19:00:00","CERRADA","2025-05-23 20:05:57.307076","2025-05-23 19:00:00","301.00",5,"2025-05-23 20:05:57.307076","51","6","1"
"4467","2024-01-05 20:12:00","CERRADA","2024-01-05 22:08:30.948619","2024-01-05 20:12:00","88.00",2,"2024-01-05 22:08:30.948619","128","4","1"
"4468","2024-02-16 20:18:00","CERRADA","2024-02-16 21:27:05.345415","2024-02-16 20:18:00","338.00",2,"2024-02-16 21:27:05.345415","12","3","1"
"4469","2025-02-13 13:44:00","CERRADA","2025-02-13 15:59:02.908676","2025-02-13 13:44:00","150.00",3,"2025-02-13 15:59:02.908676","44","12","1"
"4470","2023-09-01 14:21:00","CERRADA","2023-09-01 16:27:57.420044","2023-09-01 14:21:00","110.00",7,"2023-09-01 16:27:57.420044","182","13","1"
"4471","2024-06-06 14:35:00","CERRADA","2024-06-06 16:33:49.772562","2024-06-06 14:35:00","114.00",6,"2024-06-06 16:33:49.772562","114","12","1"
"4472","2025-06-02 00:00:00","CERRADA","2025-06-02 00:00:00","2025-06-02 00:00:00","121.00",1,"2025-06-02 00:00:00","225","4","1"
"4473","2024-12-09 19:06:00","CERRADA","2024-12-09 20:50:56.862927","2024-12-09 19:06:00","158.00",3,"2024-12-09 20:50:56.862927","1","6","1"
"4474","2024-12-05 21:19:00","CERRADA","2024-12-06 00:01:03.546574","2024-12-05 21:19:00","106.00",7,"2024-12-06 00:01:03.546574","1","6","1"
"4475","2024-04-26 20:15:00","CERRADA","2024-04-26 21:27:19.500408","2024-04-26 20:15:00","73.00",6,"2024-04-26 21:27:19.500408","213","5","1"
"4476","2025-05-02 20:30:00","CERRADA","2025-05-02 22:07:55.862417","2025-05-02 20:30:00","207.00",6,"2025-05-02 22:07:55.862417","64","9","1"
"4477","2023-06-28 12:41:00","CERRADA","2023-06-28 13:42:26.23926","2023-06-28 12:41:00","243.00",6,"2023-06-28 13:42:26.23926","1","14","1"
"4478","2024-10-18 14:16:00","CERRADA","2024-10-18 16:15:56.747577","2024-10-18 14:16:00","158.00",7,"2024-10-18 16:15:56.747577","57","1","1"
"4479","2024-06-21 21:18:00","CERRADA","2024-06-21 23:04:38.366516","2024-06-21 21:18:00","138.00",7,"2024-06-21 23:04:38.366516","110","8","1"
"4480","2024-08-30 19:14:00","CERRADA","2024-08-30 20:37:50.155668","2024-08-30 19:14:00","253.00",5,"2024-08-30 20:37:50.155668","114","4","1"
"4481","2023-11-24 12:22:00","CERRADA","2023-11-24 13:22:03.733484","2023-11-24 12:22:00","327.00",7,"2023-11-24 13:22:03.733484","77","3","1"
"4482","2024-02-09 14:10:00","CERRADA","2024-02-09 15:23:50.188301","2024-02-09 14:10:00","215.00",8,"2024-02-09 15:23:50.188301","150","4","1"
"4483","2024-02-16 12:39:00","CERRADA","2024-02-16 14:36:23.046616","2024-02-16 12:39:00","217.00",1,"2024-02-16 14:36:23.046616","165","15","1"
"4484","2023-12-17 19:28:00","CERRADA","2023-12-17 20:56:20.948595","2023-12-17 19:28:00","136.00",7,"2023-12-17 20:56:20.948595","1","10","1"
"4485","2025-01-10 14:37:00","CERRADA","2025-01-10 15:50:46.930919","2025-01-10 14:37:00","79.00",1,"2025-01-10 15:50:46.930919","1","7","1"
"4486","2024-08-10 14:13:00","CERRADA","2024-08-10 16:26:40.782858","2024-08-10 14:13:00","343.00",5,"2024-08-10 16:26:40.782858","226","13","1"
"4487","2024-04-05 21:22:00","CERRADA","2024-04-06 00:10:22.738076","2024-04-05 21:22:00","73.00",8,"2024-04-06 00:10:22.738076","271","6","1"
"4488","2024-02-09 20:16:00","CERRADA","2024-02-09 23:11:06.166162","2024-02-09 20:16:00","60.00",2,"2024-02-09 23:11:06.166162","1","8","1"
"4489","2024-02-05 14:30:00","CERRADA","2024-02-05 16:00:07.015451","2024-02-05 14:30:00","241.00",7,"2024-02-05 16:00:07.015451","201","2","1"
"4490","2025-06-02 00:00:00","CERRADA","2025-06-02 00:00:00","2025-06-02 00:00:00","220.00",8,"2025-06-02 00:00:00","144","4","1"
"4491","2024-12-14 19:21:00","CERRADA","2024-12-14 21:05:47.852302","2024-12-14 19:21:00","342.00",2,"2024-12-14 21:05:47.852302","39","13","1"
"4492","2023-10-09 12:40:00","CERRADA","2023-10-09 15:13:28.597542","2023-10-09 12:40:00","27.00",4,"2023-10-09 15:13:28.597542","277","14","1"
"4493","2024-04-26 19:14:00","CERRADA","2024-04-26 20:59:34.445106","2024-04-26 19:14:00","238.00",1,"2024-04-26 20:59:34.445106","1","6","1"
"4494","2025-06-02 00:00:00","CERRADA","2025-06-02 00:00:00","2025-06-02 00:00:00","103.00",6,"2025-06-02 00:00:00","147","1","1"
"4495","2023-07-15 13:56:00","CERRADA","2023-07-15 16:45:13.967378","2023-07-15 13:56:00","134.00",8,"2023-07-15 16:45:13.967378","1","12","1"
"4496","2024-05-17 13:56:00","CERRADA","2024-05-17 16:21:38.501861","2024-05-17 13:56:00","230.00",7,"2024-05-17 16:21:38.501861","1","13","1"
"4497","2025-01-10 20:11:00","CERRADA","2025-01-10 22:38:37.699784","2025-01-10 20:11:00","154.00",1,"2025-01-10 22:38:37.699784","243","6","1"
"4498","2024-11-22 21:20:00","CERRADA","2024-11-22 23:35:56.836249","2024-11-22 21:20:00","47.00",1,"2024-11-22 23:35:56.836249","208","15","1"
"4499","2023-12-15 13:03:00","CERRADA","2023-12-15 15:13:33.525696","2023-12-15 13:03:00","353.00",8,"2023-12-15 15:13:33.525696","284","3","1"
"4500","2024-08-22 20:31:00","CERRADA","2024-08-22 22:49:52.896025","2024-08-22 20:31:00","529.00",4,"2024-08-22 22:49:52.896025","114","10","1"
"4501","2024-05-10 12:43:00","CERRADA","2024-05-10 15:00:06.621417","2024-05-10 12:43:00","217.00",6,"2024-05-10 15:00:06.621417","1","9","1"
"4502","2024-08-29 13:39:00","CERRADA","2024-08-29 16:26:21.951512","2024-08-29 13:39:00","49.00",1,"2024-08-29 16:26:21.951512","188","11","1"
"4503","2023-06-19 21:11:00","CERRADA","2023-06-19 23:33:46.099689","2023-06-19 21:11:00","226.00",2,"2023-06-19 23:33:46.099689","15","11","1"
"4504","2024-07-15 12:21:00","CERRADA","2024-07-15 14:35:32.294621","2024-07-15 12:21:00","108.00",8,"2024-07-15 14:35:32.294621","184","3","1"
"4505","2023-10-06 13:37:00","CERRADA","2023-10-06 15:43:08.248299","2023-10-06 13:37:00","173.00",8,"2023-10-06 15:43:08.248299","181","7","1"
"4506","2023-11-17 20:05:00","CERRADA","2023-11-17 22:31:00.080152","2023-11-17 20:05:00","189.00",8,"2023-11-17 22:31:00.080152","1","12","1"
"4507","2024-11-01 19:21:00","CERRADA","2024-11-01 21:46:25.248151","2024-11-01 19:21:00","233.00",1,"2024-11-01 21:46:25.248151","285","8","1"
"4508","2024-06-14 20:40:00","CERRADA","2024-06-14 22:37:15.975309","2024-06-14 20:40:00","155.00",1,"2024-06-14 22:37:15.975309","1","12","1"
"4509","2023-07-06 12:22:00","CERRADA","2023-07-06 13:31:50.912897","2023-07-06 12:22:00","491.00",6,"2023-07-06 13:31:50.912897","113","14","1"
"4510","2024-09-06 20:06:00","CERRADA","2024-09-06 21:44:06.518887","2024-09-06 20:06:00","535.00",7,"2024-09-06 21:44:06.518887","25","7","1"
"4511","2023-12-08 14:14:00","CERRADA","2023-12-08 16:07:58.528056","2023-12-08 14:14:00","160.00",1,"2023-12-08 16:07:58.528056","285","8","1"
"4512","2023-09-29 20:10:00","CERRADA","2023-09-29 21:47:13.294939","2023-09-29 20:10:00","211.00",3,"2023-09-29 21:47:13.294939","1","9","1"
"4513","2023-06-04 13:36:00","CERRADA","2023-06-04 14:40:14.44968","2023-06-04 13:36:00","243.00",4,"2023-06-04 14:40:14.44968","54","8","1"
"4514","2023-07-07 20:13:00","CERRADA","2023-07-07 23:10:19.998285","2023-07-07 20:13:00","82.00",4,"2023-07-07 23:10:19.998285","1","6","1"
"4515","2024-08-09 19:27:00","CERRADA","2024-08-09 21:07:18.999428","2024-08-09 19:27:00","249.00",2,"2024-08-09 21:07:18.999428","266","15","1"
"4516","2024-06-16 14:28:00","CERRADA","2024-06-16 17:02:09.56658","2024-06-16 14:28:00","396.00",8,"2024-06-16 17:02:09.56658","206","8","1"
"4517","2023-06-09 21:42:00","CERRADA","2023-06-10 00:28:36.025896","2023-06-09 21:42:00","126.00",2,"2023-06-10 00:28:36.025896","169","5","1"
"4518","2024-03-29 21:34:00","CERRADA","2024-03-29 23:52:07.102136","2024-03-29 21:34:00","319.00",1,"2024-03-29 23:52:07.102136","68","6","1"
"4519","2025-03-07 14:33:00","CERRADA","2025-03-07 16:26:42.389343","2025-03-07 14:33:00","128.00",1,"2025-03-07 16:26:42.389343","282","2","1"
"4520","2024-06-04 12:33:00","CERRADA","2024-06-04 13:35:33.217121","2024-06-04 12:33:00","133.00",5,"2024-06-04 13:35:33.217121","250","9","1"
"4521","2023-09-01 21:59:00","CERRADA","2023-09-02 00:30:31.623257","2023-09-01 21:59:00","215.00",5,"2023-09-02 00:30:31.623257","60","1","1"
"4522","2023-12-16 12:05:00","CERRADA","2023-12-16 13:46:11.589981","2023-12-16 12:05:00","149.00",7,"2023-12-16 13:46:11.589981","61","7","1"
"4523","2024-08-24 19:42:00","CERRADA","2024-08-24 22:00:31.714716","2024-08-24 19:42:00","245.00",2,"2024-08-24 22:00:31.714716","197","7","1"
"4524","2024-12-10 20:37:00","CERRADA","2024-12-10 21:53:32.008735","2024-12-10 20:37:00","231.00",5,"2024-12-10 21:53:32.008735","23","14","1"
"4525","2025-04-04 14:39:00","CERRADA","2025-04-04 16:08:02.372113","2025-04-04 14:39:00","155.00",1,"2025-04-04 16:08:02.372113","13","7","1"
"4526","2025-05-02 13:35:00","CERRADA","2025-05-02 15:01:06.248242","2025-05-02 13:35:00","93.00",1,"2025-05-02 15:01:06.248242","180","12","1"
"4527","2024-04-12 21:06:00","CERRADA","2024-04-12 23:04:08.495692","2024-04-12 21:06:00","323.00",3,"2024-04-12 23:04:08.495692","73","14","1"
"4528","2023-08-07 21:42:00","CERRADA","2023-08-07 23:04:04.639942","2023-08-07 21:42:00","406.00",6,"2023-08-07 23:04:04.639942","115","4","1"
"4529","2025-04-19 21:02:00","CERRADA","2025-04-19 22:33:10.919235","2025-04-19 21:02:00","108.00",4,"2025-04-19 22:33:10.919235","210","7","1"
"4530","2025-05-20 20:55:00","CERRADA","2025-05-20 23:26:16.351362","2025-05-20 20:55:00","192.00",5,"2025-05-20 23:26:16.351362","282","1","1"
"4531","2025-03-14 14:00:00","CERRADA","2025-03-14 16:22:29.458225","2025-03-14 14:00:00","160.00",8,"2025-03-14 16:22:29.458225","1","7","1"
"4532","2024-01-05 20:32:00","CERRADA","2024-01-05 23:28:13.959685","2024-01-05 20:32:00","149.00",8,"2024-01-05 23:28:13.959685","226","1","1"
"4533","2024-12-16 20:18:00","CERRADA","2024-12-16 22:03:34.040483","2024-12-16 20:18:00","234.00",2,"2024-12-16 22:03:34.040483","1","7","1"
"4534","2024-06-14 14:16:00","CERRADA","2024-06-14 17:07:17.857343","2024-06-14 14:16:00","86.00",2,"2024-06-14 17:07:17.857343","94","9","1"
"4535","2024-01-26 13:26:00","CERRADA","2024-01-26 14:38:57.635969","2024-01-26 13:26:00","408.00",8,"2024-01-26 14:38:57.635969","80","6","1"
"4536","2023-12-25 14:59:00","CERRADA","2023-12-25 16:58:46.835224","2023-12-25 14:59:00","105.00",7,"2023-12-25 16:58:46.835224","258","8","1"
"4537","2024-07-18 21:36:00","CERRADA","2024-07-18 23:53:42.449733","2024-07-18 21:36:00","210.00",5,"2024-07-18 23:53:42.449733","1","10","1"
"4538","2024-08-25 19:06:00","CERRADA","2024-08-25 21:57:56.423808","2024-08-25 19:06:00","47.00",8,"2024-08-25 21:57:56.423808","233","2","1"
"4539","2023-08-25 14:28:00","CERRADA","2023-08-25 15:38:30.457032","2023-08-25 14:28:00","89.00",7,"2023-08-25 15:38:30.457032","144","3","1"
"4540","2024-02-25 19:16:00","CERRADA","2024-02-25 20:50:04.287924","2024-02-25 19:16:00","533.00",5,"2024-02-25 20:50:04.287924","20","14","1"
"4541","2025-02-04 20:18:00","CERRADA","2025-02-04 22:45:24.482409","2025-02-04 20:18:00","148.00",3,"2025-02-04 22:45:24.482409","258","12","1"
"4542","2024-01-12 20:02:00","CERRADA","2024-01-12 21:32:30.89157","2024-01-12 20:02:00","316.00",2,"2024-01-12 21:32:30.89157","46","11","1"
"4543","2025-02-14 13:28:00","CERRADA","2025-02-14 14:57:35.019707","2025-02-14 13:28:00","63.00",1,"2025-02-14 14:57:35.019707","221","3","1"
"4544","2024-04-16 21:26:00","CERRADA","2024-04-16 22:26:17.500808","2024-04-16 21:26:00","42.00",3,"2024-04-16 22:26:17.500808","168","12","1"
"4545","2024-04-19 14:00:00","CERRADA","2024-04-19 16:35:36.654362","2024-04-19 14:00:00","135.00",2,"2024-04-19 16:35:36.654362","1","5","1"
"4546","2023-12-15 14:24:00","CERRADA","2023-12-15 15:34:21.455789","2023-12-15 14:24:00","84.00",6,"2023-12-15 15:34:21.455789","65","4","1"
"4547","2023-07-01 21:23:00","CERRADA","2023-07-01 23:04:21.678061","2023-07-01 21:23:00","167.00",3,"2023-07-01 23:04:21.678061","222","12","1"
"4548","2024-03-07 21:23:00","CERRADA","2024-03-07 23:55:43.667973","2024-03-07 21:23:00","68.00",6,"2024-03-07 23:55:43.667973","1","10","1"
"4549","2024-06-14 21:03:00","CERRADA","2024-06-14 23:04:15.986601","2024-06-14 21:03:00","241.00",1,"2024-06-14 23:04:15.986601","1","6","1"
"4550","2025-06-02 00:00:00","CERRADA","2025-06-02 00:00:00","2025-06-02 00:00:00","144.00",3,"2025-06-02 00:00:00","271","15","1"
"4551","2024-07-18 13:26:00","CERRADA","2024-07-18 15:22:23.008226","2024-07-18 13:26:00","113.00",4,"2024-07-18 15:22:23.008226","96","11","1"
"4552","2023-10-13 19:28:00","CERRADA","2023-10-13 21:02:58.226904","2023-10-13 19:28:00","126.00",7,"2023-10-13 21:02:58.226904","126","3","1"
"4553","2025-06-02 00:00:00","CERRADA","2025-06-02 00:00:00","2025-06-02 00:00:00","180.00",2,"2025-06-02 00:00:00","1","6","1"
"4554","2025-01-10 13:50:00","CERRADA","2025-01-10 14:58:45.051169","2025-01-10 13:50:00","155.00",3,"2025-01-10 14:58:45.051169","152","10","1"
"4555","2023-11-09 19:26:00","CERRADA","2023-11-09 21:26:33.362456","2023-11-09 19:26:00","248.00",8,"2023-11-09 21:26:33.362456","179","11","1"
"4556","2024-01-26 19:41:00","CERRADA","2024-01-26 21:41:10.050946","2024-01-26 19:41:00","44.00",6,"2024-01-26 21:41:10.050946","4","15","1"
"4557","2023-08-18 21:49:00","CERRADA","2023-08-18 23:13:46.031174","2023-08-18 21:49:00","183.00",4,"2023-08-18 23:13:46.031174","1","1","1"
"4558","2024-07-17 20:43:00","CERRADA","2024-07-17 22:47:04.884247","2024-07-17 20:43:00","79.00",1,"2024-07-17 22:47:04.884247","232","10","1"
"4559","2025-04-12 20:01:00","CERRADA","2025-04-12 21:13:38.881334","2025-04-12 20:01:00","418.00",6,"2025-04-12 21:13:38.881334","54","11","1"
"4560","2023-07-10 12:55:00","CERRADA","2023-07-10 15:06:38.339415","2023-07-10 12:55:00","258.00",1,"2023-07-10 15:06:38.339415","278","14","1"
"4561","2023-09-22 21:57:00","CERRADA","2023-09-22 23:25:54.981245","2023-09-22 21:57:00","194.00",2,"2023-09-22 23:25:54.981245","189","4","1"
"4562","2024-08-09 20:51:00","CERRADA","2024-08-09 22:01:08.110375","2024-08-09 20:51:00","333.00",8,"2024-08-09 22:01:08.110375","50","6","1"
"4563","2023-12-08 12:18:00","CERRADA","2023-12-08 14:05:39.682151","2023-12-08 12:18:00","305.00",7,"2023-12-08 14:05:39.682151","220","1","1"
"4564","2023-10-27 20:40:00","CERRADA","2023-10-27 22:52:36.897719","2023-10-27 20:40:00","208.00",3,"2023-10-27 22:52:36.897719","1","7","1"
"4565","2024-08-11 13:21:00","CERRADA","2024-08-11 14:26:10.406951","2024-08-11 13:21:00","314.00",3,"2024-08-11 14:26:10.406951","174","2","1"
"4566","2023-07-07 20:56:00","CERRADA","2023-07-07 23:05:49.927974","2023-07-07 20:56:00","404.00",5,"2023-07-07 23:05:49.927974","35","1","1"
"4567","2023-10-19 12:02:00","CERRADA","2023-10-19 14:09:43.184506","2023-10-19 12:02:00","200.00",7,"2023-10-19 14:09:43.184506","1","1","1"
"4568","2024-11-29 12:34:00","CERRADA","2024-11-29 13:59:43.851422","2024-11-29 12:34:00","147.00",7,"2024-11-29 13:59:43.851422","183","3","1"
"4569","2023-09-29 13:30:00","CERRADA","2023-09-29 16:28:16.597795","2023-09-29 13:30:00","78.00",3,"2023-09-29 16:28:16.597795","202","9","1"
"4570","2023-12-22 12:38:00","CERRADA","2023-12-22 15:25:14.354798","2023-12-22 12:38:00","324.00",5,"2023-12-22 15:25:14.354798","234","2","1"
"4571","2023-12-01 12:40:00","CERRADA","2023-12-01 14:01:16.353621","2023-12-01 12:40:00","490.00",7,"2023-12-01 14:01:16.353621","28","6","1"
"4572","2024-11-08 19:39:00","CERRADA","2024-11-08 21:41:48.736681","2024-11-08 19:39:00","158.00",5,"2024-11-08 21:41:48.736681","147","8","1"
"4573","2023-08-11 20:07:00","CERRADA","2023-08-11 22:53:46.257444","2023-08-11 20:07:00","225.00",3,"2023-08-11 22:53:46.257444","273","10","1"
"4574","2023-12-01 21:11:00","CERRADA","2023-12-02 00:06:41.310638","2023-12-01 21:11:00","277.00",4,"2023-12-02 00:06:41.310638","1","3","1"
"4575","2025-01-28 20:43:00","CERRADA","2025-01-28 23:37:05.220504","2025-01-28 20:43:00","96.00",5,"2025-01-28 23:37:05.220504","21","2","1"
"4576","2024-12-29 19:50:00","CERRADA","2024-12-29 21:27:21.259827","2024-12-29 19:50:00","147.00",6,"2024-12-29 21:27:21.259827","1","8","1"
"4577","2023-08-04 20:11:00","CERRADA","2023-08-04 22:39:22.408307","2023-08-04 20:11:00","78.00",1,"2023-08-04 22:39:22.408307","234","9","1"
"4578","2024-07-26 13:30:00","CERRADA","2024-07-26 16:11:04.349074","2024-07-26 13:30:00","84.00",7,"2024-07-26 16:11:04.349074","221","4","1"
"4579","2024-03-14 13:34:00","CERRADA","2024-03-14 15:33:08.431601","2024-03-14 13:34:00","54.00",1,"2024-03-14 15:33:08.431601","189","11","1"
"4580","2023-07-04 13:07:00","CERRADA","2023-07-04 15:00:15.365155","2023-07-04 13:07:00","155.00",8,"2023-07-04 15:00:15.365155","257","12","1"
"4581","2024-06-07 12:18:00","CERRADA","2024-06-07 13:41:09.211064","2024-06-07 12:18:00","408.00",4,"2024-06-07 13:41:09.211064","41","13","1"
"4582","2025-06-02 00:00:00","CERRADA","2025-06-02 00:00:00","2025-06-02 00:00:00","213.00",7,"2025-06-02 00:00:00","193","11","1"
"4583","2024-05-03 19:10:00","CERRADA","2024-05-03 22:08:20.765089","2024-05-03 19:10:00","276.00",4,"2024-05-03 22:08:20.765089","104","15","1"
"4584","2025-06-02 00:00:00","CERRADA","2025-06-02 00:00:00","2025-06-02 00:00:00","232.00",1,"2025-06-02 00:00:00","1","7","1"
"4585","2024-12-28 13:12:00","CERRADA","2024-12-28 14:24:38.907223","2024-12-28 13:12:00","225.00",2,"2024-12-28 14:24:38.907223","118","4","1"
"4586","2023-10-03 14:29:00","CERRADA","2023-10-03 17:19:32.932399","2023-10-03 14:29:00","131.00",8,"2023-10-03 17:19:32.932399","45","12","1"
"4587","2025-02-09 12:35:00","CERRADA","2025-02-09 13:43:49.940107","2025-02-09 12:35:00","96.00",2,"2025-02-09 13:43:49.940107","173","13","1"
"4588","2024-05-10 13:40:00","CERRADA","2024-05-10 15:22:58.39922","2024-05-10 13:40:00","106.00",1,"2024-05-10 15:22:58.39922","1","1","1"
"4589","2025-02-07 19:15:00","CERRADA","2025-02-07 20:58:22.880333","2025-02-07 19:15:00","94.00",6,"2025-02-07 20:58:22.880333","1","4","1"
"4590","2023-11-02 20:50:00","CERRADA","2023-11-02 23:20:51.086553","2023-11-02 20:50:00","144.00",1,"2023-11-02 23:20:51.086553","124","11","1"
"4591","2024-08-02 13:18:00","CERRADA","2024-08-02 15:27:44.060517","2024-08-02 13:18:00","450.00",7,"2024-08-02 15:27:44.060517","52","1","1"
"4592","2024-08-30 14:37:00","CERRADA","2024-08-30 15:42:15.682771","2024-08-30 14:37:00","144.00",8,"2024-08-30 15:42:15.682771","1","6","1"
"4593","2023-11-03 21:39:00","CERRADA","2023-11-04 00:30:35.770327","2023-11-03 21:39:00","92.00",4,"2023-11-04 00:30:35.770327","257","6","1"
"4594","2023-12-17 19:58:00","CERRADA","2023-12-17 22:00:43.001738","2023-12-17 19:58:00","132.00",6,"2023-12-17 22:00:43.001738","1","8","1"
"4595","2024-07-16 13:06:00","CERRADA","2024-07-16 15:03:16.92625","2024-07-16 13:06:00","190.00",2,"2024-07-16 15:03:16.92625","270","10","1"
"4596","2024-07-23 14:44:00","CERRADA","2024-07-23 17:20:42.956548","2024-07-23 14:44:00","471.00",2,"2024-07-23 17:20:42.956548","60","2","1"
"4597","2024-08-02 21:59:00","CERRADA","2024-08-02 23:23:28.01706","2024-08-02 21:59:00","116.00",5,"2024-08-02 23:23:28.01706","188","15","1"
"4598","2023-09-08 21:26:00","CERRADA","2023-09-08 23:14:16.468409","2023-09-08 21:26:00","256.00",5,"2023-09-08 23:14:16.468409","242","15","1"
"4599","2024-12-13 12:12:00","CERRADA","2024-12-13 13:42:29.997451","2024-12-13 12:12:00","128.00",1,"2024-12-13 13:42:29.997451","164","11","1"
"4600","2024-10-18 19:01:00","CERRADA","2024-10-18 20:47:26.058038","2024-10-18 19:01:00","248.00",2,"2024-10-18 20:47:26.058038","1","11","1"
"4601","2025-06-02 00:00:00","CERRADA","2025-06-02 00:00:00","2025-06-02 00:00:00","281.00",2,"2025-06-02 00:00:00","20","2","1"
"4602","2023-07-02 19:37:00","CERRADA","2023-07-02 21:22:40.900649","2023-07-02 19:37:00","228.00",3,"2023-07-02 21:22:40.900649","46","8","1"
"4603","2023-06-16 21:49:00","CERRADA","2023-06-17 00:31:15.019826","2023-06-16 21:49:00","177.00",5,"2023-06-17 00:31:15.019826","1","7","1"
"4604","2024-03-25 21:03:00","CERRADA","2024-03-25 23:28:09.174937","2024-03-25 21:03:00","252.00",6,"2024-03-25 23:28:09.174937","1","15","1"
"4605","2024-03-29 14:13:00","CERRADA","2024-03-29 15:45:32.889227","2024-03-29 14:13:00","144.00",3,"2024-03-29 15:45:32.889227","1","9","1"
"4606","2023-10-06 14:56:00","CERRADA","2023-10-06 16:30:59.818646","2023-10-06 14:56:00","130.00",2,"2023-10-06 16:30:59.818646","157","11","1"
"4607","2024-07-29 21:27:00","CERRADA","2024-07-30 00:14:20.801435","2024-07-29 21:27:00","405.00",5,"2024-07-30 00:14:20.801435","225","3","1"
"4608","2023-08-25 19:03:00","CERRADA","2023-08-25 20:29:55.074215","2023-08-25 19:03:00","115.00",2,"2023-08-25 20:29:55.074215","1","3","1"
"4609","2023-09-10 13:15:00","CERRADA","2023-09-10 14:48:29.35923","2023-09-10 13:15:00","265.00",6,"2023-09-10 14:48:29.35923","1","10","1"
"4610","2023-08-07 19:16:00","CERRADA","2023-08-07 20:54:58.212715","2023-08-07 19:16:00","268.00",3,"2023-08-07 20:54:58.212715","202","6","1"
"4611","2024-08-18 14:00:00","CERRADA","2024-08-18 15:51:37.066553","2024-08-18 14:00:00","108.00",2,"2024-08-18 15:51:37.066553","1","4","1"
"4612","2023-09-15 19:59:00","CERRADA","2023-09-15 22:17:23.503388","2023-09-15 19:59:00","94.00",5,"2023-09-15 22:17:23.503388","1","11","1"
"4613","2025-03-21 13:40:00","CERRADA","2025-03-21 14:52:37.340692","2025-03-21 13:40:00","142.00",5,"2025-03-21 14:52:37.340692","1","11","1"
"4614","2025-03-21 21:47:00","CERRADA","2025-03-21 23:25:32.853998","2025-03-21 21:47:00","105.00",1,"2025-03-21 23:25:32.853998","256","9","1"
"4615","2024-12-23 12:17:00","CERRADA","2024-12-23 13:29:46.639747","2024-12-23 12:17:00","283.00",2,"2024-12-23 13:29:46.639747","1","1","1"
"4616","2024-10-18 13:17:00","CERRADA","2024-10-18 15:41:15.367589","2024-10-18 13:17:00","49.00",5,"2024-10-18 15:41:15.367589","144","11","1"
"4617","2025-06-02 00:00:00","CERRADA","2025-06-02 00:00:00","2025-06-02 00:00:00","189.00",7,"2025-06-02 00:00:00","242","4","1"
"4618","2023-08-19 19:51:00","CERRADA","2023-08-19 22:34:30.70134","2023-08-19 19:51:00","96.00",4,"2023-08-19 22:34:30.70134","1","6","1"
"4619","2024-10-04 12:33:00","CERRADA","2024-10-04 14:12:17.812176","2024-10-04 12:33:00","537.00",4,"2024-10-04 14:12:17.812176","4","13","1"
"4620","2024-03-03 14:10:00","CERRADA","2024-03-03 16:17:45.547426","2024-03-03 14:10:00","237.00",8,"2024-03-03 16:17:45.547426","295","12","1"
"4621","2024-07-08 20:17:00","CERRADA","2024-07-08 22:10:37.77061","2024-07-08 20:17:00","347.00",6,"2024-07-08 22:10:37.77061","183","1","1"
"4622","2024-07-12 20:38:00","CERRADA","2024-07-12 22:54:12.763443","2024-07-12 20:38:00","276.00",1,"2024-07-12 22:54:12.763443","205","9","1"
"4623","2023-09-08 12:51:00","CERRADA","2023-09-08 15:13:47.984626","2023-09-08 12:51:00","151.00",2,"2023-09-08 15:13:47.984626","41","7","1"
"4624","2024-11-08 12:32:00","CERRADA","2024-11-08 15:29:14.937369","2024-11-08 12:32:00","171.00",8,"2024-11-08 15:29:14.937369","197","3","1"
"4625","2024-07-12 12:09:00","CERRADA","2024-07-12 15:04:12.191927","2024-07-12 12:09:00","129.00",1,"2024-07-12 15:04:12.191927","1","12","1"
"4626","2025-02-14 13:13:00","CERRADA","2025-02-14 14:41:58.200883","2025-02-14 13:13:00","190.00",6,"2025-02-14 14:41:58.200883","1","8","1"
"4627","2024-12-25 21:53:00","CERRADA","2024-12-25 23:18:42.165015","2024-12-25 21:53:00","250.00",8,"2024-12-25 23:18:42.165015","170","7","1"
"4628","2023-10-06 21:07:00","CERRADA","2023-10-07 00:01:57.408788","2023-10-06 21:07:00","110.00",7,"2023-10-07 00:01:57.408788","1","13","1"
"4629","2024-10-22 13:12:00","CERRADA","2024-10-22 14:49:51.948122","2024-10-22 13:12:00","171.00",3,"2024-10-22 14:49:51.948122","99","5","1"
"4630","2023-12-03 14:46:00","CERRADA","2023-12-03 16:04:07.640584","2023-12-03 14:46:00","307.00",5,"2023-12-03 16:04:07.640584","252","14","1"
"4631","2025-01-31 12:23:00","CERRADA","2025-01-31 14:40:56.277057","2025-01-31 12:23:00","141.00",8,"2025-01-31 14:40:56.277057","96","1","1"
"4632","2023-07-23 20:08:00","CERRADA","2023-07-23 22:27:34.239454","2023-07-23 20:08:00","412.00",6,"2023-07-23 22:27:34.239454","149","3","1"
"4633","2025-06-02 00:00:00","CERRADA","2025-06-02 00:00:00","2025-06-02 00:00:00","182.00",4,"2025-06-02 00:00:00","1","6","1"
"4634","2025-02-13 13:25:00","CERRADA","2025-02-13 15:00:26.760471","2025-02-13 13:25:00","342.00",8,"2025-02-13 15:00:26.760471","282","8","1"
"4635","2024-09-20 13:33:00","CERRADA","2024-09-20 15:59:35.953611","2024-09-20 13:33:00","116.00",4,"2024-09-20 15:59:35.953611","1","8","1"
"4636","2023-12-01 21:04:00","CERRADA","2023-12-01 22:32:43.534494","2023-12-01 21:04:00","244.00",3,"2023-12-01 22:32:43.534494","38","3","1"
"4637","2024-05-03 21:02:00","CERRADA","2024-05-03 22:23:22.464491","2024-05-03 21:02:00","263.00",8,"2024-05-03 22:23:22.464491","56","1","1"
"4638","2025-06-02 00:00:00","CERRADA","2025-06-02 00:00:00","2025-06-02 00:00:00","89.00",5,"2025-06-02 00:00:00","297","5","1"
"4639","2024-12-27 14:56:00","CERRADA","2024-12-27 17:20:27.87868","2024-12-27 14:56:00","112.00",1,"2024-12-27 17:20:27.87868","89","15","1"
"4640","2024-01-05 13:30:00","CERRADA","2024-01-05 14:31:25.949724","2024-01-05 13:30:00","159.00",5,"2024-01-05 14:31:25.949724","1","1","1"
"4641","2024-11-15 12:14:00","CERRADA","2024-11-15 15:07:59.005726","2024-11-15 12:14:00","117.00",8,"2024-11-15 15:07:59.005726","182","9","1"
"4642","2024-06-20 20:51:00","CERRADA","2024-06-20 23:02:31.611897","2024-06-20 20:51:00","112.00",3,"2024-06-20 23:02:31.611897","285","3","1"
"4643","2023-08-17 14:17:00","CERRADA","2023-08-17 16:42:43.458273","2023-08-17 14:17:00","82.00",4,"2023-08-17 16:42:43.458273","192","2","1"
"4644","2023-12-22 21:28:00","CERRADA","2023-12-23 00:14:32.858974","2023-12-22 21:28:00","98.00",1,"2023-12-23 00:14:32.858974","128","9","1"
"4645","2023-07-08 21:16:00","CERRADA","2023-07-08 23:24:59.012876","2023-07-08 21:16:00","226.00",2,"2023-07-08 23:24:59.012876","1","9","1"
"4646","2024-04-19 19:56:00","CERRADA","2024-04-19 22:54:02.630128","2024-04-19 19:56:00","224.00",6,"2024-04-19 22:54:02.630128","158","14","1"
"4647","2024-04-26 13:54:00","CERRADA","2024-04-26 15:18:32.142161","2024-04-26 13:54:00","141.00",6,"2024-04-26 15:18:32.142161","121","15","1"
"4648","2024-11-08 13:36:00","CERRADA","2024-11-08 15:54:13.749998","2024-11-08 13:36:00","114.00",2,"2024-11-08 15:54:13.749998","53","11","1"
"4649","2024-12-06 20:48:00","CERRADA","2024-12-06 22:07:54.985215","2024-12-06 20:48:00","138.00",3,"2024-12-06 22:07:54.985215","166","1","1"
"4650","2024-01-12 19:49:00","CERRADA","2024-01-12 21:24:22.466814","2024-01-12 19:49:00","124.00",6,"2024-01-12 21:24:22.466814","250","12","1"
"4651","2024-08-31 19:43:00","CERRADA","2024-08-31 22:30:00.25263","2024-08-31 19:43:00","200.00",1,"2024-08-31 22:30:00.25263","122","4","1"
"4652","2023-09-08 12:45:00","CERRADA","2023-09-08 14:36:41.392456","2023-09-08 12:45:00","147.00",4,"2023-09-08 14:36:41.392456","207","4","1"
"4653","2024-07-12 19:13:00","CERRADA","2024-07-12 21:40:10.060393","2024-07-12 19:13:00","29.00",6,"2024-07-12 21:40:10.060393","55","10","1"
"4654","2024-01-26 19:00:00","CERRADA","2024-01-26 21:32:52.490552","2024-01-26 19:00:00","135.00",1,"2024-01-26 21:32:52.490552","1","5","1"
"4655","2023-06-30 20:08:00","CERRADA","2023-06-30 22:53:29.656866","2023-06-30 20:08:00","164.00",4,"2023-06-30 22:53:29.656866","294","11","1"
"4656","2024-11-15 12:25:00","CERRADA","2024-11-15 13:46:54.085373","2024-11-15 12:25:00","118.00",6,"2024-11-15 13:46:54.085373","1","5","1"
"4657","2024-08-16 13:09:00","CERRADA","2024-08-16 14:52:13.337178","2024-08-16 13:09:00","189.00",5,"2024-08-16 14:52:13.337178","154","3","1"
"4658","2024-08-09 20:42:00","CERRADA","2024-08-09 22:54:42.512864","2024-08-09 20:42:00","130.00",1,"2024-08-09 22:54:42.512864","1","6","1"
"4659","2025-06-02 00:00:00","CERRADA","2025-06-02 00:00:00","2025-06-02 00:00:00","226.00",8,"2025-06-02 00:00:00","114","7","1"
"4660","2024-02-02 14:00:00","CERRADA","2024-02-02 16:50:26.830761","2024-02-02 14:00:00","75.00",1,"2024-02-02 16:50:26.830761","178","8","1"
"4661","2024-12-05 21:16:00","CERRADA","2024-12-05 22:49:19.291151","2024-12-05 21:16:00","155.00",7,"2024-12-05 22:49:19.291151","293","10","1"
"4662","2024-09-06 12:20:00","CERRADA","2024-09-06 13:51:14.159917","2024-09-06 12:20:00","149.00",2,"2024-09-06 13:51:14.159917","230","12","1"
"4663","2023-08-27 21:42:00","CERRADA","2023-08-27 23:21:05.981853","2023-08-27 21:42:00","180.00",6,"2023-08-27 23:21:05.981853","1","11","1"
"4664","2023-07-21 19:51:00","CERRADA","2023-07-21 21:28:54.905201","2023-07-21 19:51:00","258.00",3,"2023-07-21 21:28:54.905201","145","1","1"
"4665","2023-08-18 21:05:00","CERRADA","2023-08-18 22:41:23.194642","2023-08-18 21:05:00","307.00",1,"2023-08-18 22:41:23.194642","126","1","1"
"4666","2025-03-14 14:50:00","CERRADA","2025-03-14 17:24:13.419253","2025-03-14 14:50:00","232.00",7,"2025-03-14 17:24:13.419253","277","1","1"
"4667","2024-11-15 12:02:00","CERRADA","2024-11-15 14:48:44.111836","2024-11-15 12:02:00","187.00",5,"2024-11-15 14:48:44.111836","1","6","1"
"4668","2024-08-17 19:33:00","CERRADA","2024-08-17 22:08:01.930701","2024-08-17 19:33:00","103.00",7,"2024-08-17 22:08:01.930701","151","12","1"
"4669","2024-05-31 14:57:00","CERRADA","2024-05-31 17:03:11.496226","2024-05-31 14:57:00","289.00",8,"2024-05-31 17:03:11.496226","276","13","1"
"4670","2023-10-20 12:12:00","CERRADA","2023-10-20 14:15:38.478855","2023-10-20 12:12:00","128.00",7,"2023-10-20 14:15:38.478855","146","7","1"
"4671","2023-12-01 12:50:00","CERRADA","2023-12-01 15:27:43.879487","2023-12-01 12:50:00","240.00",2,"2023-12-01 15:27:43.879487","171","12","1"
"4672","2024-06-14 14:15:00","CERRADA","2024-06-14 15:28:03.716226","2024-06-14 14:15:00","154.00",2,"2024-06-14 15:28:03.716226","192","1","1"
"4673","2024-10-25 21:17:00","CERRADA","2024-10-25 23:14:43.395682","2024-10-25 21:17:00","326.00",2,"2024-10-25 23:14:43.395682","1","8","1"
"4674","2023-12-12 12:40:00","CERRADA","2023-12-12 13:44:47.060399","2023-12-12 12:40:00","281.00",7,"2023-12-12 13:44:47.060399","1","14","1"
"4675","2025-05-23 19:30:00","CERRADA","2025-05-23 20:36:56.957393","2025-05-23 19:30:00","137.00",3,"2025-05-23 20:36:56.957393","1","4","1"
"4676","2024-08-08 20:26:00","CERRADA","2024-08-08 21:59:56.566027","2024-08-08 20:26:00","163.00",7,"2024-08-08 21:59:56.566027","194","2","1"
"4677","2024-12-14 20:14:00","CERRADA","2024-12-14 21:36:13.586517","2024-12-14 20:14:00","60.00",3,"2024-12-14 21:36:13.586517","1","11","1"
"4678","2024-02-04 14:47:00","CERRADA","2024-02-04 17:08:56.512067","2024-02-04 14:47:00","235.00",2,"2024-02-04 17:08:56.512067","1","2","1"
"4679","2025-01-17 20:05:00","CERRADA","2025-01-17 22:31:06.613208","2025-01-17 20:05:00","95.00",3,"2025-01-17 22:31:06.613208","254","15","1"
"4680","2023-06-22 14:24:00","CERRADA","2023-06-22 16:04:46.25052","2023-06-22 14:24:00","70.00",5,"2023-06-22 16:04:46.25052","155","9","1"
"4681","2024-07-26 20:09:00","CERRADA","2024-07-26 22:26:19.3975","2024-07-26 20:09:00","382.00",5,"2024-07-26 22:26:19.3975","1","9","1"
"4682","2025-03-22 19:25:00","CERRADA","2025-03-22 21:44:55.771353","2025-03-22 19:25:00","45.00",1,"2025-03-22 21:44:55.771353","259","8","1"
"4683","2025-06-02 00:00:00","CERRADA","2025-06-02 00:00:00","2025-06-02 00:00:00","198.00",5,"2025-06-02 00:00:00","246","7","1"
"4684","2025-01-03 12:27:00","CERRADA","2025-01-03 13:42:12.936018","2025-01-03 12:27:00","292.00",2,"2025-01-03 13:42:12.936018","1","6","1"
"4685","2024-08-20 21:25:00","CERRADA","2024-08-20 23:55:25.556573","2024-08-20 21:25:00","185.00",8,"2024-08-20 23:55:25.556573","230","5","1"
"4686","2025-02-07 19:53:00","CERRADA","2025-02-07 21:23:22.452027","2025-02-07 19:53:00","447.00",2,"2025-02-07 21:23:22.452027","43","10","1"
"4687","2024-08-20 12:33:00","CERRADA","2024-08-20 15:08:13.558621","2024-08-20 12:33:00","124.00",8,"2024-08-20 15:08:13.558621","109","2","1"
"4688","2023-06-28 19:46:00","CERRADA","2023-06-28 22:20:20.887807","2023-06-28 19:46:00","286.00",2,"2023-06-28 22:20:20.887807","231","6","1"
"4689","2024-10-11 14:50:00","CERRADA","2024-10-11 16:43:26.396099","2024-10-11 14:50:00","94.00",7,"2024-10-11 16:43:26.396099","1","12","1"
"4690","2024-03-08 19:59:00","CERRADA","2024-03-08 21:05:38.916854","2024-03-08 19:59:00","262.00",2,"2024-03-08 21:05:38.916854","1","15","1"
"4691","2025-05-16 14:16:00","CERRADA","2025-05-16 16:30:07.454682","2025-05-16 14:16:00","140.00",1,"2025-05-16 16:30:07.454682","1","12","1"
"4692","2024-05-03 21:13:00","CERRADA","2024-05-03 23:11:52.402607","2024-05-03 21:13:00","215.00",8,"2024-05-03 23:11:52.402607","277","6","1"
"4693","2024-06-07 21:41:00","CERRADA","2024-06-07 23:37:48.475599","2024-06-07 21:41:00","170.00",5,"2024-06-07 23:37:48.475599","1","5","1"
"4694","2024-01-05 14:11:00","CERRADA","2024-01-05 15:11:23.213377","2024-01-05 14:11:00","298.00",7,"2024-01-05 15:11:23.213377","1","13","1"
"4695","2024-12-31 12:43:00","CERRADA","2024-12-31 14:36:55.088315","2024-12-31 12:43:00","135.00",1,"2024-12-31 14:36:55.088315","1","6","1"
"4696","2024-10-04 20:56:00","CERRADA","2024-10-04 23:02:45.432388","2024-10-04 20:56:00","266.00",3,"2024-10-04 23:02:45.432388","242","3","1"
"4697","2023-11-10 19:52:00","CERRADA","2023-11-10 21:40:22.197416","2023-11-10 19:52:00","130.00",5,"2023-11-10 21:40:22.197416","286","10","1"
"4698","2025-03-14 21:56:00","CERRADA","2025-03-14 23:32:44.870453","2025-03-14 21:56:00","47.00",1,"2025-03-14 23:32:44.870453","218","13","1"
"4699","2023-07-21 19:51:00","CERRADA","2023-07-21 21:03:18.795453","2023-07-21 19:51:00","188.00",6,"2023-07-21 21:03:18.795453","148","4","1"
"4700","2025-06-02 00:00:00","CERRADA","2025-06-02 00:00:00","2025-06-02 00:00:00","250.00",8,"2025-06-02 00:00:00","246","8","1"
"4701","2024-07-05 20:21:00","CERRADA","2024-07-05 21:23:36.289468","2024-07-05 20:21:00","176.00",2,"2024-07-05 21:23:36.289468","35","10","1"
"4702","2024-05-18 12:24:00","CERRADA","2024-05-18 14:36:46.353629","2024-05-18 12:24:00","247.00",3,"2024-05-18 14:36:46.353629","1","8","1"
"4703","2024-07-05 19:42:00","CERRADA","2024-07-05 20:47:31.783516","2024-07-05 19:42:00","138.00",1,"2024-07-05 20:47:31.783516","245","9","1"
"4704","2025-06-02 00:00:00","CERRADA","2025-06-02 00:00:00","2025-06-02 00:00:00","107.00",5,"2025-06-02 00:00:00","102","4","1"
"4705","2024-07-13 12:44:00","CERRADA","2024-07-13 14:29:31.210381","2024-07-13 12:44:00","273.00",3,"2024-07-13 14:29:31.210381","1","10","1"
"4706","2023-08-30 19:57:00","CERRADA","2023-08-30 21:28:32.465456","2023-08-30 19:57:00","118.00",2,"2023-08-30 21:28:32.465456","182","15","1"
"4707","2024-12-20 12:16:00","CERRADA","2024-12-20 14:08:09.449983","2024-12-20 12:16:00","189.00",3,"2024-12-20 14:08:09.449983","56","9","1"
"4708","2025-04-04 13:36:00","CERRADA","2025-04-04 16:13:37.929839","2025-04-04 13:36:00","125.00",2,"2025-04-04 16:13:37.929839","180","2","1"
"4709","2025-02-08 21:27:00","CERRADA","2025-02-08 23:44:33.384514","2025-02-08 21:27:00","190.00",6,"2025-02-08 23:44:33.384514","1","1","1"
"4710","2023-12-15 19:22:00","CERRADA","2023-12-15 22:07:39.848016","2023-12-15 19:22:00","497.00",5,"2023-12-15 22:07:39.848016","113","10","1"
"4711","2024-11-29 19:46:00","CERRADA","2024-11-29 21:43:31.254411","2024-11-29 19:46:00","307.00",3,"2024-11-29 21:43:31.254411","148","15","1"
"4712","2023-07-26 21:11:00","CERRADA","2023-07-26 23:55:54.240892","2023-07-26 21:11:00","179.00",6,"2023-07-26 23:55:54.240892","283","11","1"
"4713","2024-09-13 19:10:00","CERRADA","2024-09-13 20:52:55.799992","2024-09-13 19:10:00","389.00",2,"2024-09-13 20:52:55.799992","71","11","1"
"4714","2023-12-22 20:09:00","CERRADA","2023-12-22 21:42:21.02952","2023-12-22 20:09:00","172.00",6,"2023-12-22 21:42:21.02952","1","6","1"
"4715","2025-04-23 21:29:00","CERRADA","2025-04-23 22:46:13.797512","2025-04-23 21:29:00","166.00",5,"2025-04-23 22:46:13.797512","1","11","1"
"4716","2025-05-30 21:32:00","CERRADA","2025-05-31 00:17:33.745444","2025-05-30 21:32:00","60.00",8,"2025-05-31 00:17:33.745444","1","12","1"
"4717","2023-11-24 19:10:00","CERRADA","2023-11-24 21:10:46.263304","2023-11-24 19:10:00","213.00",2,"2023-11-24 21:10:46.263304","139","14","1"
"4718","2025-06-02 00:00:00","CERRADA","2025-06-02 00:00:00","2025-06-02 00:00:00","79.00",7,"2025-06-02 00:00:00","256","13","1"
"4719","2025-02-26 13:53:00","CERRADA","2025-02-26 16:22:55.303735","2025-02-26 13:53:00","195.00",7,"2025-02-26 16:22:55.303735","1","10","1"
"4720","2023-08-17 12:18:00","CERRADA","2023-08-17 13:20:25.351549","2023-08-17 12:18:00","297.00",4,"2023-08-17 13:20:25.351549","164","8","1"
"4721","2025-01-03 14:15:00","CERRADA","2025-01-03 16:49:24.335598","2025-01-03 14:15:00","242.00",2,"2025-01-03 16:49:24.335598","6","8","1"
"4722","2024-08-09 12:18:00","CERRADA","2024-08-09 14:32:26.3317","2024-08-09 12:18:00","616.00",3,"2024-08-09 14:32:26.3317","30","15","1"
"4723","2023-08-25 12:42:00","CERRADA","2023-08-25 13:51:32.112234","2023-08-25 12:42:00","150.00",1,"2023-08-25 13:51:32.112234","185","6","1"
"4724","2024-11-08 13:56:00","CERRADA","2024-11-08 15:06:59.725722","2024-11-08 13:56:00","154.00",6,"2024-11-08 15:06:59.725722","1","12","1"
"4725","2025-05-16 21:29:00","CERRADA","2025-05-16 23:02:01.670285","2025-05-16 21:29:00","215.00",1,"2025-05-16 23:02:01.670285","31","12","1"
"4726","2023-06-30 12:11:00","CERRADA","2023-06-30 15:04:14.783616","2023-06-30 12:11:00","191.00",7,"2023-06-30 15:04:14.783616","232","6","1"
"4727","2024-01-12 21:42:00","CERRADA","2024-01-12 22:47:18.881236","2024-01-12 21:42:00","359.00",8,"2024-01-12 22:47:18.881236","229","4","1"
"4728","2023-09-10 20:10:00","CERRADA","2023-09-10 21:59:38.866437","2023-09-10 20:10:00","73.00",1,"2023-09-10 21:59:38.866437","1","14","1"
"4729","2023-11-12 14:00:00","CERRADA","2023-11-12 16:57:56.343727","2023-11-12 14:00:00","157.00",3,"2023-11-12 16:57:56.343727","284","10","1"
"4730","2024-05-10 19:59:00","CERRADA","2024-05-10 21:47:20.591901","2024-05-10 19:59:00","143.00",7,"2024-05-10 21:47:20.591901","108","9","1"
"4731","2024-03-08 12:53:00","CERRADA","2024-03-08 14:26:12.578628","2024-03-08 12:53:00","156.00",2,"2024-03-08 14:26:12.578628","162","14","1"
"4732","2023-07-05 12:57:00","CERRADA","2023-07-05 14:34:53.981993","2023-07-05 12:57:00","662.00",1,"2023-07-05 14:34:53.981993","34","14","1"
"4733","2025-01-07 21:26:00","CERRADA","2025-01-07 22:32:58.4504","2025-01-07 21:26:00","159.00",2,"2025-01-07 22:32:58.4504","37","12","1"
"4734","2025-02-05 21:55:00","CERRADA","2025-02-05 23:27:53.016794","2025-02-05 21:55:00","188.00",7,"2025-02-05 23:27:53.016794","1","8","1"
"4735","2024-10-10 14:16:00","CERRADA","2024-10-10 17:05:31.927688","2024-10-10 14:16:00","245.00",8,"2024-10-10 17:05:31.927688","1","13","1"
"4736","2023-11-03 14:10:00","CERRADA","2023-11-03 15:31:32.128997","2023-11-03 14:10:00","197.00",7,"2023-11-03 15:31:32.128997","1","6","1"
"4737","2024-07-05 21:44:00","CERRADA","2024-07-05 23:44:01.673882","2024-07-05 21:44:00","185.00",1,"2024-07-05 23:44:01.673882","135","13","1"
"4738","2024-05-12 21:33:00","CERRADA","2024-05-12 22:52:07.393307","2024-05-12 21:33:00","169.00",8,"2024-05-12 22:52:07.393307","1","13","1"
"4739","2024-04-05 12:24:00","CERRADA","2024-04-05 13:30:39.719866","2024-04-05 12:24:00","166.00",2,"2024-04-05 13:30:39.719866","1","2","1"
"4740","2025-01-03 14:22:00","CERRADA","2025-01-03 17:11:15.514928","2025-01-03 14:22:00","270.00",2,"2025-01-03 17:11:15.514928","1","1","1"
"4741","2024-12-20 12:16:00","CERRADA","2024-12-20 13:48:29.988577","2024-12-20 12:16:00","426.00",8,"2024-12-20 13:48:29.988577","89","7","1"
"4742","2023-10-20 13:47:00","CERRADA","2023-10-20 15:35:31.712846","2023-10-20 13:47:00","372.00",5,"2023-10-20 15:35:31.712846","155","15","1"
"4743","2025-06-02 00:00:00","CERRADA","2025-06-02 00:00:00","2025-06-02 00:00:00","89.00",1,"2025-06-02 00:00:00","1","1","1"
"4744","2024-07-26 19:02:00","CERRADA","2024-07-26 20:37:11.86222","2024-07-26 19:02:00","144.00",3,"2024-07-26 20:37:11.86222","214","13","1"
"4745","2024-03-29 12:28:00","CERRADA","2024-03-29 15:25:06.124802","2024-03-29 12:28:00","139.00",2,"2024-03-29 15:25:06.124802","212","12","1"
"4746","2023-07-21 14:14:00","CERRADA","2023-07-21 16:05:06.737492","2023-07-21 14:14:00","173.00",1,"2023-07-21 16:05:06.737492","42","8","1"
"4747","2025-02-01 19:26:00","CERRADA","2025-02-01 21:54:27.830506","2025-02-01 19:26:00","475.00",4,"2025-02-01 21:54:27.830506","80","11","1"
"4748","2024-09-14 12:50:00","CERRADA","2024-09-14 14:49:19.060823","2024-09-14 12:50:00","155.00",2,"2024-09-14 14:49:19.060823","162","5","1"
"4749","2025-05-29 12:57:00","CERRADA","2025-05-29 14:50:51.199153","2025-05-29 12:57:00","126.00",2,"2025-05-29 14:50:51.199153","236","6","1"
"4750","2024-06-14 20:40:00","CERRADA","2024-06-14 22:31:20.838432","2024-06-14 20:40:00","130.00",5,"2024-06-14 22:31:20.838432","130","3","1"
"4751","2024-12-18 13:51:00","CERRADA","2024-12-18 16:30:18.616922","2024-12-18 13:51:00","165.00",7,"2024-12-18 16:30:18.616922","25","7","1"
"4752","2024-02-23 20:50:00","CERRADA","2024-02-23 22:08:07.523431","2024-02-23 20:50:00","144.00",2,"2024-02-23 22:08:07.523431","121","5","1"
"4753","2025-06-02 00:00:00","CERRADA","2025-06-02 00:00:00","2025-06-02 00:00:00","159.00",6,"2025-06-02 00:00:00","233","3","1"
"4754","2023-12-23 20:51:00","CERRADA","2023-12-23 22:23:06.756843","2023-12-23 20:51:00","135.00",2,"2023-12-23 22:23:06.756843","1","1","1"
"4755","2025-01-27 20:01:00","CERRADA","2025-01-27 21:11:52.349827","2025-01-27 20:01:00","136.00",7,"2025-01-27 21:11:52.349827","240","11","1"
"4756","2023-07-13 21:00:00","CERRADA","2023-07-13 23:43:09.815581","2023-07-13 21:00:00","227.00",7,"2023-07-13 23:43:09.815581","86","6","1"
"4757","2025-06-02 00:00:00","CERRADA","2025-06-02 00:00:00","2025-06-02 00:00:00","249.00",8,"2025-06-02 00:00:00","78","6","1"
"4758","2024-09-13 14:39:00","CERRADA","2024-09-13 16:21:12.545018","2024-09-13 14:39:00","130.00",4,"2024-09-13 16:21:12.545018","205","12","1"
"4759","2023-10-06 12:27:00","CERRADA","2023-10-06 14:51:38.030227","2023-10-06 12:27:00","255.00",6,"2023-10-06 14:51:38.030227","1","2","1"
"4760","2024-12-07 21:12:00","CERRADA","2024-12-07 22:58:17.474795","2024-12-07 21:12:00","313.00",6,"2024-12-07 22:58:17.474795","295","7","1"
"4761","2024-02-06 19:12:00","CERRADA","2024-02-06 22:03:08.128367","2024-02-06 19:12:00","246.00",6,"2024-02-06 22:03:08.128367","1","3","1"
"4762","2023-12-01 12:51:00","CERRADA","2023-12-01 14:56:56.974446","2023-12-01 12:51:00","95.00",3,"2023-12-01 14:56:56.974446","1","10","1"
"4763","2025-02-21 20:51:00","CERRADA","2025-02-21 23:42:46.42872","2025-02-21 20:51:00","223.00",7,"2025-02-21 23:42:46.42872","1","1","1"
"4764","2023-09-09 13:40:00","CERRADA","2023-09-09 16:26:39.205486","2023-09-09 13:40:00","88.00",8,"2023-09-09 16:26:39.205486","1","14","1"
"4765","2023-07-24 14:34:00","CERRADA","2023-07-24 16:09:08.686236","2023-07-24 14:34:00","265.00",1,"2023-07-24 16:09:08.686236","1","13","1"
"4766","2023-07-29 13:44:00","CERRADA","2023-07-29 16:21:25.886474","2023-07-29 13:44:00","92.00",4,"2023-07-29 16:21:25.886474","125","14","1"
"4767","2023-06-03 21:31:00","CERRADA","2023-06-04 00:17:30.605774","2023-06-03 21:31:00","252.00",7,"2023-06-04 00:17:30.605774","1","12","1"
"4768","2024-09-27 14:18:00","CERRADA","2024-09-27 16:14:05.845239","2024-09-27 14:18:00","167.00",4,"2024-09-27 16:14:05.845239","291","14","1"
"4769","2024-12-20 19:00:00","CERRADA","2024-12-20 20:15:10.715398","2024-12-20 19:00:00","436.00",6,"2024-12-20 20:15:10.715398","28","11","1"
"4770","2024-09-13 13:00:00","CERRADA","2024-09-13 15:22:16.528227","2024-09-13 13:00:00","230.00",3,"2024-09-13 15:22:16.528227","297","1","1"
"4771","2023-10-01 14:58:00","CERRADA","2023-10-01 16:56:54.783768","2023-10-01 14:58:00","252.00",1,"2023-10-01 16:56:54.783768","1","6","1"
"4772","2024-12-13 12:24:00","CERRADA","2024-12-13 13:43:11.3773","2024-12-13 12:24:00","405.00",1,"2024-12-13 13:43:11.3773","109","15","1"
"4773","2024-08-30 13:00:00","CERRADA","2024-08-30 14:44:27.249997","2024-08-30 13:00:00","425.00",1,"2024-08-30 14:44:27.249997","168","13","1"
"4774","2024-04-24 12:12:00","CERRADA","2024-04-24 13:51:32.228541","2024-04-24 12:12:00","136.00",2,"2024-04-24 13:51:32.228541","276","6","1"
"4775","2024-12-20 14:00:00","CERRADA","2024-12-20 16:26:20.788173","2024-12-20 14:00:00","250.00",8,"2024-12-20 16:26:20.788173","43","2","1"
"4776","2023-09-01 12:52:00","CERRADA","2023-09-01 14:26:44.351766","2023-09-01 12:52:00","436.00",5,"2023-09-01 14:26:44.351766","63","15","1"
"4777","2025-03-10 21:23:00","CERRADA","2025-03-10 22:31:07.767506","2025-03-10 21:23:00","522.00",5,"2025-03-10 22:31:07.767506","3","8","1"
"4778","2024-10-04 19:35:00","CERRADA","2024-10-04 21:43:36.563571","2024-10-04 19:35:00","189.00",3,"2024-10-04 21:43:36.563571","110","4","1"
"4779","2024-01-19 13:02:00","CERRADA","2024-01-19 15:10:04.927615","2024-01-19 13:02:00","255.00",8,"2024-01-19 15:10:04.927615","1","5","1"
"4780","2025-02-14 14:26:00","CERRADA","2025-02-14 15:49:50.602817","2025-02-14 14:26:00","128.00",4,"2025-02-14 15:49:50.602817","191","3","1"
"4781","2023-11-03 12:13:00","CERRADA","2023-11-03 14:10:15.707896","2023-11-03 12:13:00","268.00",2,"2023-11-03 14:10:15.707896","1","8","1"
"4782","2023-10-20 12:36:00","CERRADA","2023-10-20 14:02:37.162068","2023-10-20 12:36:00","340.00",2,"2023-10-20 14:02:37.162068","154","10","1"
"4783","2024-08-16 14:43:00","CERRADA","2024-08-16 17:06:12.06091","2024-08-16 14:43:00","154.00",4,"2024-08-16 17:06:12.06091","298","5","1"
"4784","2025-05-11 14:23:00","CERRADA","2025-05-11 17:17:16.744485","2025-05-11 14:23:00","113.00",6,"2025-05-11 17:17:16.744485","158","15","1"
"4785","2024-12-13 14:24:00","CERRADA","2024-12-13 16:48:08.930503","2024-12-13 14:24:00","230.00",1,"2024-12-13 16:48:08.930503","62","6","1"
"4786","2024-11-29 19:56:00","CERRADA","2024-11-29 21:45:18.130312","2024-11-29 19:56:00","359.00",2,"2024-11-29 21:45:18.130312","1","15","1"
"4787","2023-06-16 13:15:00","CERRADA","2023-06-16 15:52:33.143561","2023-06-16 13:15:00","468.00",4,"2023-06-16 15:52:33.143561","25","3","1"
"4788","2023-09-16 13:20:00","CERRADA","2023-09-16 14:23:15.081761","2023-09-16 13:20:00","204.00",4,"2023-09-16 14:23:15.081761","270","11","1"
"4789","2024-02-23 13:49:00","CERRADA","2024-02-23 16:29:12.301248","2024-02-23 13:49:00","72.00",1,"2024-02-23 16:29:12.301248","80","8","1"
"4790","2024-08-16 19:41:00","CERRADA","2024-08-16 20:59:20.389841","2024-08-16 19:41:00","88.00",7,"2024-08-16 20:59:20.389841","1","15","1"
"4791","2024-10-02 19:12:00","CERRADA","2024-10-02 21:01:35.949016","2024-10-02 19:12:00","245.00",6,"2024-10-02 21:01:35.949016","84","8","1"
"4792","2024-11-29 20:09:00","CERRADA","2024-11-29 21:33:08.981194","2024-11-29 20:09:00","318.00",4,"2024-11-29 21:33:08.981194","107","8","1"
"4793","2023-07-07 20:34:00","CERRADA","2023-07-07 21:54:22.02544","2023-07-07 20:34:00","216.00",8,"2023-07-07 21:54:22.02544","1","1","1"
"4794","2024-06-07 19:08:00","CERRADA","2024-06-07 20:20:31.050872","2024-06-07 19:08:00","180.00",8,"2024-06-07 20:20:31.050872","27","11","1"
"4795","2024-07-19 21:11:00","CERRADA","2024-07-19 23:11:39.502","2024-07-19 21:11:00","118.00",4,"2024-07-19 23:11:39.502","213","14","1"
"4796","2023-06-16 19:54:00","CERRADA","2023-06-16 22:29:07.394645","2023-06-16 19:54:00","261.00",7,"2023-06-16 22:29:07.394645","218","9","1"
"4797","2024-10-18 13:23:00","CERRADA","2024-10-18 14:43:37.379437","2024-10-18 13:23:00","118.00",3,"2024-10-18 14:43:37.379437","270","2","1"
"4798","2024-08-09 19:38:00","CERRADA","2024-08-09 20:54:05.98412","2024-08-09 19:38:00","80.00",1,"2024-08-09 20:54:05.98412","195","6","1"
"4799","2025-06-02 00:00:00","CERRADA","2025-06-02 00:00:00","2025-06-02 00:00:00","398.00",8,"2025-06-02 00:00:00","53","11","1"
"4800","2024-02-23 19:35:00","CERRADA","2024-02-23 21:43:49.3089","2024-02-23 19:35:00","214.00",6,"2024-02-23 21:43:49.3089","4","10","1"
"4801","2024-08-29 20:24:00","CERRADA","2024-08-29 23:14:09.151824","2024-08-29 20:24:00","73.00",5,"2024-08-29 23:14:09.151824","1","13","1"
"4802","2023-12-08 20:44:00","CERRADA","2023-12-08 21:47:32.777357","2023-12-08 20:44:00","236.00",1,"2023-12-08 21:47:32.777357","71","7","1"
"4803","2024-04-24 20:30:00","CERRADA","2024-04-24 22:46:14.981512","2024-04-24 20:30:00","76.00",1,"2024-04-24 22:46:14.981512","214","5","1"
"4804","2024-12-27 19:33:00","CERRADA","2024-12-27 20:53:45.441534","2024-12-27 19:33:00","631.00",8,"2024-12-27 20:53:45.441534","14","9","1"
"4805","2025-06-02 00:00:00","CERRADA","2025-06-02 00:00:00","2025-06-02 00:00:00","152.00",6,"2025-06-02 00:00:00","1","13","1"
"4806","2023-06-30 14:50:00","CERRADA","2023-06-30 17:44:33.708808","2023-06-30 14:50:00","84.00",8,"2023-06-30 17:44:33.708808","1","9","1"
"4807","2023-12-24 13:07:00","CERRADA","2023-12-24 15:47:53.266408","2023-12-24 13:07:00","541.00",8,"2023-12-24 15:47:53.266408","52","4","1"
"4808","2024-12-11 14:15:00","CERRADA","2024-12-11 15:38:34.03167","2024-12-11 14:15:00","189.00",5,"2024-12-11 15:38:34.03167","200","3","1"
"4809","2024-12-19 20:30:00","CERRADA","2024-12-19 22:19:01.217571","2024-12-19 20:30:00","195.00",8,"2024-12-19 22:19:01.217571","280","3","1"
"4810","2024-08-30 19:16:00","CERRADA","2024-08-30 22:03:37.531447","2024-08-30 19:16:00","343.00",1,"2024-08-30 22:03:37.531447","272","5","1"
"4811","2024-09-06 13:07:00","CERRADA","2024-09-06 15:18:59.270805","2024-09-06 13:07:00","241.00",8,"2024-09-06 15:18:59.270805","1","6","1"
"4812","2024-08-16 14:42:00","CERRADA","2024-08-16 17:24:29.062781","2024-08-16 14:42:00","199.00",6,"2024-08-16 17:24:29.062781","263","11","1"
"4813","2024-07-19 20:38:00","CERRADA","2024-07-19 21:44:34.791341","2024-07-19 20:38:00","95.00",7,"2024-07-19 21:44:34.791341","173","9","1"
"4814","2024-12-27 12:06:00","CERRADA","2024-12-27 13:43:43.923025","2024-12-27 12:06:00","70.00",7,"2024-12-27 13:43:43.923025","71","12","1"
"4815","2024-11-15 13:35:00","CERRADA","2024-11-15 15:23:51.51319","2024-11-15 13:35:00","272.00",4,"2024-11-15 15:23:51.51319","1","2","1"
"4816","2023-12-26 20:33:00","CERRADA","2023-12-26 22:19:49.994341","2023-12-26 20:33:00","217.00",3,"2023-12-26 22:19:49.994341","113","4","1"
"4817","2023-12-15 12:03:00","CERRADA","2023-12-15 13:30:11.918962","2023-12-15 12:03:00","302.00",7,"2023-12-15 13:30:11.918962","131","7","1"
"4818","2024-12-25 21:59:00","CERRADA","2024-12-25 23:08:30.255431","2024-12-25 21:59:00","242.00",1,"2024-12-25 23:08:30.255431","256","5","1"
"4819","2023-11-03 12:41:00","CERRADA","2023-11-03 14:28:51.278627","2023-11-03 12:41:00","115.00",7,"2023-11-03 14:28:51.278627","298","3","1"
"4820","2024-07-28 21:52:00","CERRADA","2024-07-28 22:56:21.904492","2024-07-28 21:52:00","423.00",7,"2024-07-28 22:56:21.904492","41","3","1"
"4821","2025-02-10 12:00:00","CERRADA","2025-02-10 13:05:38.08867","2025-02-10 12:00:00","115.00",5,"2025-02-10 13:05:38.08867","1","2","1"
"4822","2024-04-19 21:15:00","CERRADA","2024-04-19 22:19:38.956285","2024-04-19 21:15:00","85.00",6,"2024-04-19 22:19:38.956285","202","6","1"
"4823","2024-07-19 19:46:00","CERRADA","2024-07-19 21:21:46.433304","2024-07-19 19:46:00","194.00",5,"2024-07-19 21:21:46.433304","267","14","1"
"4824","2023-06-06 21:08:00","CERRADA","2023-06-06 22:48:47.098678","2023-06-06 21:08:00","44.00",3,"2023-06-06 22:48:47.098678","1","12","1"
"4825","2025-06-02 00:00:00","CERRADA","2025-06-02 00:00:00","2025-06-02 00:00:00","188.00",8,"2025-06-02 00:00:00","294","9","1"
"4826","2025-06-02 00:00:00","CERRADA","2025-06-02 00:00:00","2025-06-02 00:00:00","189.00",7,"2025-06-02 00:00:00","1","6","1"
"4827","2024-10-25 14:00:00","CERRADA","2024-10-25 16:16:43.178312","2024-10-25 14:00:00","64.00",2,"2024-10-25 16:16:43.178312","35","14","1"
"4828","2023-12-01 19:58:00","CERRADA","2023-12-01 22:32:41.218525","2023-12-01 19:58:00","353.00",5,"2023-12-01 22:32:41.218525","13","7","1"
"4829","2025-06-02 00:00:00","CERRADA","2025-06-02 00:00:00","2025-06-02 00:00:00","50.00",5,"2025-06-02 00:00:00","296","11","1"
"4830","2024-10-25 14:05:00","CERRADA","2024-10-25 15:14:48.194757","2024-10-25 14:05:00","113.00",5,"2024-10-25 15:14:48.194757","165","4","1"
"4831","2025-05-23 21:53:00","CERRADA","2025-05-24 00:50:52.606815","2025-05-23 21:53:00","518.00",6,"2025-05-24 00:50:52.606815","82","9","1"
"4832","2024-05-24 20:31:00","CERRADA","2024-05-24 23:21:45.877414","2024-05-24 20:31:00","149.00",8,"2024-05-24 23:21:45.877414","1","9","1"
"4833","2023-08-12 13:50:00","CERRADA","2023-08-12 16:45:43.883453","2023-08-12 13:50:00","58.00",5,"2023-08-12 16:45:43.883453","97","1","1"
"4834","2023-07-22 14:46:00","CERRADA","2023-07-22 16:13:43.141895","2023-07-22 14:46:00","236.00",4,"2023-07-22 16:13:43.141895","86","13","1"
"4835","2025-02-08 14:18:00","CERRADA","2025-02-08 16:35:12.247215","2025-02-08 14:18:00","92.00",3,"2025-02-08 16:35:12.247215","1","4","1"
"4836","2025-01-29 19:33:00","CERRADA","2025-01-29 21:24:25.827825","2025-01-29 19:33:00","160.00",3,"2025-01-29 21:24:25.827825","118","13","1"
"4837","2025-05-30 19:29:00","CERRADA","2025-05-30 20:44:32.246711","2025-05-30 19:29:00","79.00",5,"2025-05-30 20:44:32.246711","1","8","1"
"4838","2025-02-28 21:51:00","CERRADA","2025-02-28 23:52:11.528464","2025-02-28 21:51:00","56.00",5,"2025-02-28 23:52:11.528464","203","12","1"
"4839","2024-07-26 21:55:00","CERRADA","2024-07-26 23:03:56.232806","2024-07-26 21:55:00","204.00",1,"2024-07-26 23:03:56.232806","153","2","1"
"4840","2024-03-26 13:37:00","CERRADA","2024-03-26 15:45:23.413255","2024-03-26 13:37:00","428.00",5,"2024-03-26 15:45:23.413255","295","8","1"
"4841","2023-10-13 20:22:00","CERRADA","2023-10-13 23:17:14.927187","2023-10-13 20:22:00","203.00",2,"2023-10-13 23:17:14.927187","134","3","1"
"4842","2024-08-22 21:23:00","CERRADA","2024-08-22 23:19:20.92165","2024-08-22 21:23:00","361.00",3,"2024-08-22 23:19:20.92165","27","15","1"
"4843","2024-01-26 19:22:00","CERRADA","2024-01-26 22:17:21.061158","2024-01-26 19:22:00","80.00",5,"2024-01-26 22:17:21.061158","47","6","1"
"4844","2024-03-01 19:44:00","CERRADA","2024-03-01 20:47:13.149707","2024-03-01 19:44:00","138.00",4,"2024-03-01 20:47:13.149707","116","5","1"
"4845","2023-08-13 14:39:00","CERRADA","2023-08-13 16:56:48.968133","2023-08-13 14:39:00","120.00",4,"2023-08-13 16:56:48.968133","1","7","1"
"4846","2024-04-30 13:44:00","CERRADA","2024-04-30 16:11:23.289354","2024-04-30 13:44:00","266.00",5,"2024-04-30 16:11:23.289354","232","9","1"
"4847","2025-06-02 00:00:00","CERRADA","2025-06-02 00:00:00","2025-06-02 00:00:00","100.00",2,"2025-06-02 00:00:00","269","3","1"
"4848","2024-04-26 20:32:00","CERRADA","2024-04-26 22:42:02.093816","2024-04-26 20:32:00","168.00",2,"2024-04-26 22:42:02.093816","1","9","1"
"4849","2023-07-28 12:28:00","CERRADA","2023-07-28 13:31:00.995337","2023-07-28 12:28:00","206.00",8,"2023-07-28 13:31:00.995337","1","11","1"
"4850","2023-08-13 19:11:00","CERRADA","2023-08-13 22:02:48.059331","2023-08-13 19:11:00","327.00",7,"2023-08-13 22:02:48.059331","12","11","1"
"4851","2024-08-10 20:33:00","CERRADA","2024-08-10 21:39:18.552564","2024-08-10 20:33:00","336.00",7,"2024-08-10 21:39:18.552564","105","3","1"
"4852","2024-08-26 19:42:00","CERRADA","2024-08-26 21:21:27.443803","2024-08-26 19:42:00","498.00",4,"2024-08-26 21:21:27.443803","22","8","1"
"4853","2023-12-22 20:19:00","CERRADA","2023-12-22 22:02:26.030163","2023-12-22 20:19:00","247.00",7,"2023-12-22 22:02:26.030163","99","10","1"
"4854","2024-11-02 21:56:00","CERRADA","2024-11-03 00:04:14.639316","2024-11-02 21:56:00","102.00",4,"2024-11-03 00:04:14.639316","281","11","1"
"4855","2025-02-14 14:06:00","CERRADA","2025-02-14 15:43:52.892364","2025-02-14 14:06:00","118.00",3,"2025-02-14 15:43:52.892364","206","13","1"
"4856","2024-03-22 21:31:00","CERRADA","2024-03-23 00:25:55.740353","2024-03-22 21:31:00","151.00",8,"2024-03-23 00:25:55.740353","162","3","1"
"4857","2023-12-16 21:28:00","CERRADA","2023-12-16 23:36:53.75031","2023-12-16 21:28:00","289.00",4,"2023-12-16 23:36:53.75031","171","12","1"
"4858","2025-03-21 19:56:00","CERRADA","2025-03-21 21:03:37.722166","2025-03-21 19:56:00","206.00",4,"2025-03-21 21:03:37.722166","1","2","1"
"4859","2024-09-20 13:07:00","CERRADA","2024-09-20 15:43:18.921838","2024-09-20 13:07:00","275.00",2,"2024-09-20 15:43:18.921838","1","12","1"
"4860","2023-11-24 21:39:00","CERRADA","2023-11-25 00:11:32.004409","2023-11-24 21:39:00","63.00",1,"2023-11-25 00:11:32.004409","1","13","1"
"4861","2023-07-29 21:08:00","CERRADA","2023-07-30 00:01:04.542471","2023-07-29 21:08:00","195.00",8,"2023-07-30 00:01:04.542471","269","11","1"
"4862","2023-12-22 14:57:00","CERRADA","2023-12-22 16:22:53.513515","2023-12-22 14:57:00","125.00",7,"2023-12-22 16:22:53.513515","29","14","1"
"4863","2023-11-23 20:58:00","CERRADA","2023-11-23 23:37:21.980064","2023-11-23 20:58:00","94.00",4,"2023-11-23 23:37:21.980064","198","10","1"
"4864","2023-12-15 21:39:00","CERRADA","2023-12-15 23:36:05.249969","2023-12-15 21:39:00","122.00",7,"2023-12-15 23:36:05.249969","256","5","1"
"4865","2023-11-16 13:34:00","CERRADA","2023-11-16 15:33:02.396135","2023-11-16 13:34:00","413.00",6,"2023-11-16 15:33:02.396135","41","12","1"
"4866","2024-07-03 14:55:00","CERRADA","2024-07-03 17:13:07.251143","2024-07-03 14:55:00","256.00",8,"2024-07-03 17:13:07.251143","1","1","1"
"4867","2025-01-29 14:20:00","CERRADA","2025-01-29 17:16:17.325082","2025-01-29 14:20:00","48.00",2,"2025-01-29 17:16:17.325082","139","13","1"
"4868","2025-06-02 00:00:00","CERRADA","2025-06-02 00:00:00","2025-06-02 00:00:00","117.00",5,"2025-06-02 00:00:00","198","3","1"
"4869","2024-12-05 19:33:00","CERRADA","2024-12-05 21:12:46.175376","2024-12-05 19:33:00","466.00",6,"2024-12-05 21:12:46.175376","40","14","1"
"4870","2024-12-13 12:50:00","CERRADA","2024-12-13 13:53:39.728759","2024-12-13 12:50:00","63.00",2,"2024-12-13 13:53:39.728759","32","6","1"
"4871","2023-10-13 20:06:00","CERRADA","2023-10-13 21:38:51.999297","2023-10-13 20:06:00","125.00",8,"2023-10-13 21:38:51.999297","274","7","1"
"4872","2024-08-14 19:51:00","CERRADA","2024-08-14 21:39:17.450909","2024-08-14 19:51:00","249.00",7,"2024-08-14 21:39:17.450909","1","6","1"
"4873","2023-08-04 13:17:00","CERRADA","2023-08-04 16:16:22.602872","2023-08-04 13:17:00","149.00",1,"2023-08-04 16:16:22.602872","194","13","1"
"4874","2024-07-07 19:44:00","CERRADA","2024-07-07 21:20:29.505161","2024-07-07 19:44:00","263.00",3,"2024-07-07 21:20:29.505161","1","1","1"
"4875","2023-12-16 19:30:00","CERRADA","2023-12-16 22:26:53.891349","2023-12-16 19:30:00","208.00",8,"2023-12-16 22:26:53.891349","204","6","1"
"4876","2024-08-23 21:09:00","CERRADA","2024-08-23 22:37:57.380893","2024-08-23 21:09:00","108.00",1,"2024-08-23 22:37:57.380893","32","6","1"
"4877","2025-05-23 19:40:00","CERRADA","2025-05-23 20:42:48.667273","2025-05-23 19:40:00","288.00",7,"2025-05-23 20:42:48.667273","154","15","1"
"4878","2024-05-10 19:14:00","CERRADA","2024-05-10 21:54:21.795479","2024-05-10 19:14:00","81.00",7,"2024-05-10 21:54:21.795479","52","14","1"
"4879","2024-04-05 19:45:00","CERRADA","2024-04-05 21:48:22.933685","2024-04-05 19:45:00","207.00",4,"2024-04-05 21:48:22.933685","1","6","1"
"4880","2023-08-04 19:07:00","CERRADA","2023-08-04 20:49:11.641542","2023-08-04 19:07:00","188.00",4,"2023-08-04 20:49:11.641542","215","3","1"
"4881","2024-08-23 12:14:00","CERRADA","2024-08-23 14:06:00.949093","2024-08-23 12:14:00","258.00",1,"2024-08-23 14:06:00.949093","59","14","1"
"4882","2025-06-02 00:00:00","CERRADA","2025-06-02 00:00:00","2025-06-02 00:00:00","142.00",6,"2025-06-02 00:00:00","1","1","1"
"4883","2025-06-02 00:00:00","CERRADA","2025-06-02 00:00:00","2025-06-02 00:00:00","144.00",8,"2025-06-02 00:00:00","1","8","1"
"4884","2024-12-20 12:55:00","CERRADA","2024-12-20 14:12:50.778241","2024-12-20 12:55:00","82.00",1,"2024-12-20 14:12:50.778241","200","11","1"
"4885","2024-11-08 20:19:00","CERRADA","2024-11-08 22:44:27.477343","2024-11-08 20:19:00","115.00",1,"2024-11-08 22:44:27.477343","263","4","1"
"4886","2024-02-19 20:25:00","CERRADA","2024-02-19 23:23:20.708781","2024-02-19 20:25:00","111.00",3,"2024-02-19 23:23:20.708781","290","9","1"
"4887","2023-12-01 20:11:00","CERRADA","2023-12-01 23:03:39.450157","2023-12-01 20:11:00","212.00",7,"2023-12-01 23:03:39.450157","1","9","1"
"4888","2023-08-07 14:37:00","CERRADA","2023-08-07 17:35:33.528444","2023-08-07 14:37:00","425.00",8,"2023-08-07 17:35:33.528444","20","10","1"
"4889","2024-07-05 21:05:00","CERRADA","2024-07-05 22:12:52.581992","2024-07-05 21:05:00","292.00",4,"2024-07-05 22:12:52.581992","101","14","1"
"4890","2024-12-15 13:18:00","CERRADA","2024-12-15 15:48:16.839597","2024-12-15 13:18:00","123.00",2,"2024-12-15 15:48:16.839597","230","13","1"
"4891","2024-09-06 12:36:00","CERRADA","2024-09-06 14:09:25.595595","2024-09-06 12:36:00","86.00",4,"2024-09-06 14:09:25.595595","62","11","1"
"4892","2024-06-18 13:30:00","CERRADA","2024-06-18 16:28:00.426668","2024-06-18 13:30:00","120.00",2,"2024-06-18 16:28:00.426668","112","11","1"
"4893","2024-06-14 21:15:00","CERRADA","2024-06-14 23:00:44.69219","2024-06-14 21:15:00","526.00",2,"2024-06-14 23:00:44.69219","116","2","1"
"4894","2024-08-30 21:19:00","CERRADA","2024-08-30 22:52:46.239427","2024-08-30 21:19:00","676.00",5,"2024-08-30 22:52:46.239427","13","1","1"
"4895","2024-05-03 20:16:00","CERRADA","2024-05-03 23:04:56.052426","2024-05-03 20:16:00","48.00",2,"2024-05-03 23:04:56.052426","179","11","1"
"4896","2025-06-02 00:00:00","CERRADA","2025-06-02 00:00:00","2025-06-02 00:00:00","82.00",2,"2025-06-02 00:00:00","291","15","1"
"4897","2025-05-02 20:04:00","CERRADA","2025-05-02 22:51:06.281188","2025-05-02 20:04:00","503.00",7,"2025-05-02 22:51:06.281188","29","1","1"
"4898","2024-08-14 21:24:00","CERRADA","2024-08-14 22:35:31.323071","2024-08-14 21:24:00","141.00",2,"2024-08-14 22:35:31.323071","1","5","1"
"4899","2025-02-14 19:56:00","CERRADA","2025-02-14 22:39:51.103678","2025-02-14 19:56:00","330.00",3,"2025-02-14 22:39:51.103678","240","11","1"
"4900","2024-12-20 12:16:00","CERRADA","2024-12-20 14:30:46.148356","2024-12-20 12:16:00","636.00",6,"2024-12-20 14:30:46.148356","17","6","1"
"4901","2023-12-01 13:03:00","CERRADA","2023-12-01 14:26:40.530675","2023-12-01 13:03:00","243.00",8,"2023-12-01 14:26:40.530675","167","12","1"
"4902","2023-09-08 20:27:00","CERRADA","2023-09-08 21:48:22.127815","2023-09-08 20:27:00","245.00",7,"2023-09-08 21:48:22.127815","268","14","1"
"4903","2025-03-11 21:06:00","CERRADA","2025-03-11 23:19:12.154505","2025-03-11 21:06:00","225.00",5,"2025-03-11 23:19:12.154505","160","10","1"
"4904","2023-12-04 20:02:00","CERRADA","2023-12-04 21:11:55.801127","2023-12-04 20:02:00","282.00",4,"2023-12-04 21:11:55.801127","179","14","1"
"4905","2024-02-25 13:28:00","CERRADA","2024-02-25 16:18:19.2784","2024-02-25 13:28:00","208.00",4,"2024-02-25 16:18:19.2784","208","4","1"
"4906","2025-01-17 19:32:00","CERRADA","2025-01-17 20:52:40.584392","2025-01-17 19:32:00","306.00",6,"2025-01-17 20:52:40.584392","244","1","1"
"4907","2024-12-01 13:05:00","CERRADA","2024-12-01 14:33:55.500465","2024-12-01 13:05:00","64.00",6,"2024-12-01 14:33:55.500465","186","12","1"
"4908","2025-03-26 20:17:00","CERRADA","2025-03-26 22:50:26.473076","2025-03-26 20:17:00","401.00",6,"2025-03-26 22:50:26.473076","62","2","1"
"4909","2024-01-03 14:23:00","CERRADA","2024-01-03 16:59:43.089611","2024-01-03 14:23:00","164.00",2,"2024-01-03 16:59:43.089611","191","14","1"
"4910","2023-08-16 13:07:00","CERRADA","2023-08-16 15:02:32.487648","2023-08-16 13:07:00","268.00",6,"2023-08-16 15:02:32.487648","106","8","1"
"4911","2023-11-02 13:17:00","CERRADA","2023-11-02 14:45:10.037866","2023-11-02 13:17:00","252.00",6,"2023-11-02 14:45:10.037866","1","14","1"
"4912","2025-01-10 20:56:00","CERRADA","2025-01-10 22:47:53.646698","2025-01-10 20:56:00","294.00",4,"2025-01-10 22:47:53.646698","51","12","1"
"4913","2024-07-18 12:26:00","CERRADA","2024-07-18 14:51:08.094778","2024-07-18 12:26:00","226.00",1,"2024-07-18 14:51:08.094778","1","3","1"
"4914","2024-11-22 20:10:00","CERRADA","2024-11-22 22:23:34.322567","2024-11-22 20:10:00","82.00",6,"2024-11-22 22:23:34.322567","1","6","1"
"4915","2024-11-15 14:33:00","CERRADA","2024-11-15 16:25:52.935395","2024-11-15 14:33:00","310.00",3,"2024-11-15 16:25:52.935395","245","14","1"
"4916","2023-06-25 13:40:00","CERRADA","2023-06-25 15:56:46.521536","2023-06-25 13:40:00","240.00",8,"2023-06-25 15:56:46.521536","98","14","1"
"4917","2024-08-28 20:08:00","CERRADA","2024-08-28 22:47:10.223834","2024-08-28 20:08:00","218.00",4,"2024-08-28 22:47:10.223834","1","8","1"
"4918","2025-05-25 19:23:00","CERRADA","2025-05-25 22:04:54.165778","2025-05-25 19:23:00","301.00",4,"2025-05-25 22:04:54.165778","75","13","1"
"4919","2025-03-14 13:53:00","CERRADA","2025-03-14 15:29:05.333378","2025-03-14 13:53:00","124.00",3,"2025-03-14 15:29:05.333378","191","4","1"
"4920","2024-10-02 21:34:00","CERRADA","2024-10-02 23:35:07.131169","2024-10-02 21:34:00","118.00",8,"2024-10-02 23:35:07.131169","148","15","1"
"4921","2023-09-01 20:37:00","CERRADA","2023-09-01 22:41:27.31611","2023-09-01 20:37:00","84.00",8,"2023-09-01 22:41:27.31611","110","12","1"
"4922","2024-02-16 20:35:00","CERRADA","2024-02-16 23:03:37.942375","2024-02-16 20:35:00","142.00",6,"2024-02-16 23:03:37.942375","17","14","1"
"4923","2025-06-02 00:00:00","CERRADA","2025-06-02 00:00:00","2025-06-02 00:00:00","164.00",3,"2025-06-02 00:00:00","92","12","1"
"4924","2025-03-28 14:51:00","CERRADA","2025-03-28 16:25:34.666053","2025-03-28 14:51:00","109.00",4,"2025-03-28 16:25:34.666053","188","14","1"
"4925","2023-12-07 21:13:00","CERRADA","2023-12-07 23:47:11.467732","2023-12-07 21:13:00","241.00",7,"2023-12-07 23:47:11.467732","169","15","1"
"4926","2025-04-25 20:36:00","CERRADA","2025-04-25 22:58:27.971431","2025-04-25 20:36:00","133.00",5,"2025-04-25 22:58:27.971431","1","14","1"
"4927","2024-09-06 19:02:00","CERRADA","2024-09-06 21:51:53.96312","2024-09-06 19:02:00","75.00",1,"2024-09-06 21:51:53.96312","109","9","1"
"4928","2024-05-17 21:54:00","CERRADA","2024-05-17 23:57:30.821532","2024-05-17 21:54:00","226.00",5,"2024-05-17 23:57:30.821532","105","10","1"
"4929","2023-08-18 20:46:00","CERRADA","2023-08-18 22:31:19.529755","2023-08-18 20:46:00","87.00",3,"2023-08-18 22:31:19.529755","79","10","1"
"4930","2025-05-23 12:15:00","CERRADA","2025-05-23 14:05:34.866588","2025-05-23 12:15:00","376.00",6,"2025-05-23 14:05:34.866588","96","8","1"
"4931","2025-02-07 19:58:00","CERRADA","2025-02-07 21:19:08.692123","2025-02-07 19:58:00","356.00",7,"2025-02-07 21:19:08.692123","8","6","1"
"4932","2023-08-18 20:33:00","CERRADA","2023-08-18 22:38:33.3491","2023-08-18 20:33:00","278.00",5,"2023-08-18 22:38:33.3491","299","7","1"
"4933","2023-07-07 12:29:00","CERRADA","2023-07-07 13:40:56.128096","2023-07-07 12:29:00","649.00",7,"2023-07-07 13:40:56.128096","2","11","1"
"4934","2025-06-02 00:00:00","CERRADA","2025-06-02 00:00:00","2025-06-02 00:00:00","162.00",4,"2025-06-02 00:00:00","91","15","1"
"4935","2024-08-24 13:49:00","CERRADA","2024-08-24 15:02:33.092021","2024-08-24 13:49:00","150.00",5,"2024-08-24 15:02:33.092021","287","11","1"
"4936","2024-12-21 13:49:00","CERRADA","2024-12-21 16:42:07.743459","2024-12-21 13:49:00","292.00",8,"2024-12-21 16:42:07.743459","222","14","1"
"4937","2024-04-12 21:15:00","CERRADA","2024-04-12 22:20:35.931432","2024-04-12 21:15:00","545.00",1,"2024-04-12 22:20:35.931432","40","11","1"
"4938","2024-05-04 21:50:00","CERRADA","2024-05-04 23:21:22.237289","2024-05-04 21:50:00","244.00",8,"2024-05-04 23:21:22.237289","242","10","1"
"4939","2023-08-08 19:17:00","CERRADA","2023-08-08 21:12:31.100616","2023-08-08 19:17:00","392.00",1,"2023-08-08 21:12:31.100616","64","9","1"
"4940","2023-11-12 21:28:00","CERRADA","2023-11-12 23:05:06.02016","2023-11-12 21:28:00","490.00",2,"2023-11-12 23:05:06.02016","118","2","1"
"4941","2023-09-22 12:28:00","CERRADA","2023-09-22 15:02:23.168626","2023-09-22 12:28:00","457.00",4,"2023-09-22 15:02:23.168626","31","3","1"
"4942","2023-10-27 20:35:00","CERRADA","2023-10-27 21:46:01.625802","2023-10-27 20:35:00","418.00",4,"2023-10-27 21:46:01.625802","92","12","1"
"4943","2023-08-30 12:24:00","CERRADA","2023-08-30 14:05:17.301879","2023-08-30 12:24:00","237.00",3,"2023-08-30 14:05:17.301879","164","10","1"
"4944","2023-09-01 12:36:00","CERRADA","2023-09-01 14:17:17.696222","2023-09-01 12:36:00","101.00",7,"2023-09-01 14:17:17.696222","1","3","1"
"4945","2024-09-14 14:04:00","CERRADA","2024-09-14 15:31:03.617956","2024-09-14 14:04:00","475.00",2,"2024-09-14 15:31:03.617956","23","1","1"
"4946","2023-12-22 13:42:00","CERRADA","2023-12-22 15:35:51.23515","2023-12-22 13:42:00","228.00",3,"2023-12-22 15:35:51.23515","1","3","1"
"4947","2025-06-02 00:00:00","CERRADA","2025-06-02 00:00:00","2025-06-02 00:00:00","106.00",2,"2025-06-02 00:00:00","17","14","1"
"4948","2023-07-08 19:10:00","CERRADA","2023-07-08 20:14:21.552427","2023-07-08 19:10:00","244.00",7,"2023-07-08 20:14:21.552427","1","4","1"
"4949","2025-05-14 12:27:00","CERRADA","2025-05-14 14:55:17.912005","2025-05-14 12:27:00","199.00",1,"2025-05-14 14:55:17.912005","1","6","1"
"4950","2024-07-26 12:25:00","CERRADA","2024-07-26 14:50:13.850258","2024-07-26 12:25:00","68.00",6,"2024-07-26 14:50:13.850258","1","12","1"
"4951","2024-04-16 19:07:00","CERRADA","2024-04-16 21:05:14.516779","2024-04-16 19:07:00","242.00",1,"2024-04-16 21:05:14.516779","168","2","1"
"4952","2024-07-17 12:37:00","CERRADA","2024-07-17 14:24:29.803007","2024-07-17 12:37:00","143.00",2,"2024-07-17 14:24:29.803007","187","11","1"
"4953","2024-10-04 13:21:00","CERRADA","2024-10-04 15:29:02.854788","2024-10-04 13:21:00","191.00",1,"2024-10-04 15:29:02.854788","78","5","1"
"4954","2024-08-02 13:42:00","CERRADA","2024-08-02 16:39:38.167014","2024-08-02 13:42:00","224.00",4,"2024-08-02 16:39:38.167014","214","6","1"
"4955","2024-03-15 20:20:00","CERRADA","2024-03-15 23:04:49.868358","2024-03-15 20:20:00","152.00",8,"2024-03-15 23:04:49.868358","1","6","1"
"4956","2023-09-15 19:23:00","CERRADA","2023-09-15 20:28:15.356385","2023-09-15 19:23:00","717.00",5,"2023-09-15 20:28:15.356385","7","1","1"
"4957","2025-03-28 12:53:00","CERRADA","2025-03-28 15:26:47.338619","2025-03-28 12:53:00","145.00",4,"2025-03-28 15:26:47.338619","222","9","1"
"4958","2024-06-07 21:18:00","CERRADA","2024-06-07 23:04:37.272716","2024-06-07 21:18:00","82.00",6,"2024-06-07 23:04:37.272716","132","13","1"
"4959","2023-08-04 21:58:00","CERRADA","2023-08-05 00:09:44.19987","2023-08-04 21:58:00","275.00",3,"2023-08-05 00:09:44.19987","1","11","1"
"4960","2024-12-20 20:59:00","CERRADA","2024-12-20 23:11:28.793525","2024-12-20 20:59:00","143.00",2,"2024-12-20 23:11:28.793525","88","1","1"
"4961","2024-08-12 12:58:00","CERRADA","2024-08-12 15:55:58.498707","2024-08-12 12:58:00","263.00",2,"2024-08-12 15:55:58.498707","10","14","1"
"4962","2024-09-28 14:25:00","CERRADA","2024-09-28 15:36:17.835142","2024-09-28 14:25:00","370.00",8,"2024-09-28 15:36:17.835142","84","7","1"
"4963","2025-04-21 14:12:00","CERRADA","2025-04-21 16:40:00.253616","2025-04-21 14:12:00","485.00",3,"2025-04-21 16:40:00.253616","83","11","1"
"4964","2023-11-17 14:54:00","CERRADA","2023-11-17 17:50:22.813594","2023-11-17 14:54:00","148.00",8,"2023-11-17 17:50:22.813594","179","7","1"
"4965","2024-01-26 13:18:00","CERRADA","2024-01-26 15:16:32.782147","2024-01-26 13:18:00","209.00",1,"2024-01-26 15:16:32.782147","250","2","1"
"4966","2024-03-26 21:55:00","CERRADA","2024-03-27 00:24:32.718097","2024-03-26 21:55:00","226.00",5,"2024-03-27 00:24:32.718097","1","2","1"
"4967","2024-08-05 14:37:00","CERRADA","2024-08-05 16:21:11.06097","2024-08-05 14:37:00","97.00",8,"2024-08-05 16:21:11.06097","300","15","1"
"4968","2023-10-28 19:46:00","CERRADA","2023-10-28 21:55:55.700617","2023-10-28 19:46:00","207.00",1,"2023-10-28 21:55:55.700617","288","1","1"
"4969","2024-02-23 13:37:00","CERRADA","2024-02-23 15:07:30.284833","2024-02-23 13:37:00","233.00",7,"2024-02-23 15:07:30.284833","102","6","1"
"4970","2025-06-02 00:00:00","CERRADA","2025-06-02 00:00:00","2025-06-02 00:00:00","255.00",1,"2025-06-02 00:00:00","49","1","1"
"4971","2024-08-30 19:00:00","CERRADA","2024-08-30 20:52:45.769903","2024-08-30 19:00:00","288.00",5,"2024-08-30 20:52:45.769903","222","11","1"
"4972","2023-06-16 14:20:00","CERRADA","2023-06-16 17:08:58.077535","2023-06-16 14:20:00","141.00",7,"2023-06-16 17:08:58.077535","32","13","1"
"4973","2023-07-08 20:01:00","CERRADA","2023-07-08 22:49:53.861889","2023-07-08 20:01:00","471.00",5,"2023-07-08 22:49:53.861889","43","4","1"
"4974","2024-07-29 19:39:00","CERRADA","2024-07-29 20:43:20.43951","2024-07-29 19:39:00","346.00",6,"2024-07-29 20:43:20.43951","37","8","1"
"4975","2024-12-20 13:13:00","CERRADA","2024-12-20 15:43:37.026278","2024-12-20 13:13:00","80.00",3,"2024-12-20 15:43:37.026278","1","5","1"
"4976","2023-06-28 20:10:00","CERRADA","2023-06-28 22:46:09.740827","2023-06-28 20:10:00","290.00",2,"2023-06-28 22:46:09.740827","209","10","1"
"4977","2023-10-19 19:18:00","CERRADA","2023-10-19 21:04:22.538185","2023-10-19 19:18:00","306.00",2,"2023-10-19 21:04:22.538185","183","7","1"
"4978","2024-09-20 13:21:00","CERRADA","2024-09-20 16:08:52.519418","2024-09-20 13:21:00","213.00",5,"2024-09-20 16:08:52.519418","247","7","1"
"4979","2025-03-27 14:15:00","CERRADA","2025-03-27 16:50:18.919586","2025-03-27 14:15:00","171.00",2,"2025-03-27 16:50:18.919586","182","1","1"
"4980","2024-12-31 20:56:00","CERRADA","2024-12-31 22:16:28.548745","2024-12-31 20:56:00","129.00",3,"2024-12-31 22:16:28.548745","1","10","1"
"4981","2025-03-07 14:15:00","CERRADA","2025-03-07 16:18:26.731296","2025-03-07 14:15:00","644.00",6,"2025-03-07 16:18:26.731296","6","3","1"
"4982","2023-12-27 21:34:00","CERRADA","2023-12-28 00:05:20.875651","2023-12-27 21:34:00","168.00",6,"2023-12-28 00:05:20.875651","1","6","1"
"4983","2024-12-29 14:11:00","CERRADA","2024-12-29 16:14:36.600387","2024-12-29 14:11:00","107.00",2,"2024-12-29 16:14:36.600387","290","2","1"
"4984","2023-12-22 13:56:00","CERRADA","2023-12-22 14:57:47.783053","2023-12-22 13:56:00","472.00",6,"2023-12-22 14:57:47.783053","23","14","1"
"4985","2024-01-26 12:06:00","CERRADA","2024-01-26 14:34:30.878479","2024-01-26 12:06:00","146.00",1,"2024-01-26 14:34:30.878479","117","13","1"
"4986","2025-01-31 12:37:00","CERRADA","2025-01-31 15:20:48.474264","2025-01-31 12:37:00","126.00",7,"2025-01-31 15:20:48.474264","239","13","1"
"4987","2024-10-15 12:38:00","CERRADA","2024-10-15 14:20:28.767667","2024-10-15 12:38:00","315.00",1,"2024-10-15 14:20:28.767667","10","6","1"
"4988","2023-06-27 12:56:00","CERRADA","2023-06-27 14:33:07.71842","2023-06-27 12:56:00","43.00",5,"2023-06-27 14:33:07.71842","158","6","1"
"4989","2024-12-18 21:59:00","CERRADA","2024-12-19 00:15:02.897872","2024-12-18 21:59:00","306.00",4,"2024-12-19 00:15:02.897872","224","8","1"
"4990","2024-10-25 19:39:00","CERRADA","2024-10-25 20:58:37.193028","2024-10-25 19:39:00","51.00",7,"2024-10-25 20:58:37.193028","1","6","1"
"4991","2024-10-04 13:31:00","CERRADA","2024-10-04 16:01:43.531235","2024-10-04 13:31:00","149.00",3,"2024-10-04 16:01:43.531235","211","4","1"
"4992","2024-05-03 21:51:00","CERRADA","2024-05-04 00:48:04.608642","2024-05-03 21:51:00","189.00",1,"2024-05-04 00:48:04.608642","42","10","1"
"4993","2025-06-02 00:00:00","CERRADA","2025-06-02 00:00:00","2025-06-02 00:00:00","312.00",2,"2025-06-02 00:00:00","1","5","1"
"4994","2024-06-29 21:40:00","CERRADA","2024-06-30 00:09:49.469402","2024-06-29 21:40:00","154.00",8,"2024-06-30 00:09:49.469402","297","13","1"
"4995","2025-01-24 13:43:00","CERRADA","2025-01-24 15:15:09.788242","2025-01-24 13:43:00","197.00",2,"2025-01-24 15:15:09.788242","183","13","1"
"4996","2024-08-30 19:15:00","CERRADA","2024-08-30 21:19:05.612028","2024-08-30 19:15:00","115.00",4,"2024-08-30 21:19:05.612028","1","7","1"
"4997","2023-12-22 21:30:00","CERRADA","2023-12-22 23:55:53.378398","2023-12-22 21:30:00","101.00",5,"2023-12-22 23:55:53.378398","40","9","1"
"4998","2024-08-02 14:29:00","CERRADA","2024-08-02 16:14:48.614605","2024-08-02 14:29:00","324.00",3,"2024-08-02 16:14:48.614605","1","12","1"
"4999","2023-12-29 13:46:00","CERRADA","2023-12-29 15:27:15.428795","2023-12-29 13:46:00","244.00",8,"2023-12-29 15:27:15.428795","1","1","1"
"5000","2024-08-02 13:04:00","CERRADA","2024-08-02 15:22:13.731778","2024-08-02 13:04:00","270.00",6,"2024-08-02 15:22:13.731778","167","15","1"
