"pedido_id","estado","fecha_hora","notas","total","tenant_id","cuenta_mesa_id"
"1",True,"2024-02-09 23:12:30.685042","No añadir mayonesa.","211","1","1"
"2",True,"2024-02-10 00:15:41.461034","Preparar como la vez pasada.","90","1","1"
"3",True,"2023-09-08 13:21:36.311813","Poco picante.","204","1","2"
"4",True,"2024-09-06 14:09:29.908584","Sin cebolla, por favor.","164","1","3"
"5",True,"2024-01-08 13:03:44.405971","Entrega rápida.","186","1","4"
"6",True,"2023-07-16 20:28:12.951325","Poco picante.","106","1","5"
"7",True,"2025-06-02 00:00:00","Con limón aparte.","221","1","6"
"8",True,"2024-06-28 15:12:50.066647","","230","1","7"
"9",True,"2025-02-14 14:18:08.099499","Plato para compartir.","176","1","8"
"10",True,"2023-08-04 14:46:18.006294","Agregar salsa extra.","193","1","9"
"11",True,"2024-01-05 22:27:25.2096","Plato para compartir.","221","1","10"
"12",True,"2025-01-24 14:18:33.118106","Evitar ingredientes crudos.","87","1","11"
"13",True,"2023-12-22 20:25:12.219051","","219","1","12"
"14",True,"2024-12-19 22:11:13.302393","Sin aderezo.","253","1","13"
"15",True,"2023-07-29 23:08:40.394339","Agregar salsa extra.","216","1","14"
"16",True,"2024-11-02 15:52:53.090306","Evitar ingredientes crudos.","127","1","15"
"17",True,"2024-12-05 13:28:41.180332","Agregar cubiertos adicionales.","173","1","16"
"18",True,"2024-02-02 13:45:17.380163","Servir bien caliente.","136","1","17"
"19",True,"2023-10-11 13:55:22.900397","Usar queso sin lactosa.","224","1","18"
"20",True,"2025-06-02 00:00:00","Evitar ingredientes crudos.","85","1","19"
"21",True,"2025-06-02 00:00:00","Servir en dos platos.","196","1","19"
"22",True,"2023-08-11 14:47:15.195963","Usar queso sin lactosa.","242","1","20"
"23",True,"2023-07-04 13:31:46.255912","Agregar cubiertos adicionales.","85","1","21"
"24",True,"2023-07-04 15:22:23.180773","No incluir pan.","146","1","21"
"25",True,"2024-02-05 14:17:10.539558","No añadir mayonesa.","198","1","22"
"26",True,"2024-02-05 14:07:51.317237","No incluir pan.","355","1","22"
"27",True,"2023-07-27 12:26:37.545155","Dividir el plato.","306","1","23"
"28",True,"2023-12-15 14:03:37.890439","Preparar como la vez pasada.","92","1","24"
"29",True,"2023-12-15 14:26:48.598923","Agregar cubiertos adicionales.","192","1","24"
"30",True,"2024-12-20 21:09:50.675315","Plato para compartir.","232","1","25"
"31",True,"2024-10-11 13:53:32.045178","Sin cebolla, por favor.","101","1","26"
"32",True,"2024-03-22 21:34:22.574131","Entrega rápida.","118","1","27"
"33",True,"2025-06-02 00:00:00","Dividir el plato.","237","1","28"
"34",True,"2024-12-08 14:44:37.175519","Evitar ingredientes crudos.","141","1","29"
"35",True,"2025-02-28 20:55:02.506827","Usar queso sin lactosa.","232","1","30"
"36",True,"2024-07-12 21:48:10.016432","Servir bien caliente.","167","1","31"
"37",True,"2025-02-27 13:25:13.989154","Agregar salsa extra.","81","1","32"
"38",True,"2024-12-09 23:18:02.375313","Entrega rápida.","142","1","33"
"39",True,"2025-06-02 00:00:00","Evitar ingredientes crudos.","240","1","34"
"40",True,"2024-08-08 13:51:34.45759","Sin aderezo.","139","1","35"
"41",True,"2024-08-08 14:00:21.021899","Agregar salsa extra.","137","1","35"
"42",True,"2023-09-04 13:10:33.298325","Con limón aparte.","295","1","36"
"43",True,"2024-12-17 14:19:37.992669","Con limón aparte.","185","1","37"
"44",True,"2024-07-14 13:28:30.310683","Agregar salsa extra.","255","1","38"
"45",True,"2024-07-07 16:10:17.66359","Plato para compartir.","159","1","39"
"46",True,"2024-01-30 15:09:39.04598","Agregar salsa extra.","279","1","40"
"47",True,"2025-04-17 15:55:15.560091","Cocinar bien la carne.","243","1","41"
"48",True,"2024-01-19 16:21:28.435536","No incluir pan.","87","1","42"
"49",True,"2024-01-19 15:28:42.422256","Poco picante.","223","1","42"
"50",True,"2024-01-19 16:24:44.199178","Sin cebolla, por favor.","252","1","42"
"51",True,"2025-04-11 13:51:07.819354","Agregar salsa extra.","198","1","43"
"52",True,"2023-06-30 16:01:44.230553","Preparar como la vez pasada.","76","1","44"
"53",True,"2024-05-20 20:40:55.4313","Poco picante.","108","1","45"
"54",True,"2023-07-17 22:58:46.089099","Evitar ingredientes crudos.","98","1","46"
"55",True,"2024-06-14 15:12:50.953831","Servir en dos platos.","157","1","47"
"56",True,"2024-11-08 20:01:02.424316","No añadir mayonesa.","188","1","48"
"57",True,"2025-06-02 00:00:00","Usar queso sin lactosa.","87","1","49"
"58",True,"2025-01-15 20:21:43.116388","Agregar cubiertos adicionales.","65","1","50"
"59",True,"2024-03-22 14:11:13.583084","Servir en dos platos.","131","1","51"
"60",True,"2024-07-18 15:12:20.066768","Preparar como la vez pasada.","218","1","52"
"61",True,"2025-03-07 21:00:58.721802","Sin cebolla, por favor.","277","1","53"
"62",True,"2024-08-16 21:33:14.894646","Plato para compartir.","307","1","54"
"63",True,"2024-09-19 20:29:10.182099","Cocinar bien la carne.","464","1","55"
"64",True,"2024-12-20 19:43:08.840557","Cocinar bien la carne.","236","1","56"
"65",True,"2025-03-07 22:38:27.522879","Plato para compartir.","88","1","57"
"66",True,"2023-11-03 22:16:22.43067","","319","1","58"
"67",True,"2023-08-04 21:12:38.317936","Agregar cubiertos adicionales.","315","1","59"
"68",True,"2024-10-04 21:47:22.30789","Dividir el plato.","193","1","60"
"69",True,"2024-10-18 13:28:04.655536","Cocinar bien la carne.","100","1","61"
"70",True,"2024-09-22 21:08:07.696708","No incluir pan.","106","1","62"
"71",True,"2023-08-18 19:43:24.534961","No incluir pan.","201","1","63"
"72",True,"2024-02-15 22:23:22.140369","Servir bien caliente.","116","1","64"
"73",True,"2025-06-02 00:00:00","Con limón aparte.","199","1","65"
"74",True,"2024-12-30 15:24:12.159529","Entrega rápida.","76","1","66"
"75",True,"2024-08-19 23:18:27.050301","Servir en dos platos.","216","1","67"
"76",True,"2024-08-19 21:38:22.194296","Servir en dos platos.","66","1","67"
"77",True,"2023-09-14 22:53:56.047477","Evitar ingredientes crudos.","145","1","68"
"78",True,"2024-05-24 14:38:42.697341","Cocinar bien la carne.","151","1","69"
"79",True,"2023-09-22 20:09:24.07356","Entrega rápida.","176","1","70"
"80",True,"2025-02-21 20:00:37.777468","Sin cebolla, por favor.","62","1","71"
"81",True,"2023-09-01 20:27:19.247154","Con limón aparte.","172","1","72"
"82",True,"2023-12-08 15:16:40.625461","Poco picante.","130","1","73"
"83",True,"2023-12-08 15:04:27.958686","Preparar como la vez pasada.","101","1","73"
"84",True,"2023-12-08 15:12:52.279509","Cocinar bien la carne.","287","1","73"
"85",True,"2024-12-12 19:32:16.587474","Dividir el plato.","113","1","74"
"86",True,"2024-07-02 20:17:45.450356","Agregar cubiertos adicionales.","150","1","75"
"87",True,"2024-08-10 15:35:59.957759","Plato para compartir.","224","1","76"
"88",True,"2024-04-26 22:01:34.136581","Servir bien caliente.","131","1","77"
"89",True,"2023-08-12 14:13:45.355189","Dividir el plato.","262","1","78"
"90",True,"2024-12-20 22:36:19.071983","Preparar como la vez pasada.","313","1","79"
"91",True,"2024-09-27 14:41:18.573121","Sin aderezo.","159","1","80"
"92",True,"2024-09-27 15:02:46.513134","No añadir mayonesa.","161","1","80"
"93",True,"2024-09-27 14:08:58.539744","Entrega rápida.","158","1","80"
"94",True,"2023-08-18 15:42:06.217425","Cocinar bien la carne.","60","1","81"
"95",True,"2023-10-06 20:56:47.601881","Cocinar bien la carne.","204","1","82"
"96",True,"2024-08-30 19:23:44.325567","Evitar ingredientes crudos.","129","1","83"
"97",True,"2025-03-07 13:30:44.84928","No añadir mayonesa.","289","1","84"
"98",True,"2025-06-02 00:00:00","Evitar ingredientes crudos.","141","1","85"
"99",True,"2024-02-27 22:14:26.238499","Preparar como la vez pasada.","223","1","86"
"100",True,"2024-07-29 16:46:13.126655","Cocinar bien la carne.","231","1","87"
"101",True,"2024-09-23 15:08:45.267286","No incluir pan.","189","1","88"
"102",True,"2024-07-28 00:27:51.188587","","225","1","89"
"103",True,"2024-07-27 23:46:20.688601","Agregar salsa extra.","229","1","89"
"104",True,"2024-07-28 00:11:06.155289","Usar queso sin lactosa.","97","1","89"
"105",True,"2025-01-17 20:31:30.843779","No añadir mayonesa.","174","1","90"
"106",True,"2025-01-17 20:15:25.704987","Poco picante.","122","1","90"
"107",True,"2025-03-13 19:30:27.255561","Entrega rápida.","270","1","91"
"108",True,"2024-05-10 21:32:00.599076","Agregar cubiertos adicionales.","64","1","92"
"109",True,"2024-02-16 19:55:15.047058","Agregar cubiertos adicionales.","115","1","93"
"110",True,"2024-08-02 21:06:03.747198","Cocinar bien la carne.","45","1","94"
"111",True,"2024-12-20 22:39:49.697928","Cocinar bien la carne.","44","1","95"
"112",True,"2024-12-20 21:49:19.84329","Usar queso sin lactosa.","133","1","95"
"113",True,"2025-05-30 21:26:11.827362","Poco picante.","153","1","96"
"114",True,"2024-09-16 14:40:05.073277","Con limón aparte.","180","1","97"
"115",True,"2024-09-27 20:35:19.265396","No incluir pan.","151","1","98"
"116",True,"2024-03-10 17:15:40.507109","Cocinar bien la carne.","76","1","99"
"117",True,"2024-03-10 16:18:42.490265","Agregar salsa extra.","204","1","99"
"118",True,"2025-01-24 14:26:29.563084","Entrega rápida.","135","1","100"
"119",True,"2025-01-24 14:17:35.37575","Plato para compartir.","187","1","100"
"120",True,"2025-01-24 13:46:09.083533","Plato para compartir.","50","1","100"
"121",True,"2024-09-10 22:25:02.440357","Poco picante.","156","1","101"
"122",True,"2024-09-28 22:00:41.403445","Con limón aparte.","94","1","102"
"123",True,"2023-10-13 14:24:04.05024","Sin cebolla, por favor.","225","1","103"
"124",True,"2024-07-25 13:14:49.47084","","286","1","104"
"125",True,"2024-05-03 19:43:52.761955","Poco picante.","156","1","105"
"126",True,"2025-02-28 15:00:36.242796","Poco picante.","145","1","106"
"127",True,"2024-08-30 12:05:25.401335","Evitar ingredientes crudos.","183","1","107"
"128",True,"2024-08-30 13:29:31.958997","Servir bien caliente.","172","1","107"
"129",True,"2023-11-03 22:37:16.518336","Preparar como la vez pasada.","124","1","108"
"130",True,"2024-08-23 22:56:38.222916","Dividir el plato.","282","1","109"
"131",True,"2025-06-02 00:00:00","Sin cebolla, por favor.","176","1","110"
"132",True,"2023-12-22 12:52:33.316742","Evitar ingredientes crudos.","49","1","111"
"133",True,"2023-06-24 14:38:39.42257","Agregar salsa extra.","147","1","112"
"134",True,"2024-08-21 14:40:39.772677","Plato para compartir.","218","1","113"
"135",True,"2024-08-21 13:42:29.876904","Cocinar bien la carne.","125","1","113"
"136",True,"2024-08-21 14:16:16.536432","Servir en dos platos.","115","1","113"
"137",True,"2025-03-05 20:01:37.125795","Dividir el plato.","132","1","114"
"138",True,"2024-07-01 22:05:10.259148","Usar queso sin lactosa.","132","1","115"
"139",True,"2024-07-01 23:03:41.013742","Servir en dos platos.","120","1","115"
"140",True,"2024-02-20 14:56:18.448472","Preparar como la vez pasada.","116","1","116"
"141",True,"2023-12-24 22:48:47.557277","Sin cebolla, por favor.","65","1","117"
"142",True,"2023-12-02 12:56:36.504629","Servir bien caliente.","130","1","118"
"143",True,"2025-06-02 00:00:00","Entrega rápida.","53","1","119"
"144",True,"2025-03-28 22:43:59.89385","Preparar como la vez pasada.","126","1","120"
"145",True,"2024-12-18 15:03:56.047266","Poco picante.","103","1","121"
"146",True,"2024-12-18 14:49:33.300903","Usar queso sin lactosa.","142","1","121"
"147",True,"2024-12-18 14:00:20.723074","Servir bien caliente.","147","1","121"
"148",True,"2024-07-30 22:39:24.974574","Sin cebolla, por favor.","376","1","122"
"149",True,"2024-08-30 13:10:32.929727","No incluir pan.","173","1","123"
"150",True,"2023-08-04 15:13:37.934181","Agregar salsa extra.","141","1","124"
"151",True,"2023-07-23 14:54:50.724959","Sin cebolla, por favor.","203","1","125"
"152",True,"2023-07-23 14:45:13.352242","Dividir el plato.","276","1","125"
"153",True,"2024-12-26 14:56:20.970077","Sin cebolla, por favor.","274","1","126"
"154",True,"2023-12-01 13:36:28.85269","Con limón aparte.","100","1","127"
"155",True,"2023-12-01 13:42:51.160247","Poco picante.","182","1","127"
"156",True,"2023-12-23 20:03:45.867449","Agregar cubiertos adicionales.","112","1","128"
"157",True,"2024-11-08 14:28:42.378224","Con limón aparte.","98","1","129"
"158",True,"2024-08-13 20:00:44.044038","Dividir el plato.","161","1","130"
"159",True,"2024-08-26 22:36:19.501493","No añadir mayonesa.","110","1","131"
"160",True,"2024-09-13 22:27:28.192402","","299","1","132"
"161",True,"2024-08-16 14:58:29.401313","","69","1","133"
"162",True,"2024-04-17 15:59:58.967282","Sin cebolla, por favor.","239","1","134"
"163",True,"2023-09-08 13:50:00.657924","Usar queso sin lactosa.","158","1","135"
"164",True,"2023-09-08 14:32:12.831505","Evitar ingredientes crudos.","163","1","135"
"165",True,"2025-04-18 23:36:27.127944","Cocinar bien la carne.","103","1","136"
"166",True,"2025-06-02 00:00:00","Servir en dos platos.","89","1","137"
"167",True,"2023-09-27 21:29:57.88942","Entrega rápida.","323","1","138"
"168",True,"2023-09-27 20:48:18.004172","Agregar cubiertos adicionales.","97","1","138"
"169",True,"2025-02-14 14:41:59.47836","Poco picante.","140","1","139"
"170",True,"2024-05-31 21:02:55.871349","No incluir pan.","130","1","140"
"171",True,"2024-06-21 16:03:01.939579","Servir bien caliente.","35","1","141"
"172",True,"2024-06-21 15:01:43.773754","Con limón aparte.","170","1","141"
"173",True,"2024-06-21 15:41:06.07212","Entrega rápida.","146","1","141"
"174",True,"2023-07-28 13:14:09.500862","No añadir mayonesa.","108","1","142"
"175",True,"2024-08-02 12:53:20.335507","Cocinar bien la carne.","153","1","143"
"176",True,"2023-07-21 13:21:12.723334","Preparar como la vez pasada.","120","1","144"
"177",True,"2024-08-23 21:48:07.003747","Agregar cubiertos adicionales.","45","1","145"
"178",True,"2023-08-18 20:36:02.370153","Plato para compartir.","156","1","146"
"179",True,"2025-01-10 14:42:40.480245","Sin cebolla, por favor.","144","1","147"
"180",True,"2025-06-02 00:00:00","Cocinar bien la carne.","238","1","148"
"181",True,"2024-05-17 13:54:16.786959","Cocinar bien la carne.","294","1","149"
"182",True,"2024-05-26 13:42:51.36567","Poco picante.","191","1","150"
"183",True,"2024-05-26 13:54:43.264782","Usar queso sin lactosa.","219","1","150"
"184",True,"2025-04-04 22:17:20.131329","Preparar como la vez pasada.","82","1","151"
"185",True,"2025-04-04 22:18:02.244799","Agregar cubiertos adicionales.","100","1","151"
"186",True,"2025-03-07 21:30:58.654451","Entrega rápida.","176","1","152"
"187",True,"2024-05-31 19:45:35.280975","","160","1","153"
"188",True,"2025-02-21 22:52:00.861716","No incluir pan.","141","1","154"
"189",True,"2024-04-26 13:08:21.898555","No añadir mayonesa.","60","1","155"
"190",True,"2024-12-30 21:09:35.558725","Entrega rápida.","109","1","156"
"191",True,"2024-07-05 22:15:18.798857","Cocinar bien la carne.","72","1","157"
"192",True,"2024-12-24 22:34:33.508359","Cocinar bien la carne.","354","1","158"
"193",True,"2024-05-10 16:07:30.350634","Con limón aparte.","146","1","159"
"194",True,"2024-04-19 16:02:07.599755","No incluir pan.","85","1","160"
"195",True,"2024-11-08 13:27:49.807786","Plato para compartir.","110","1","161"
"196",True,"2023-07-20 21:56:33.821375","Poco picante.","152","1","162"
"197",True,"2025-02-28 14:32:44.050963","Con limón aparte.","112","1","163"
"198",True,"2024-08-23 23:22:31.240263","Agregar cubiertos adicionales.","374","1","164"
"199",True,"2024-04-13 15:06:58.714597","Entrega rápida.","134","1","165"
"200",True,"2024-06-28 14:41:58.688535","Entrega rápida.","240","1","166"
"201",True,"2024-12-21 12:25:31.56081","Dividir el plato.","187","1","167"
"202",True,"2024-08-23 19:59:24.13735","Entrega rápida.","260","1","168"
"203",True,"2024-07-02 14:11:03.949469","","128","1","169"
"204",True,"2024-07-02 13:16:44.398356","Cocinar bien la carne.","75","1","169"
"205",True,"2024-07-02 14:53:15.860819","Usar queso sin lactosa.","60","1","169"
"206",True,"2023-08-03 22:46:10.134985","Agregar cubiertos adicionales.","270","1","170"
"207",True,"2023-08-25 13:40:39.188108","Con limón aparte.","272","1","171"
"208",True,"2024-08-02 22:59:58.643923","No incluir pan.","58","1","172"
"209",True,"2025-06-02 00:00:00","Entrega rápida.","114","1","173"
"210",True,"2025-04-12 16:02:56.988001","Preparar como la vez pasada.","334","1","174"
"211",True,"2024-07-05 19:33:57.43426","Plato para compartir.","153","1","175"
"212",True,"2025-04-04 21:48:11.065803","Dividir el plato.","140","1","176"
"213",True,"2025-05-09 21:40:23.532687","","144","1","177"
"214",True,"2023-12-29 13:13:58.315281","No incluir pan.","182","1","178"
"215",True,"2023-07-09 16:24:36.526293","Cocinar bien la carne.","235","1","179"
"216",True,"2023-10-07 20:49:12.793395","Plato para compartir.","339","1","180"
"217",True,"2024-10-22 22:09:15.727288","Plato para compartir.","48","1","181"
"218",True,"2024-12-13 14:55:05.885087","Cocinar bien la carne.","168","1","182"
"219",True,"2024-12-13 16:01:31.002431","Poco picante.","82","1","182"
"220",True,"2024-05-31 16:51:51.200585","Sin aderezo.","116","1","183"
"221",True,"2024-06-14 13:54:17.92946","Usar queso sin lactosa.","206","1","184"
"222",True,"2024-06-14 14:01:48.082308","Sin aderezo.","77","1","184"
"223",True,"2023-08-11 15:00:33.979724","","201","1","185"
"224",True,"2024-06-21 20:45:58.501085","Usar queso sin lactosa.","149","1","186"
"225",True,"2024-06-21 20:47:46.449525","Cocinar bien la carne.","233","1","186"
"226",True,"2023-06-28 20:43:28.740191","Servir en dos platos.","54","1","187"
"227",True,"2024-08-07 14:09:57.5991","Con limón aparte.","305","1","188"
"228",True,"2023-08-30 15:29:08.947082","Evitar ingredientes crudos.","308","1","189"
"229",True,"2023-08-30 16:02:27.111016","Preparar como la vez pasada.","162","1","189"
"230",True,"2023-11-10 23:44:50.901081","Dividir el plato.","223","1","190"
"231",True,"2024-12-30 21:20:49.2006","Usar queso sin lactosa.","256","1","191"
"232",True,"2023-08-11 22:11:54.264934","Agregar salsa extra.","126","1","192"
"233",True,"2023-10-08 19:33:45.062714","Servir bien caliente.","226","1","193"
"234",True,"2023-10-13 13:22:43.926962","Agregar cubiertos adicionales.","54","1","194"
"235",True,"2025-05-30 21:51:36.29481","Preparar como la vez pasada.","94","1","195"
"236",True,"2025-05-30 21:32:18.609058","Agregar cubiertos adicionales.","58","1","195"
"237",True,"2023-10-08 13:15:08.132532","Agregar cubiertos adicionales.","181","1","196"
"238",True,"2023-10-08 14:05:45.84058","Servir en dos platos.","216","1","196"
"239",True,"2025-04-06 17:36:15.237094","Con limón aparte.","244","1","197"
"240",True,"2025-06-02 00:00:00","Preparar como la vez pasada.","239","1","198"
"241",True,"2025-06-02 00:00:00","Agregar salsa extra.","213","1","198"
"242",True,"2025-06-02 00:00:00","Servir en dos platos.","66","1","198"
"243",True,"2024-10-11 19:46:11.68354","Servir en dos platos.","210","1","199"
"244",True,"2024-10-11 15:48:54.298819","No añadir mayonesa.","220","1","200"
"245",True,"2024-07-21 20:17:14.855662","Plato para compartir.","214","1","201"
"246",True,"2024-06-29 14:50:06.987436","No incluir pan.","166","1","202"
"247",True,"2024-06-29 14:49:13.347098","Agregar cubiertos adicionales.","204","1","202"
"248",True,"2024-10-24 14:48:38.164164","Sin cebolla, por favor.","149","1","203"
"249",True,"2024-02-09 13:46:31.018495","Plato para compartir.","225","1","204"
"250",True,"2024-03-22 19:51:35.56306","No incluir pan.","89","1","205"
"251",True,"2024-07-19 15:21:13.81728","Plato para compartir.","238","1","206"
"252",True,"2025-06-02 00:00:00","Dividir el plato.","195","1","207"
"253",True,"2023-12-22 12:06:14.917058","Dividir el plato.","304","1","208"
"254",True,"2023-11-01 16:25:39.580766","Cocinar bien la carne.","158","1","209"
"255",True,"2024-11-02 21:58:30.34632","Sin cebolla, por favor.","113","1","210"
"256",True,"2025-04-25 17:13:59.471741","Usar queso sin lactosa.","117","1","211"
"257",True,"2025-02-07 20:45:04.559085","No añadir mayonesa.","70","1","212"
"258",True,"2023-12-31 21:26:29.553331","Sin aderezo.","67","1","213"
"259",True,"2025-05-09 22:52:48.552139","Usar queso sin lactosa.","169","1","214"
"260",True,"2025-06-02 00:00:00","Cocinar bien la carne.","188","1","215"
"261",True,"2024-12-13 23:01:08.945461","Preparar como la vez pasada.","224","1","216"
"262",True,"2024-08-15 16:04:54.1429","No incluir pan.","97","1","217"
"263",True,"2024-12-26 14:26:16.907976","Servir bien caliente.","105","1","218"
"264",True,"2024-05-20 15:33:02.590825","Dividir el plato.","105","1","219"
"265",True,"2025-04-04 14:47:37.357237","Plato para compartir.","56","1","220"
"266",True,"2023-10-20 13:51:28.779537","Servir en dos platos.","207","1","221"
"267",True,"2023-07-28 20:59:17.34335","Preparar como la vez pasada.","276","1","222"
"268",True,"2024-07-22 19:47:53.000488","Agregar salsa extra.","342","1","223"
"269",True,"2024-03-20 14:00:36.312169","Entrega rápida.","238","1","224"
"270",True,"2024-08-02 13:32:55.498966","No incluir pan.","198","1","225"
"271",True,"2024-08-02 13:37:27.339327","Agregar salsa extra.","268","1","225"
"272",True,"2023-06-16 14:34:50.304192","Plato para compartir.","337","1","226"
"273",True,"2024-07-01 14:57:20.678214","Sin cebolla, por favor.","266","1","227"
"274",True,"2024-04-05 15:52:55.254172","Dividir el plato.","115","1","228"
"275",True,"2024-11-15 12:42:22.761458","Agregar salsa extra.","239","1","229"
"276",True,"2024-06-28 16:06:07.428933","Servir bien caliente.","134","1","230"
"277",True,"2025-05-16 19:35:24.080452","Usar queso sin lactosa.","243","1","231"
"278",True,"2025-06-02 00:00:00","Servir bien caliente.","154","1","232"
"279",True,"2024-07-31 21:03:51.28205","Agregar cubiertos adicionales.","103","1","233"
"280",True,"2024-11-22 14:24:13.096978","Sin cebolla, por favor.","237","1","234"
"281",True,"2025-06-02 00:00:00","Servir en dos platos.","152","1","235"
"282",True,"2023-07-28 19:39:51.226302","Dividir el plato.","288","1","236"
"283",True,"2024-07-12 13:52:34.415085","No incluir pan.","345","1","237"
"284",True,"2023-08-11 15:46:07.720156","Cocinar bien la carne.","74","1","238"
"285",True,"2024-09-03 19:29:08.184712","Servir en dos platos.","131","1","239"
"286",True,"2023-10-06 20:33:23.432661","No añadir mayonesa.","200","1","240"
"287",True,"2024-04-05 20:19:18.547742","","183","1","241"
"288",True,"2024-04-05 20:08:24.905164","Agregar salsa extra.","226","1","241"
"289",True,"2024-03-15 13:07:38.113397","Cocinar bien la carne.","200","1","242"
"290",True,"2023-08-11 20:57:21.474861","Sin cebolla, por favor.","174","1","243"
"291",True,"2024-02-02 13:30:57.536933","Evitar ingredientes crudos.","86","1","244"
"292",True,"2024-02-02 13:34:15.4714","Entrega rápida.","216","1","244"
"293",True,"2024-12-02 22:01:19.923727","Plato para compartir.","392","1","245"
"294",True,"2025-03-04 13:00:40.880624","Servir bien caliente.","159","1","246"
"295",True,"2024-07-26 21:27:59.873635","No añadir mayonesa.","58","1","247"
"296",True,"2023-08-04 20:51:58.755549","Dividir el plato.","91","1","248"
"297",True,"2023-08-04 21:43:42.77724","Agregar salsa extra.","198","1","248"
"298",True,"2024-12-04 13:36:50.717725","Con limón aparte.","64","1","249"
"299",True,"2024-12-04 13:11:16.882038","Con limón aparte.","116","1","249"
"300",True,"2023-12-11 22:03:47.350695","Entrega rápida.","331","1","250"
"301",True,"2024-01-04 15:08:49.909313","","100","1","251"
"302",True,"2024-07-12 16:06:45.27149","Evitar ingredientes crudos.","379","1","252"
"303",True,"2024-11-08 22:58:20.69631","No añadir mayonesa.","165","1","253"
"304",True,"2024-08-02 22:02:56.230297","Entrega rápida.","296","1","254"
"305",True,"2024-08-02 21:39:03.235157","Evitar ingredientes crudos.","126","1","254"
"306",True,"2024-04-05 20:04:58.11238","Agregar salsa extra.","125","1","255"
"307",True,"2025-03-20 23:11:55.988714","Plato para compartir.","221","1","256"
"308",True,"2024-12-08 20:40:20.011544","Sin aderezo.","221","1","257"
"309",True,"2024-08-02 13:25:40.060308","Servir bien caliente.","323","1","258"
"310",True,"2024-08-02 12:57:49.339001","Con limón aparte.","205","1","258"
"311",True,"2025-02-23 20:00:03.708885","Plato para compartir.","82","1","259"
"312",True,"2023-08-23 14:57:36.321342","Agregar cubiertos adicionales.","350","1","260"
"313",True,"2024-12-22 16:33:40.485103","Entrega rápida.","149","1","261"
"314",True,"2024-12-22 15:24:30.630664","Con limón aparte.","303","1","261"
"315",True,"2024-07-26 22:13:03.708095","Sin aderezo.","133","1","262"
"316",True,"2023-09-08 19:42:16.931026","Plato para compartir.","77","1","263"
"317",True,"2025-03-23 14:42:35.997404","Servir bien caliente.","124","1","264"
"318",True,"2024-08-08 22:50:28.745909","Servir en dos platos.","149","1","265"
"319",True,"2025-01-24 20:51:58.688069","Con limón aparte.","94","1","266"
"320",True,"2025-04-25 21:52:10.968974","Sin cebolla, por favor.","145","1","267"
"321",True,"2023-07-28 12:45:34.025644","Plato para compartir.","169","1","268"
"322",True,"2023-07-02 20:37:50.070109","Poco picante.","151","1","269"
"323",True,"2025-05-02 20:40:49.086456","Entrega rápida.","433","1","270"
"324",True,"2024-06-25 21:34:27.646751","Agregar cubiertos adicionales.","161","1","271"
"325",True,"2024-06-25 21:37:29.191893","Sin aderezo.","143","1","271"
"326",True,"2024-07-04 14:51:50.18962","","182","1","272"
"327",True,"2023-12-01 15:04:55.120938","Con limón aparte.","75","1","273"
"328",True,"2024-12-25 21:02:09.678568","Agregar cubiertos adicionales.","193","1","274"
"329",True,"2024-08-08 15:07:30.410296","Dividir el plato.","87","1","275"
"330",True,"2024-02-09 20:59:03.082662","Sin aderezo.","153","1","276"
"331",True,"2025-02-28 20:20:27.31977","Agregar cubiertos adicionales.","216","1","277"
"332",True,"2025-02-28 19:34:43.224964","Agregar cubiertos adicionales.","128","1","277"
"333",True,"2024-04-05 14:38:45.453166","Evitar ingredientes crudos.","254","1","278"
"334",True,"2025-05-13 14:36:52.227732","Usar queso sin lactosa.","116","1","279"
"335",True,"2023-12-26 15:02:28.747152","Evitar ingredientes crudos.","377","1","280"
"336",True,"2024-08-23 15:01:56.837284","Evitar ingredientes crudos.","176","1","281"
"337",True,"2023-12-22 14:07:35.291257","Poco picante.","120","1","282"
"338",True,"2025-01-24 22:00:15.848035","Entrega rápida.","349","1","283"
"339",True,"2023-09-21 16:11:45.790989","Servir bien caliente.","137","1","284"
"340",True,"2024-08-16 14:33:54.644117","Agregar salsa extra.","97","1","285"
"341",True,"2024-06-21 21:55:21.701582","Servir en dos platos.","93","1","286"
"342",True,"2024-04-05 14:27:04.69341","Agregar cubiertos adicionales.","53","1","287"
"343",True,"2024-01-05 12:42:41.908893","Plato para compartir.","121","1","288"
"344",True,"2025-05-30 21:23:13.106492","Dividir el plato.","218","1","289"
"345",True,"2024-12-20 21:09:48.871354","Cocinar bien la carne.","48","1","290"
"346",True,"2024-07-12 14:24:42.193488","Plato para compartir.","37","1","291"
"347",True,"2025-06-02 00:00:00","Agregar salsa extra.","155","1","292"
"348",True,"2025-06-02 00:00:00","Cocinar bien la carne.","221","1","292"
"349",True,"2024-11-23 20:21:54.510473","No incluir pan.","323","1","293"
"350",True,"2025-02-28 16:31:20.702488","Agregar cubiertos adicionales.","245","1","294"
"351",True,"2024-12-02 14:59:36.613339","No añadir mayonesa.","171","1","295"
"352",True,"2024-12-02 13:59:09.085286","Servir en dos platos.","330","1","295"
"353",True,"2023-12-15 23:52:02.06909","Agregar salsa extra.","99","1","296"
"354",True,"2023-12-15 13:52:07.327777","","150","1","297"
"355",True,"2025-01-03 22:56:03.896386","Con limón aparte.","377","1","298"
"356",True,"2023-08-25 13:48:47.979065","Sin cebolla, por favor.","56","1","299"
"357",True,"2025-01-01 20:47:35.404259","Cocinar bien la carne.","136","1","300"
"358",True,"2024-12-08 21:53:21.761354","Servir en dos platos.","131","1","301"
"359",True,"2024-08-01 15:41:35.786453","Sin cebolla, por favor.","48","1","302"
"360",True,"2024-01-02 15:16:13.058021","Evitar ingredientes crudos.","114","1","303"
"361",True,"2024-01-02 15:07:44.675501","Servir bien caliente.","110","1","303"
"362",True,"2023-12-30 22:07:21.499202","Poco picante.","221","1","304"
"363",True,"2023-12-30 21:13:09.812227","Usar queso sin lactosa.","123","1","304"
"364",True,"2024-03-29 22:49:42.728149","Sin aderezo.","128","1","305"
"365",True,"2024-07-11 13:12:50.091655","Preparar como la vez pasada.","162","1","306"
"366",True,"2024-10-18 22:05:02.579765","Agregar salsa extra.","111","1","307"
"367",True,"2025-05-13 20:44:57.471592","Cocinar bien la carne.","102","1","308"
"368",True,"2024-09-13 13:09:37.641094","Cocinar bien la carne.","236","1","309"
"369",True,"2024-10-25 15:15:17.322819","","270","1","310"
"370",True,"2025-06-02 00:00:00","Evitar ingredientes crudos.","151","1","311"
"371",True,"2023-06-02 22:34:30.316842","Entrega rápida.","256","1","312"
"372",True,"2023-08-06 00:14:25.824549","","352","1","313"
"373",True,"2024-08-14 12:49:35.536059","Sin cebolla, por favor.","199","1","314"
"374",True,"2023-06-16 14:16:52.118791","","245","1","315"
"375",True,"2023-06-16 14:09:10.300108","Con limón aparte.","238","1","315"
"376",True,"2023-08-01 16:14:49.330601","Cocinar bien la carne.","92","1","316"
"377",True,"2023-08-01 16:27:16.10794","Servir bien caliente.","281","1","316"
"378",True,"2023-08-11 22:14:55.93099","Cocinar bien la carne.","64","1","317"
"379",True,"2023-08-11 21:56:13.527875","Cocinar bien la carne.","81","1","317"
"380",True,"2025-02-21 13:34:05.648193","No incluir pan.","240","1","318"
"381",True,"2025-02-21 13:39:41.224509","Plato para compartir.","330","1","318"
"382",True,"2024-05-26 13:54:15.049801","Sin cebolla, por favor.","64","1","319"
"383",True,"2025-05-09 14:29:01.167808","Dividir el plato.","186","1","320"
"384",True,"2024-08-02 22:39:43.737735","Servir bien caliente.","72","1","321"
"385",True,"2024-04-26 21:01:35.270796","Servir bien caliente.","278","1","322"
"386",True,"2023-07-23 13:10:34.710587","Dividir el plato.","96","1","323"
"387",True,"2025-03-06 20:19:16.289944","Usar queso sin lactosa.","212","1","324"
"388",True,"2024-07-15 15:03:50.058862","Con limón aparte.","308","1","325"
"389",True,"2024-08-02 14:14:20.360568","Usar queso sin lactosa.","274","1","326"
"390",True,"2024-08-02 14:39:28.109022","Servir en dos platos.","339","1","326"
"391",True,"2025-06-02 00:00:00","","217","1","327"
"392",True,"2024-06-21 16:48:37.483388","Con limón aparte.","114","1","328"
"393",True,"2024-08-16 22:29:23.191991","Evitar ingredientes crudos.","162","1","329"
"394",True,"2024-07-25 15:33:47.974518","Cocinar bien la carne.","352","1","330"
"395",True,"2023-07-17 12:39:59.879967","","222","1","331"
"396",True,"2023-07-17 12:32:09.856555","Poco picante.","285","1","331"
"397",True,"2024-12-19 22:18:10.892053","Sin aderezo.","301","1","332"
"398",True,"2025-01-10 12:23:27.07779","Servir en dos platos.","212","1","333"
"399",True,"2024-09-20 14:59:17.856658","Cocinar bien la carne.","243","1","334"
"400",True,"2024-09-20 15:14:47.692388","Poco picante.","123","1","334"
"401",True,"2024-12-30 13:41:54.670067","Con limón aparte.","364","1","335"
"402",True,"2024-12-12 14:37:36.158901","No añadir mayonesa.","38","1","336"
"403",True,"2024-05-10 22:50:11.462217","Preparar como la vez pasada.","220","1","337"
"404",True,"2023-08-02 14:35:11.148084","Servir en dos platos.","107","1","338"
"405",True,"2024-07-13 20:08:08.524697","Sin aderezo.","106","1","339"
"406",True,"2025-06-02 00:00:00","Con limón aparte.","241","1","340"
"407",True,"2024-03-08 15:29:23.735696","","137","1","341"
"408",True,"2024-08-27 14:13:37.859572","Cocinar bien la carne.","140","1","342"
"409",True,"2025-05-09 20:33:48.119225","Preparar como la vez pasada.","29","1","343"
"410",True,"2025-05-09 20:51:04.716184","No añadir mayonesa.","240","1","343"
"411",True,"2025-05-30 21:56:46.888384","Con limón aparte.","61","1","344"
"412",True,"2024-09-13 12:48:42.396547","Servir en dos platos.","196","1","345"
"413",True,"2024-09-13 12:37:52.010494","Servir en dos platos.","180","1","345"
"414",True,"2023-08-04 14:28:13.875717","Sin aderezo.","136","1","346"
"415",True,"2023-08-18 23:53:59.189624","Poco picante.","184","1","347"
"416",True,"2024-09-20 21:10:16.887049","Dividir el plato.","290","1","348"
"417",True,"2023-12-01 14:29:20.226707","","162","1","349"
"418",True,"2024-10-25 13:24:23.683686","","207","1","350"
"419",True,"2025-03-08 12:28:09.355158","Con limón aparte.","181","1","351"
"420",True,"2024-05-19 20:34:36.355334","No añadir mayonesa.","202","1","352"
"421",True,"2023-07-31 15:07:23.475441","Evitar ingredientes crudos.","238","1","353"
"422",True,"2025-04-04 23:10:46.552773","Sin aderezo.","261","1","354"
"423",True,"2025-04-04 21:08:41.12334","No añadir mayonesa.","100","1","354"
"424",True,"2024-05-30 14:33:01.032094","Servir bien caliente.","242","1","355"
"425",True,"2025-05-22 21:00:17.26431","No incluir pan.","141","1","356"
"426",True,"2023-12-01 14:29:33.544042","Dividir el plato.","112","1","357"
"427",True,"2023-08-13 12:23:38.341775","Con limón aparte.","70","1","358"
"428",True,"2023-08-13 12:06:22.946975","No añadir mayonesa.","250","1","358"
"429",True,"2024-11-21 16:20:35.922398","Agregar salsa extra.","122","1","359"
"430",True,"2024-08-03 22:15:56.93345","","98","1","360"
"431",True,"2024-08-03 23:25:27.252719","Cocinar bien la carne.","183","1","360"
"432",True,"2024-01-16 21:26:02.245685","Agregar salsa extra.","140","1","361"
"433",True,"2025-05-20 20:53:25.944923","Agregar cubiertos adicionales.","226","1","362"
"434",True,"2025-05-20 20:51:15.632804","Sin aderezo.","188","1","362"
"435",True,"2024-10-25 14:50:25.507515","Usar queso sin lactosa.","78","1","363"
"436",True,"2024-10-25 13:56:10.804479","","154","1","363"
"437",True,"2024-12-06 13:50:49.37196","Servir bien caliente.","217","1","364"
"438",True,"2024-12-06 12:25:05.624361","No añadir mayonesa.","294","1","364"
"439",True,"2024-08-23 19:39:10.706505","Sin aderezo.","293","1","365"
"440",True,"2024-08-23 19:46:27.255314","Sin cebolla, por favor.","225","1","365"
"441",True,"2024-08-23 21:13:55.383446","Cocinar bien la carne.","269","1","365"
"442",True,"2025-01-13 13:55:48.37741","No añadir mayonesa.","247","1","366"
"443",True,"2024-08-26 14:19:48.721285","Entrega rápida.","259","1","367"
"444",True,"2024-05-17 20:04:23.815769","Con limón aparte.","147","1","368"
"445",True,"2023-11-10 13:38:24.147457","Agregar salsa extra.","387","1","369"
"446",True,"2024-12-05 21:29:11.030418","No añadir mayonesa.","171","1","370"
"447",True,"2024-03-29 19:19:49.27229","Usar queso sin lactosa.","32","1","371"
"448",True,"2024-03-29 19:56:21.047047","No incluir pan.","204","1","371"
"449",True,"2024-03-29 19:19:03.976243","Cocinar bien la carne.","233","1","371"
"450",True,"2023-09-29 22:01:40.030074","Con limón aparte.","43","1","372"
"451",True,"2024-06-15 20:17:23.976969","Agregar salsa extra.","224","1","373"
"452",True,"2025-01-03 21:20:49.819067","Sin cebolla, por favor.","96","1","374"
"453",True,"2024-12-20 20:36:25.242194","No incluir pan.","127","1","375"
"454",True,"2024-10-04 21:33:17.204352","No incluir pan.","180","1","376"
"455",True,"2023-10-03 15:25:26.251362","Entrega rápida.","139","1","377"
"456",True,"2023-12-25 20:31:22.720915","Preparar como la vez pasada.","71","1","378"
"457",True,"2024-12-27 15:42:54.502326","Dividir el plato.","182","1","379"
"458",True,"2023-12-29 21:10:21.19095","Poco picante.","92","1","380"
"459",True,"2024-03-20 19:32:29.352032","Dividir el plato.","181","1","381"
"460",True,"2024-03-15 22:37:04.207451","Evitar ingredientes crudos.","144","1","382"
"461",True,"2023-07-22 15:15:06.6158","No incluir pan.","105","1","383"
"462",True,"2024-10-17 13:28:39.894151","No incluir pan.","130","1","384"
"463",True,"2024-03-03 14:01:51.347938","Preparar como la vez pasada.","241","1","385"
"464",True,"2024-11-11 20:58:25.819543","Entrega rápida.","221","1","386"
"465",True,"2024-07-19 14:00:07.199105","Agregar salsa extra.","146","1","387"
"466",True,"2025-05-23 20:04:07.79367","No incluir pan.","114","1","388"
"467",True,"2025-05-23 20:47:57.3949","Dividir el plato.","100","1","388"
"468",True,"2025-05-23 19:42:47.068962","Usar queso sin lactosa.","153","1","388"
"469",True,"2024-02-09 14:54:30.451007","Dividir el plato.","355","1","389"
"470",True,"2025-06-02 00:00:00","Sin cebolla, por favor.","58","1","390"
"471",True,"2025-06-02 00:00:00","Servir en dos platos.","93","1","391"
"472",True,"2024-09-29 21:40:38.016654","Preparar como la vez pasada.","120","1","392"
"473",True,"2024-08-08 19:33:49.100975","Agregar cubiertos adicionales.","160","1","393"
"474",True,"2025-01-24 21:59:40.124352","","233","1","394"
"475",True,"2024-10-11 22:50:06.763076","Preparar como la vez pasada.","162","1","395"
"476",True,"2024-11-12 21:42:45.52028","Sin cebolla, por favor.","88","1","396"
"477",True,"2024-04-05 19:51:38.138283","Poco picante.","203","1","397"
"478",True,"2024-04-05 20:46:37.508832","Agregar cubiertos adicionales.","155","1","397"
"479",True,"2024-12-18 22:06:11.118501","Servir bien caliente.","301","1","398"
"480",True,"2023-11-23 14:13:53.315174","","98","1","399"
"481",True,"2025-04-28 14:20:30.574639","Cocinar bien la carne.","100","1","400"
"482",True,"2024-07-21 19:25:10.841685","Cocinar bien la carne.","109","1","401"
"483",True,"2024-11-01 20:40:43.779668","Dividir el plato.","179","1","402"
"484",True,"2024-11-01 22:00:07.948125","Cocinar bien la carne.","170","1","402"
"485",True,"2023-12-29 19:28:20.882816","Cocinar bien la carne.","278","1","403"
"486",True,"2025-03-09 12:49:21.972383","Dividir el plato.","60","1","404"
"487",True,"2025-03-09 12:15:30.005964","Plato para compartir.","156","1","404"
"488",True,"2024-10-15 15:30:52.791932","Servir bien caliente.","61","1","405"
"489",True,"2023-08-09 14:24:10.354029","Servir en dos platos.","142","1","406"
"490",True,"2025-04-25 15:59:40.954705","Evitar ingredientes crudos.","224","1","407"
"491",True,"2023-08-24 21:06:41.907589","Agregar cubiertos adicionales.","184","1","408"
"492",True,"2023-08-24 20:41:21.944065","Poco picante.","291","1","408"
"493",True,"2024-05-17 14:51:20.156374","No añadir mayonesa.","147","1","409"
"494",True,"2024-01-26 14:21:25.434448","Agregar cubiertos adicionales.","299","1","410"
"495",True,"2024-12-20 20:40:29.482505","Sin aderezo.","56","1","411"
"496",True,"2023-07-21 20:27:14.055068","No añadir mayonesa.","174","1","412"
"497",True,"2023-07-21 19:31:45.477393","No incluir pan.","76","1","412"
"498",True,"2024-12-05 16:20:14.696069","Sin aderezo.","160","1","413"
"499",True,"2024-12-05 16:03:13.496532","Usar queso sin lactosa.","131","1","413"
"500",True,"2024-07-22 21:22:28.0841","No incluir pan.","98","1","414"
"501",True,"2024-07-22 22:21:29.260499","Usar queso sin lactosa.","246","1","414"
"502",True,"2025-06-02 00:00:00","Servir en dos platos.","311","1","415"
"503",True,"2023-07-09 22:38:29.081703","Preparar como la vez pasada.","108","1","416"
"504",True,"2023-09-13 20:05:38.823113","Con limón aparte.","188","1","417"
"505",True,"2024-03-29 20:17:22.234478","Poco picante.","158","1","418"
"506",True,"2024-03-29 20:46:18.563547","Servir bien caliente.","164","1","418"
"507",True,"2023-06-11 14:42:31.838012","Entrega rápida.","168","1","419"
"508",True,"2024-08-17 20:20:01.536122","Con limón aparte.","100","1","420"
"509",True,"2025-06-02 00:00:00","Agregar cubiertos adicionales.","309","1","421"
"510",True,"2024-08-01 22:21:02.202982","Con limón aparte.","321","1","422"
"511",True,"2025-05-02 16:18:43.149109","","57","1","423"
"512",True,"2023-08-11 22:38:58.005423","Dividir el plato.","135","1","424"
"513",True,"2025-04-17 23:03:16.274499","Evitar ingredientes crudos.","220","1","425"
"514",True,"2025-04-11 23:29:36.754342","Usar queso sin lactosa.","331","1","426"
"515",True,"2024-08-21 15:39:48.909513","Usar queso sin lactosa.","452","1","427"
"516",True,"2024-07-18 21:42:17.062426","Dividir el plato.","155","1","428"
"517",True,"2023-10-01 12:10:16.252446","Cocinar bien la carne.","172","1","429"
"518",True,"2025-02-09 20:38:18.387311","Sin aderezo.","87","1","430"
"519",True,"2024-01-16 21:35:16.950222","Poco picante.","222","1","431"
"520",True,"2025-04-11 22:54:53.618095","Con limón aparte.","116","1","432"
"521",True,"2024-10-18 22:17:51.382828","Servir bien caliente.","233","1","433"
"522",True,"2024-01-12 22:10:03.123203","Agregar salsa extra.","170","1","434"
"523",True,"2024-09-12 13:35:48.771978","No incluir pan.","314","1","435"
"524",True,"2024-09-12 13:36:19.29248","Preparar como la vez pasada.","114","1","435"
"525",True,"2025-01-24 14:27:43.565859","No añadir mayonesa.","143","1","436"
"526",True,"2025-04-05 21:42:54.738174","Cocinar bien la carne.","57","1","437"
"527",True,"2025-04-05 21:04:33.976764","Poco picante.","81","1","437"
"528",True,"2024-03-08 15:53:27.807504","Dividir el plato.","142","1","438"
"529",True,"2025-05-30 13:32:36.084791","No añadir mayonesa.","121","1","439"
"530",True,"2025-05-29 21:39:59.826187","No incluir pan.","124","1","440"
"531",True,"2025-01-03 22:28:41.16596","Evitar ingredientes crudos.","43","1","441"
"532",True,"2025-01-03 22:02:56.681212","Sin aderezo.","227","1","441"
"533",True,"2024-08-07 13:20:18.220959","Poco picante.","161","1","442"
"534",True,"2024-07-21 22:57:01.299863","Sin cebolla, por favor.","228","1","443"
"535",True,"2024-07-21 22:21:01.696127","Poco picante.","131","1","443"
"536",True,"2024-09-13 23:25:50.291281","Servir en dos platos.","303","1","444"
"537",True,"2024-02-02 22:26:47.450778","Agregar cubiertos adicionales.","169","1","445"
"538",True,"2025-05-09 14:13:00.915988","Sin cebolla, por favor.","170","1","446"
"539",True,"2025-03-11 21:39:06.418148","Usar queso sin lactosa.","220","1","447"
"540",True,"2023-07-30 21:47:33.082957","Evitar ingredientes crudos.","118","1","448"
"541",True,"2023-07-30 22:19:41.281035","Sin aderezo.","280","1","448"
"542",True,"2023-10-13 12:42:20.035444","Usar queso sin lactosa.","97","1","449"
"543",True,"2024-05-03 23:34:46.033802","","184","1","450"
"544",True,"2023-08-15 14:39:09.472738","","171","1","451"
"545",True,"2024-12-13 14:43:03.836292","Servir bien caliente.","119","1","452"
"546",True,"2025-02-28 22:06:26.541062","No incluir pan.","167","1","453"
"547",True,"2023-07-12 12:50:25.288634","No añadir mayonesa.","372","1","454"
"548",True,"2024-11-09 12:31:25.226051","Plato para compartir.","143","1","455"
"549",True,"2024-11-09 13:22:18.740082","Preparar como la vez pasada.","50","1","455"
"550",True,"2024-11-09 14:26:35.819039","Servir en dos platos.","162","1","455"
"551",True,"2023-11-20 20:57:05.79191","Servir bien caliente.","64","1","456"
"552",True,"2023-09-22 23:09:16.290866","Sin aderezo.","102","1","457"
"553",True,"2023-09-22 22:19:27.767305","Dividir el plato.","165","1","457"
"554",True,"2023-06-30 12:40:08.787279","Preparar como la vez pasada.","47","1","458"
"555",True,"2025-01-10 21:00:03.699942","Usar queso sin lactosa.","247","1","459"
"556",True,"2025-06-02 00:00:00","Agregar salsa extra.","173","1","460"
"557",True,"2024-03-24 14:05:36.65416","Sin cebolla, por favor.","211","1","461"
"558",True,"2024-12-04 21:06:04.58421","Evitar ingredientes crudos.","374","1","462"
"559",True,"2023-06-16 12:37:13.188956","Sin cebolla, por favor.","78","1","463"
"560",True,"2024-04-12 21:37:16.166081","Agregar salsa extra.","113","1","464"
"561",True,"2023-11-17 15:15:45.605025","Usar queso sin lactosa.","246","1","465"
"562",True,"2024-12-20 14:54:26.777505","No incluir pan.","46","1","466"
"563",True,"2024-06-07 13:10:55.202225","No incluir pan.","128","1","467"
"564",True,"2024-09-06 22:10:45.780174","Usar queso sin lactosa.","327","1","468"
"565",True,"2023-06-09 22:23:01.050233","Servir en dos platos.","191","1","469"
"566",True,"2024-10-11 15:33:19.159463","Cocinar bien la carne.","189","1","470"
"567",True,"2023-12-23 23:24:58.043664","Con limón aparte.","347","1","471"
"568",True,"2025-01-17 14:45:21.523808","","189","1","472"
"569",True,"2024-06-14 22:28:45.998517","Dividir el plato.","215","1","473"
"570",True,"2024-07-12 15:16:33.502975","Servir en dos platos.","68","1","474"
"571",True,"2024-12-15 20:55:00.643368","Agregar salsa extra.","293","1","475"
"572",True,"2024-08-12 14:49:52.068165","Plato para compartir.","69","1","476"
"573",True,"2024-12-09 15:30:31.531148","No añadir mayonesa.","130","1","477"
"574",True,"2025-06-02 00:00:00","No añadir mayonesa.","237","1","478"
"575",True,"2024-08-21 16:19:45.5192","","296","1","479"
"576",True,"2024-10-27 14:57:55.607581","Servir en dos platos.","239","1","480"
"577",True,"2024-06-06 22:08:40.135768","No añadir mayonesa.","290","1","481"
"578",True,"2024-08-04 12:31:38.251426","Sin cebolla, por favor.","54","1","482"
"579",True,"2025-06-02 00:00:00","Servir en dos platos.","228","1","483"
"580",True,"2023-09-01 21:08:09.504614","Servir en dos platos.","169","1","484"
"581",True,"2023-09-01 21:46:05.940051","Plato para compartir.","276","1","484"
"582",True,"2025-06-02 00:00:00","Sin cebolla, por favor.","189","1","485"
"583",True,"2024-07-26 14:04:20.885077","Servir bien caliente.","153","1","486"
"584",True,"2025-02-14 21:32:20.540264","Sin cebolla, por favor.","90","1","487"
"585",True,"2023-12-08 21:51:07.956793","Poco picante.","280","1","488"
"586",True,"2024-11-22 22:11:32.845129","Usar queso sin lactosa.","173","1","489"
"587",True,"2024-05-31 22:11:00.096826","Entrega rápida.","226","1","490"
"588",True,"2023-09-01 19:57:47.50071","Agregar cubiertos adicionales.","181","1","491"
"589",True,"2024-11-15 22:57:16.543563","Dividir el plato.","180","1","492"
"590",True,"2024-02-24 14:49:08.580513","Dividir el plato.","358","1","493"
"591",True,"2024-02-24 15:17:37.542013","Usar queso sin lactosa.","205","1","493"
"592",True,"2023-12-08 14:52:34.63805","Sin cebolla, por favor.","219","1","494"
"593",True,"2023-12-08 14:27:23.005992","No añadir mayonesa.","117","1","494"
"594",True,"2025-06-02 00:00:00","Plato para compartir.","362","1","495"
"595",True,"2023-11-17 13:20:03.713643","Entrega rápida.","299","1","496"
"596",True,"2023-08-11 21:46:04.498479","Entrega rápida.","144","1","497"
"597",True,"2025-06-02 00:00:00","Dividir el plato.","209","1","498"
"598",True,"2023-07-06 21:41:36.124291","Cocinar bien la carne.","121","1","499"
"599",True,"2023-08-10 15:43:42.7431","Entrega rápida.","120","1","500"
"600",True,"2023-09-08 21:50:00.227214","Agregar cubiertos adicionales.","198","1","501"
"601",True,"2024-09-09 14:34:41.897275","Plato para compartir.","140","1","502"
"602",True,"2024-05-15 17:00:26.993245","Con limón aparte.","240","1","503"
"603",True,"2024-05-15 15:18:43.850175","Cocinar bien la carne.","81","1","503"
"604",True,"2024-06-28 15:25:44.040183","Sin cebolla, por favor.","363","1","504"
"605",True,"2024-02-23 14:46:55.973484","Entrega rápida.","166","1","505"
"606",True,"2024-02-23 14:44:15.404798","Plato para compartir.","136","1","505"
"607",True,"2024-11-15 15:11:06.904949","Con limón aparte.","131","1","506"
"608",True,"2024-12-04 16:08:51.921605","Sin aderezo.","233","1","507"
"609",True,"2024-01-28 14:20:31.387099","Preparar como la vez pasada.","104","1","508"
"610",True,"2024-01-28 13:33:38.844532","","64","1","508"
"611",True,"2023-10-02 23:20:50.783391","Poco picante.","64","1","509"
"612",True,"2024-10-11 20:57:00.129068","Servir en dos platos.","193","1","510"
"613",True,"2024-12-15 21:40:24.296334","Plato para compartir.","147","1","511"
"614",True,"2024-09-12 21:15:30.791968","No añadir mayonesa.","254","1","512"
"615",True,"2024-05-03 13:45:28.370606","Sin aderezo.","69","1","513"
"616",True,"2024-10-25 17:02:49.529418","Preparar como la vez pasada.","74","1","514"
"617",True,"2025-01-11 22:52:44.639664","Entrega rápida.","270","1","515"
"618",True,"2025-01-11 23:26:13.571225","Sin cebolla, por favor.","148","1","515"
"619",True,"2023-08-03 20:55:20.522964","Cocinar bien la carne.","304","1","516"
"620",True,"2024-10-18 21:08:34.729528","Dividir el plato.","184","1","517"
"621",True,"2024-12-01 14:35:26.680446","No incluir pan.","48","1","518"
"622",True,"2024-08-02 20:12:22.594402","Sin cebolla, por favor.","270","1","519"
"623",True,"2024-05-31 22:16:14.582193","Preparar como la vez pasada.","195","1","520"
"624",True,"2023-11-20 21:25:51.236847","Evitar ingredientes crudos.","349","1","521"
"625",True,"2024-05-24 16:09:31.292811","","65","1","522"
"626",True,"2024-05-24 14:53:46.995902","Sin cebolla, por favor.","291","1","522"
"627",True,"2024-06-07 19:49:53.043203","Cocinar bien la carne.","323","1","523"
"628",True,"2025-04-11 22:00:21.205458","Cocinar bien la carne.","204","1","524"
"629",True,"2024-12-20 22:10:07.734194","Agregar cubiertos adicionales.","352","1","525"
"630",True,"2024-04-19 20:00:51.364228","Agregar salsa extra.","285","1","526"
"631",True,"2025-04-11 19:29:12.987212","Servir en dos platos.","182","1","527"
"632",True,"2025-04-11 22:23:47.388963","","125","1","527"
"633",True,"2023-10-18 14:39:02.492164","Usar queso sin lactosa.","126","1","528"
"634",True,"2024-07-24 19:54:20.196837","Usar queso sin lactosa.","301","1","529"
"635",True,"2024-11-18 15:45:25.342843","Agregar cubiertos adicionales.","282","1","530"
"636",True,"2024-04-05 15:56:46.165752","Cocinar bien la carne.","96","1","531"
"637",True,"2024-12-27 22:51:31.11564","Dividir el plato.","239","1","532"
"638",True,"2023-08-25 21:39:49.477812","Cocinar bien la carne.","357","1","533"
"639",True,"2024-08-02 14:03:54.874117","Poco picante.","75","1","534"
"640",True,"2023-12-15 21:00:42.743522","Evitar ingredientes crudos.","196","1","535"
"641",True,"2023-08-16 13:41:31.989167","Agregar salsa extra.","207","1","536"
"642",True,"2024-07-18 14:18:58.661974","Poco picante.","272","1","537"
"643",True,"2023-12-15 20:19:03.822276","Dividir el plato.","210","1","538"
"644",True,"2024-06-30 21:58:58.353097","Servir en dos platos.","287","1","539"
"645",True,"2024-10-04 15:44:48.124288","Poco picante.","80","1","540"
"646",True,"2024-08-16 14:02:09.148331","Servir bien caliente.","176","1","541"
"647",True,"2024-05-03 20:41:40.52128","Cocinar bien la carne.","143","1","542"
"648",True,"2025-05-09 12:51:22.372417","Sin cebolla, por favor.","239","1","543"
"649",True,"2025-05-09 13:02:18.294455","No incluir pan.","237","1","543"
"650",True,"2025-05-09 13:31:29.505931","No añadir mayonesa.","337","1","543"
"651",True,"2023-08-04 20:56:04.216787","Preparar como la vez pasada.","248","1","544"
"652",True,"2024-08-24 19:33:35.576995","Agregar salsa extra.","162","1","545"
"653",True,"2024-12-27 14:11:09.599006","Servir en dos platos.","138","1","546"
"654",True,"2024-12-27 14:34:17.626679","Servir en dos platos.","189","1","546"
"655",True,"2023-08-11 14:48:41.04402","No incluir pan.","84","1","547"
"656",True,"2023-06-21 21:45:10.948409","Usar queso sin lactosa.","155","1","548"
"657",True,"2023-12-15 20:30:44.059892","Agregar cubiertos adicionales.","243","1","549"
"658",True,"2024-07-18 14:50:52.719024","Con limón aparte.","337","1","550"
"659",True,"2025-01-06 20:59:02.940079","Sin aderezo.","214","1","551"
"660",True,"2025-01-06 20:36:53.344794","","379","1","551"
"661",True,"2025-06-02 00:00:00","Cocinar bien la carne.","71","1","552"
"662",True,"2025-06-02 00:00:00","Agregar salsa extra.","51","1","552"
"663",True,"2025-06-02 00:00:00","Sin cebolla, por favor.","312","1","552"
"664",True,"2024-06-07 20:21:11.570931","Evitar ingredientes crudos.","170","1","553"
"665",True,"2023-08-13 14:37:53.207269","Entrega rápida.","284","1","554"
"666",True,"2023-12-22 22:50:41.805576","Dividir el plato.","133","1","555"
"667",True,"2025-04-25 14:27:25.972042","No incluir pan.","210","1","556"
"668",True,"2025-04-25 12:37:40.735673","Usar queso sin lactosa.","113","1","556"
"669",True,"2024-11-29 16:05:33.019597","Con limón aparte.","310","1","557"
"670",True,"2024-07-28 22:11:47.502103","Con limón aparte.","186","1","558"
"671",True,"2024-06-04 20:41:52.010782","Agregar cubiertos adicionales.","353","1","559"
"672",True,"2024-06-04 20:53:21.109334","Plato para compartir.","86","1","559"
"673",True,"2024-11-15 14:10:29.030467","Evitar ingredientes crudos.","176","1","560"
"674",True,"2024-12-20 21:04:10.074934","Poco picante.","155","1","561"
"675",True,"2024-08-11 14:37:39.950576","","219","1","562"
"676",True,"2024-12-29 22:13:59.051689","Servir bien caliente.","264","1","563"
"677",True,"2023-08-21 16:34:48.857547","Preparar como la vez pasada.","150","1","564"
"678",True,"2025-03-31 23:35:25.219917","Servir en dos platos.","416","1","565"
"679",True,"2024-12-06 21:51:51.48963","Cocinar bien la carne.","223","1","566"
"680",True,"2024-01-19 14:24:27.925769","Poco picante.","248","1","567"
"681",True,"2024-03-01 22:56:31.751058","Servir en dos platos.","124","1","568"
"682",True,"2024-03-01 22:16:51.442314","Usar queso sin lactosa.","184","1","568"
"683",True,"2025-04-04 21:54:02.874499","Poco picante.","217","1","569"
"684",True,"2023-09-25 15:49:45.510664","No incluir pan.","333","1","570"
"685",True,"2023-11-22 20:45:30.337142","","136","1","571"
"686",True,"2023-11-22 19:52:44.958533","Plato para compartir.","248","1","571"
"687",True,"2023-11-22 20:21:04.161945","Agregar cubiertos adicionales.","214","1","571"
"688",True,"2023-11-08 13:08:29.351452","Servir en dos platos.","94","1","572"
"689",True,"2024-03-22 14:04:44.443144","Poco picante.","205","1","573"
"690",True,"2023-12-29 21:26:19.487467","Servir en dos platos.","170","1","574"
"691",True,"2024-06-21 13:28:07.240487","Agregar salsa extra.","263","1","575"
"692",True,"2025-06-02 00:00:00","Sin cebolla, por favor.","277","1","576"
"693",True,"2025-03-28 21:29:56.026835","Servir bien caliente.","268","1","577"
"694",True,"2023-12-22 21:02:32.215991","Agregar cubiertos adicionales.","209","1","578"
"695",True,"2024-08-18 21:40:08.785619","Dividir el plato.","123","1","579"
"696",True,"2025-03-07 13:04:47.925292","No añadir mayonesa.","126","1","580"
"697",True,"2025-04-04 21:48:02.894276","Poco picante.","268","1","581"
"698",True,"2025-01-10 21:19:26.344272","Sin cebolla, por favor.","145","1","582"
"699",True,"2025-01-10 22:02:25.874155","","226","1","582"
"700",True,"2023-10-27 22:13:36.729929","Evitar ingredientes crudos.","170","1","583"
"701",True,"2023-10-27 22:09:20.030913","Entrega rápida.","141","1","583"
"702",True,"2025-04-03 15:03:57.806464","No añadir mayonesa.","96","1","584"
"703",True,"2024-07-22 17:45:27.613064","Poco picante.","124","1","585"
"704",True,"2025-06-02 00:00:00","Agregar cubiertos adicionales.","283","1","586"
"705",True,"2025-06-02 00:00:00","Entrega rápida.","208","1","587"
"706",True,"2025-06-02 00:00:00","Preparar como la vez pasada.","203","1","588"
"707",True,"2024-12-04 14:33:33.682448","Agregar cubiertos adicionales.","82","1","589"
"708",True,"2024-12-04 13:54:47.780191","Poco picante.","234","1","589"
"709",True,"2025-05-09 14:06:06.466588","No añadir mayonesa.","272","1","590"
"710",True,"2024-07-09 21:32:24.185244","Servir en dos platos.","253","1","591"
"711",True,"2024-11-22 13:51:19.076427","Dividir el plato.","176","1","592"
"712",True,"2024-12-27 12:23:56.531964","Plato para compartir.","97","1","593"
"713",True,"2024-07-21 00:10:02.185306","Evitar ingredientes crudos.","50","1","594"
"714",True,"2023-12-03 22:26:56.898246","","115","1","595"
"715",True,"2024-09-13 15:42:39.75675","Poco picante.","290","1","596"
"716",True,"2023-09-08 15:49:18.985892","Servir en dos platos.","183","1","597"
"717",True,"2023-09-08 15:52:42.296521","Entrega rápida.","303","1","597"
"718",True,"2024-07-28 15:10:59.096198","Sin cebolla, por favor.","153","1","598"
"719",True,"2023-12-02 15:04:32.507091","Sin cebolla, por favor.","280","1","599"
"720",True,"2023-09-30 14:15:56.59117","Servir bien caliente.","195","1","600"
"721",True,"2024-12-09 19:28:42.547646","Con limón aparte.","156","1","601"
"722",True,"2023-08-22 20:34:21.556003","No incluir pan.","198","1","602"
"723",True,"2023-11-03 14:10:35.908717","Plato para compartir.","88","1","603"
"724",True,"2023-07-28 14:06:14.332281","Evitar ingredientes crudos.","204","1","604"
"725",True,"2024-09-10 13:37:39.902622","Cocinar bien la carne.","122","1","605"
"726",True,"2024-08-12 19:21:38.745176","Agregar salsa extra.","202","1","606"
"727",True,"2024-07-22 13:44:42.683689","Sin cebolla, por favor.","225","1","607"
"728",True,"2024-08-12 20:40:09.772393","Usar queso sin lactosa.","198","1","608"
"729",True,"2024-08-12 22:56:42.874114","Usar queso sin lactosa.","230","1","608"
"730",True,"2024-11-15 14:24:14.138081","Sin aderezo.","137","1","609"
"731",True,"2023-06-30 22:58:48.358946","","116","1","610"
"732",True,"2023-06-30 22:55:52.954504","Sin aderezo.","254","1","610"
"733",True,"2024-05-10 14:07:39.092886","No añadir mayonesa.","40","1","611"
"734",True,"2024-04-12 12:26:34.979991","Poco picante.","81","1","612"
"735",True,"2023-12-01 23:27:05.804869","Poco picante.","144","1","613"
"736",True,"2024-10-11 21:22:23.932582","Usar queso sin lactosa.","206","1","614"
"737",True,"2024-11-22 15:38:18.393747","Servir en dos platos.","278","1","615"
"738",True,"2023-08-08 14:14:30.320167","Plato para compartir.","221","1","616"
"739",True,"2023-12-15 17:09:17.594103","Dividir el plato.","160","1","617"
"740",True,"2023-12-15 15:04:02.615972","Agregar cubiertos adicionales.","130","1","617"
"741",True,"2024-10-22 14:45:40.788428","No añadir mayonesa.","152","1","618"
"742",True,"2023-12-25 14:12:39.133188","Servir bien caliente.","86","1","619"
"743",True,"2024-11-22 15:16:23.110142","No incluir pan.","158","1","620"
"744",True,"2024-09-20 13:16:55.504498","Con limón aparte.","213","1","621"
"745",True,"2023-07-21 21:41:30.552523","Servir en dos platos.","144","1","622"
"746",True,"2024-12-26 16:34:17.979996","Preparar como la vez pasada.","63","1","623"
"747",True,"2023-09-29 20:59:24.716903","Preparar como la vez pasada.","181","1","624"
"748",True,"2025-05-23 14:20:02.794027","Servir en dos platos.","258","1","625"
"749",True,"2023-07-28 21:57:37.015492","Usar queso sin lactosa.","210","1","626"
"750",True,"2025-05-23 23:06:09.028627","Usar queso sin lactosa.","185","1","627"
"751",True,"2025-06-01 14:08:20.809307","Servir bien caliente.","165","1","628"
"752",True,"2023-09-15 23:27:19.230483","Servir bien caliente.","96","1","629"
"753",True,"2023-09-15 22:50:09.063335","Sin aderezo.","267","1","629"
"754",True,"2024-06-14 23:00:04.161261","","154","1","630"
"755",True,"2024-06-14 22:23:57.548367","No añadir mayonesa.","349","1","630"
"756",True,"2023-07-07 21:02:54.856118","Plato para compartir.","203","1","631"
"757",True,"2024-11-08 13:45:50.846982","Preparar como la vez pasada.","303","1","632"
"758",True,"2024-07-19 13:55:37.012721","Cocinar bien la carne.","224","1","633"
"759",True,"2025-05-16 21:03:40.677775","Servir en dos platos.","240","1","634"
"760",True,"2025-05-16 21:35:49.12213","Con limón aparte.","283","1","634"
"761",True,"2025-05-30 22:14:20.334414","Servir en dos platos.","172","1","635"
"762",True,"2024-07-26 23:18:12.509569","Dividir el plato.","332","1","636"
"763",True,"2023-10-22 22:45:55.714405","Usar queso sin lactosa.","173","1","637"
"764",True,"2024-07-05 15:30:23.861878","Sin cebolla, por favor.","228","1","638"
"765",True,"2024-05-19 22:09:46.325066","Agregar cubiertos adicionales.","88","1","639"
"766",True,"2024-12-15 22:38:14.886103","No incluir pan.","147","1","640"
"767",True,"2024-02-02 22:38:11.502789","Evitar ingredientes crudos.","222","1","641"
"768",True,"2025-06-02 00:00:00","Plato para compartir.","139","1","642"
"769",True,"2025-06-02 00:00:00","No añadir mayonesa.","152","1","643"
"770",True,"2023-10-20 20:59:37.838847","Agregar salsa extra.","138","1","644"
"771",True,"2024-09-13 20:18:03.628859","No añadir mayonesa.","104","1","645"
"772",True,"2024-12-30 20:59:02.996071","Plato para compartir.","288","1","646"
"773",True,"2024-12-30 20:51:56.536916","Servir en dos platos.","50","1","646"
"774",True,"2024-12-30 21:07:11.280803","Agregar salsa extra.","183","1","646"
"775",True,"2023-09-29 14:06:32.91804","Plato para compartir.","134","1","647"
"776",True,"2024-08-18 22:29:12.444567","","285","1","648"
"777",True,"2025-02-21 13:38:43.833365","Plato para compartir.","229","1","649"
"778",True,"2024-08-09 15:17:58.031487","Servir bien caliente.","236","1","650"
"779",True,"2023-08-03 20:13:37.274625","Usar queso sin lactosa.","202","1","651"
"780",True,"2023-08-25 14:29:59.756508","Servir bien caliente.","112","1","652"
"781",True,"2023-08-25 15:31:08.553912","No incluir pan.","87","1","652"
"782",True,"2023-08-25 15:20:28.37984","Sin aderezo.","331","1","652"
"783",True,"2025-02-14 14:15:07.4659","Preparar como la vez pasada.","187","1","653"
"784",True,"2024-10-11 14:37:59.843468","Poco picante.","184","1","654"
"785",True,"2024-10-21 21:01:12.741556","Evitar ingredientes crudos.","277","1","655"
"786",True,"2023-07-27 13:06:32.180692","","61","1","656"
"787",True,"2023-07-27 13:01:16.730574","Plato para compartir.","211","1","656"
"788",True,"2024-06-24 14:47:19.915439","Evitar ingredientes crudos.","100","1","657"
"789",True,"2024-06-27 21:49:10.844146","Dividir el plato.","166","1","658"
"790",True,"2025-02-16 14:44:12.389494","Servir bien caliente.","170","1","659"
"791",True,"2025-06-02 00:00:00","Plato para compartir.","121","1","660"
"792",True,"2023-08-11 14:29:33.769075","Con limón aparte.","90","1","661"
"793",True,"2023-08-11 13:49:23.628639","Entrega rápida.","187","1","661"
"794",True,"2023-08-11 13:22:42.485469","No añadir mayonesa.","45","1","661"
"795",True,"2023-07-07 22:24:24.918156","Preparar como la vez pasada.","105","1","662"
"796",True,"2023-08-30 00:13:44.546338","Agregar salsa extra.","145","1","663"
"797",True,"2023-08-29 21:58:58.361356","Poco picante.","121","1","663"
"798",True,"2025-06-02 00:00:00","Sin cebolla, por favor.","241","1","664"
"799",True,"2025-05-10 14:44:32.961224","Servir bien caliente.","415","1","665"
"800",True,"2024-08-07 14:04:25.295311","No añadir mayonesa.","200","1","666"
"801",True,"2023-12-01 21:30:34.103283","Sin aderezo.","376","1","667"
"802",True,"2024-12-23 22:55:37.162665","Poco picante.","269","1","668"
"803",True,"2024-12-23 23:05:45.094768","Servir bien caliente.","65","1","668"
"804",True,"2023-07-10 22:48:03.48034","Usar queso sin lactosa.","109","1","669"
"805",True,"2024-10-04 12:44:07.076827","Usar queso sin lactosa.","89","1","670"
"806",True,"2024-05-08 21:58:53.195459","Usar queso sin lactosa.","197","1","671"
"807",True,"2024-07-24 20:58:38.267206","Dividir el plato.","187","1","672"
"808",True,"2024-10-18 21:29:08.691523","No añadir mayonesa.","180","1","673"
"809",True,"2024-10-18 22:10:41.659274","Plato para compartir.","154","1","673"
"810",True,"2023-08-05 21:02:39.946948","Preparar como la vez pasada.","295","1","674"
"811",True,"2024-05-17 13:18:33.533446","Plato para compartir.","133","1","675"
"812",True,"2025-04-26 22:05:19.754312","Agregar cubiertos adicionales.","96","1","676"
"813",True,"2024-09-26 15:01:49.586059","Plato para compartir.","163","1","677"
"814",True,"2024-09-26 15:50:52.407265","Servir en dos platos.","120","1","677"
"815",True,"2023-12-15 13:51:05.485838","Servir bien caliente.","162","1","678"
"816",True,"2024-08-16 21:48:22.753862","Agregar cubiertos adicionales.","188","1","679"
"817",True,"2024-04-26 13:42:01.975002","Sin cebolla, por favor.","344","1","680"
"818",True,"2023-11-21 21:58:20.939303","","313","1","681"
"819",True,"2023-11-10 12:01:57.992731","Preparar como la vez pasada.","166","1","682"
"820",True,"2025-06-02 00:00:00","Servir bien caliente.","103","1","683"
"821",True,"2025-02-07 13:55:25.961291","Sin aderezo.","110","1","684"
"822",True,"2023-12-15 13:45:28.460896","Con limón aparte.","367","1","685"
"823",True,"2024-09-19 14:41:00.748742","Poco picante.","471","1","686"
"824",True,"2024-10-25 13:28:39.581612","Agregar cubiertos adicionales.","127","1","687"
"825",True,"2025-02-22 14:27:55.338157","Servir bien caliente.","307","1","688"
"826",True,"2023-07-07 15:26:37.734879","","110","1","689"
"827",True,"2024-01-23 13:19:19.909725","Evitar ingredientes crudos.","229","1","690"
"828",True,"2023-08-18 19:25:59.497286","Con limón aparte.","220","1","691"
"829",True,"2023-08-20 15:08:57.717531","Preparar como la vez pasada.","126","1","692"
"830",True,"2023-08-20 15:27:30.164591","Plato para compartir.","260","1","692"
"831",True,"2023-10-20 20:59:49.383474","Agregar salsa extra.","88","1","693"
"832",True,"2025-03-16 20:39:02.839438","Servir bien caliente.","96","1","694"
"833",True,"2025-01-31 13:04:51.695203","Preparar como la vez pasada.","120","1","695"
"834",True,"2024-08-23 21:04:52.389686","No añadir mayonesa.","84","1","696"
"835",True,"2023-07-13 20:04:54.071769","Poco picante.","164","1","697"
"836",True,"2024-02-09 22:35:15.719263","Sin cebolla, por favor.","222","1","698"
"837",True,"2024-02-09 23:03:16.062252","Con limón aparte.","280","1","698"
"838",True,"2025-06-02 00:00:00","Servir en dos platos.","43","1","699"
"839",True,"2024-12-13 19:50:07.626642","Dividir el plato.","280","1","700"
"840",True,"2025-03-07 15:25:02.361071","Sin cebolla, por favor.","82","1","701"
"841",True,"2025-05-09 22:33:52.710938","Servir bien caliente.","132","1","702"
"842",True,"2023-07-28 20:09:16.131101","No incluir pan.","98","1","703"
"843",True,"2024-12-27 16:18:35.633888","Servir en dos platos.","141","1","704"
"844",True,"2024-01-19 22:12:42.593043","Preparar como la vez pasada.","96","1","705"
"845",True,"2024-10-11 21:39:57.036153","","252","1","706"
"846",True,"2024-09-06 22:24:17.875877","Preparar como la vez pasada.","102","1","707"
"847",True,"2023-09-01 14:38:34.578121","Evitar ingredientes crudos.","217","1","708"
"848",True,"2023-12-29 17:20:58.568112","Evitar ingredientes crudos.","304","1","709"
"849",True,"2024-08-09 15:19:22.626054","Plato para compartir.","185","1","710"
"850",True,"2024-08-02 15:49:48.171169","Agregar salsa extra.","266","1","711"
"851",True,"2024-04-12 15:38:21.228599","Cocinar bien la carne.","202","1","712"
"852",True,"2023-11-03 15:55:17.648596","Servir en dos platos.","165","1","713"
"853",True,"2025-05-27 14:18:13.650454","Sin cebolla, por favor.","112","1","714"
"854",True,"2024-08-30 21:28:27.326801","Evitar ingredientes crudos.","50","1","715"
"855",True,"2024-08-06 13:28:31.539498","Sin aderezo.","132","1","716"
"856",True,"2024-12-13 21:35:19.561636","Usar queso sin lactosa.","55","1","717"
"857",True,"2025-01-10 00:31:36.713487","Usar queso sin lactosa.","69","1","718"
"858",True,"2023-07-14 14:47:17.577642","Servir en dos platos.","182","1","719"
"859",True,"2023-07-14 14:44:58.541538","Cocinar bien la carne.","77","1","719"
"860",True,"2023-09-08 15:13:34.17761","Poco picante.","209","1","720"
"861",True,"2023-12-22 21:11:54.320044","Evitar ingredientes crudos.","170","1","721"
"862",True,"2024-10-18 13:54:35.556959","Cocinar bien la carne.","264","1","722"
"863",True,"2024-06-21 14:53:45.035487","No añadir mayonesa.","248","1","723"
"864",True,"2024-08-30 19:50:27.832707","Sin cebolla, por favor.","157","1","724"
"865",True,"2024-04-12 16:40:40.281359","Poco picante.","111","1","725"
"866",True,"2024-04-12 15:30:47.514008","Evitar ingredientes crudos.","87","1","725"
"867",True,"2024-07-25 14:42:17.405614","Agregar salsa extra.","306","1","726"
"868",True,"2024-06-28 15:42:16.839888","Poco picante.","129","1","727"
"869",True,"2023-06-09 23:01:21.207749","Usar queso sin lactosa.","181","1","728"
"870",True,"2024-10-17 13:28:57.717553","No añadir mayonesa.","258","1","729"
"871",True,"2025-01-17 15:28:19.206441","Agregar salsa extra.","78","1","730"
"872",True,"2024-06-21 15:49:10.85","Sin cebolla, por favor.","261","1","731"
"873",True,"2024-08-08 00:22:19.745324","Agregar salsa extra.","70","1","732"
"874",True,"2024-11-15 13:16:40.641783","Con limón aparte.","238","1","733"
"875",True,"2024-03-05 13:10:55.531661","No incluir pan.","118","1","734"
"876",True,"2024-11-15 20:29:01.459523","Dividir el plato.","220","1","735"
"877",True,"2023-12-12 00:33:31.237412","Sin cebolla, por favor.","113","1","736"
"878",True,"2023-12-11 23:34:54.584726","Agregar cubiertos adicionales.","243","1","736"
"879",True,"2024-08-02 14:51:18.689084","","87","1","737"
"880",True,"2025-02-07 15:16:28.495863","Servir en dos platos.","160","1","738"
"881",True,"2023-07-11 14:18:39.457409","Servir bien caliente.","88","1","739"
"882",True,"2023-08-25 19:32:37.421969","Evitar ingredientes crudos.","228","1","740"
"883",True,"2024-07-27 14:48:56.877226","Sin aderezo.","240","1","741"
"884",True,"2025-06-02 00:00:00","Poco picante.","272","1","742"
"885",True,"2025-06-02 00:00:00","Agregar salsa extra.","199","1","742"
"886",True,"2024-05-31 22:57:11.96991","Agregar cubiertos adicionales.","91","1","743"
"887",True,"2024-08-29 15:41:34.450122","Con limón aparte.","187","1","744"
"888",True,"2024-08-29 14:05:27.500648","Con limón aparte.","47","1","744"
"889",True,"2024-10-30 21:42:33.841891","Sin aderezo.","60","1","745"
"890",True,"2024-06-28 21:08:00.477655","Agregar cubiertos adicionales.","102","1","746"
"891",True,"2024-10-21 21:34:30.522543","Entrega rápida.","190","1","747"
"892",True,"2024-09-11 20:43:40.788648","Cocinar bien la carne.","139","1","748"
"893",True,"2024-10-01 13:46:01.751831","Dividir el plato.","96","1","749"
"894",True,"2023-10-06 21:02:06.358597","Agregar cubiertos adicionales.","104","1","750"
"895",True,"2024-06-08 20:55:46.145715","Sin aderezo.","204","1","751"
"896",True,"2024-03-13 22:37:11.661499","Agregar salsa extra.","219","1","752"
"897",True,"2024-10-01 20:53:59.680766","Cocinar bien la carne.","223","1","753"
"898",True,"2024-07-16 13:48:34.528455","Preparar como la vez pasada.","177","1","754"
"899",True,"2023-12-08 13:27:52.06901","No incluir pan.","228","1","755"
"900",True,"2024-09-27 20:20:06.115574","Entrega rápida.","111","1","756"
"901",True,"2023-07-04 13:13:07.067476","Cocinar bien la carne.","258","1","757"
"902",True,"2023-07-14 16:40:46.731396","Agregar cubiertos adicionales.","213","1","758"
"903",True,"2024-10-13 20:20:25.287562","Servir bien caliente.","168","1","759"
"904",True,"2024-12-01 21:58:39.868656","Dividir el plato.","266","1","760"
"905",True,"2023-08-04 16:18:32.234521","Sin cebolla, por favor.","67","1","761"
"906",True,"2024-08-16 16:05:06.011299","Agregar salsa extra.","306","1","762"
"907",True,"2025-05-09 14:51:51.200374","No incluir pan.","198","1","763"
"908",True,"2025-01-03 14:27:48.166033","Servir en dos platos.","157","1","764"
"909",True,"2024-05-03 15:01:14.83753","No añadir mayonesa.","112","1","765"
"910",True,"2023-11-19 19:13:22.959562","Entrega rápida.","211","1","766"
"911",True,"2024-12-06 14:41:06.279606","Preparar como la vez pasada.","264","1","767"
"912",True,"2025-06-02 00:00:00","Usar queso sin lactosa.","297","1","768"
"913",True,"2025-06-02 00:00:00","Sin cebolla, por favor.","415","1","768"
"914",True,"2024-10-30 20:54:53.323802","Servir bien caliente.","179","1","769"
"915",True,"2023-06-21 15:18:39.352163","Con limón aparte.","259","1","770"
"916",True,"2025-06-02 00:00:00","Usar queso sin lactosa.","42","1","771"
"917",True,"2024-07-26 13:13:30.476124","Servir bien caliente.","142","1","772"
"918",True,"2024-07-19 12:56:08.259919","No incluir pan.","97","1","773"
"919",True,"2024-12-26 13:22:07.025166","Poco picante.","168","1","774"
"920",True,"2025-04-11 14:06:06.901077","Agregar salsa extra.","163","1","775"
"921",True,"2023-08-06 15:13:04.264653","Poco picante.","227","1","776"
"922",True,"2023-08-06 15:06:12.720343","","243","1","776"
"923",True,"2025-01-06 21:46:25.511129","Con limón aparte.","352","1","777"
"924",True,"2025-01-06 22:51:31.835074","Plato para compartir.","138","1","777"
"925",True,"2024-07-22 14:38:21.883925","Plato para compartir.","246","1","778"
"926",True,"2024-08-12 20:29:42.7019","Dividir el plato.","147","1","779"
"927",True,"2025-05-18 20:13:33.239884","Sin cebolla, por favor.","327","1","780"
"928",True,"2024-06-07 15:23:07.758267","No añadir mayonesa.","183","1","781"
"929",True,"2025-05-09 15:38:00.940781","Preparar como la vez pasada.","69","1","782"
"930",True,"2024-11-30 19:50:15.87595","Dividir el plato.","261","1","783"
"931",True,"2024-02-02 14:21:31.854967","Cocinar bien la carne.","101","1","784"
"932",True,"2024-03-08 20:12:53.217242","","173","1","785"
"933",True,"2023-09-12 21:03:11.168593","Servir bien caliente.","167","1","786"
"934",True,"2024-09-08 22:20:36.017669","Preparar como la vez pasada.","187","1","787"
"935",True,"2023-12-23 12:16:49.574102","Preparar como la vez pasada.","141","1","788"
"936",True,"2024-04-26 13:37:43.549156","Usar queso sin lactosa.","232","1","789"
"937",True,"2023-12-22 20:23:28.318842","No añadir mayonesa.","130","1","790"
"938",True,"2023-06-23 22:04:50.662956","","191","1","791"
"939",True,"2024-08-25 21:39:53.254885","Servir en dos platos.","85","1","792"
"940",True,"2023-06-16 22:04:07.246304","Evitar ingredientes crudos.","124","1","793"
"941",True,"2024-03-22 20:17:41.488799","Con limón aparte.","345","1","794"
"942",True,"2024-08-09 12:54:13.142347","Servir bien caliente.","29","1","795"
"943",True,"2024-06-14 13:38:15.769668","Sin aderezo.","121","1","796"
"944",True,"2025-05-09 21:50:11.30931","Dividir el plato.","98","1","797"
"945",True,"2024-05-07 16:29:16.27982","Agregar cubiertos adicionales.","127","1","798"
"946",True,"2023-06-09 14:25:56.359843","Servir bien caliente.","197","1","799"
"947",True,"2024-02-23 14:58:34.627361","Dividir el plato.","146","1","800"
"948",True,"2024-07-23 20:14:39.432655","Plato para compartir.","229","1","801"
"949",True,"2024-08-17 21:09:02.085147","Evitar ingredientes crudos.","329","1","802"
"950",True,"2024-12-22 19:06:50.353894","Con limón aparte.","136","1","803"
"951",True,"2024-02-23 15:38:40.537931","Agregar cubiertos adicionales.","118","1","804"
"952",True,"2024-02-23 15:39:31.434741","Cocinar bien la carne.","162","1","804"
"953",True,"2024-09-13 13:46:10.236245","Con limón aparte.","231","1","805"
"954",True,"2024-11-03 22:00:46.943229","Agregar salsa extra.","299","1","806"
"955",True,"2024-08-01 19:43:21.659295","Evitar ingredientes crudos.","188","1","807"
"956",True,"2024-07-12 14:11:08.346507","Plato para compartir.","290","1","808"
"957",True,"2024-12-08 13:28:48.211357","Usar queso sin lactosa.","117","1","809"
"958",True,"2024-01-04 15:40:39.028104","Sin cebolla, por favor.","290","1","810"
"959",True,"2023-08-08 13:25:16.578127","Dividir el plato.","177","1","811"
"960",True,"2023-10-07 00:09:32.555225","","265","1","812"
"961",True,"2024-06-03 20:22:37.30444","","157","1","813"
"962",True,"2024-12-29 20:05:38.902362","Entrega rápida.","126","1","814"
"963",True,"2024-11-08 14:47:02.819947","Agregar salsa extra.","52","1","815"
"964",True,"2024-08-29 14:40:00.95703","Con limón aparte.","206","1","816"
"965",True,"2024-11-22 22:37:48.287842","Poco picante.","146","1","817"
"966",True,"2023-09-08 15:01:48.143384","Plato para compartir.","83","1","818"
"967",True,"2025-04-11 19:16:58.277554","Sin cebolla, por favor.","129","1","819"
"968",True,"2025-01-23 21:07:27.729773","Con limón aparte.","156","1","820"
"969",True,"2023-08-21 21:55:58.245911","Dividir el plato.","277","1","821"
"970",True,"2023-11-24 21:01:08.487907","Dividir el plato.","151","1","822"
"971",True,"2024-04-07 16:39:03.539538","Agregar salsa extra.","247","1","823"
"972",True,"2023-07-01 15:19:30.764505","No añadir mayonesa.","101","1","824"
"973",True,"2025-06-02 00:00:00","Servir en dos platos.","158","1","825"
"974",True,"2024-08-09 15:44:36.453029","","267","1","826"
"975",True,"2024-12-06 20:17:03.652839","Sin cebolla, por favor.","263","1","827"
"976",True,"2025-01-17 15:30:31.443823","Usar queso sin lactosa.","68","1","828"
"977",True,"2024-11-29 21:09:14.095023","Sin aderezo.","141","1","829"
"978",True,"2025-02-28 21:46:17.555229","Agregar cubiertos adicionales.","116","1","830"
"979",True,"2024-08-23 23:20:08.429437","Dividir el plato.","125","1","831"
"980",True,"2024-08-23 22:45:23.124045","No incluir pan.","306","1","831"
"981",True,"2023-10-14 21:42:01.072699","Cocinar bien la carne.","177","1","832"
"982",True,"2023-12-14 14:21:09.426096","Plato para compartir.","45","1","833"
"983",True,"2023-09-13 19:46:48.697608","Agregar cubiertos adicionales.","273","1","834"
"984",True,"2023-09-13 19:45:36.284164","Plato para compartir.","128","1","834"
"985",True,"2024-12-01 12:51:53.562825","Usar queso sin lactosa.","331","1","835"
"986",True,"2024-10-18 14:51:23.14068","Servir en dos platos.","170","1","836"
"987",True,"2025-05-08 13:30:28.260689","Agregar salsa extra.","320","1","837"
"988",True,"2023-09-23 21:51:47.535749","Agregar salsa extra.","78","1","838"
"989",True,"2023-11-20 14:32:16.805751","Cocinar bien la carne.","178","1","839"
"990",True,"2023-11-06 15:28:33.27535","Entrega rápida.","172","1","840"
"991",True,"2024-02-08 15:01:12.105273","Agregar cubiertos adicionales.","121","1","841"
"992",True,"2023-11-04 13:20:13.596859","Servir bien caliente.","242","1","842"
"993",True,"2024-11-11 13:39:22.963823","No incluir pan.","104","1","843"
"994",True,"2024-05-17 13:44:34.747695","Servir bien caliente.","242","1","844"
"995",True,"2025-01-10 22:04:37.272222","No incluir pan.","195","1","845"
"996",True,"2025-04-29 22:36:58.091904","Plato para compartir.","272","1","846"
"997",True,"2025-05-23 21:20:27.26219","Usar queso sin lactosa.","138","1","847"
"998",True,"2023-12-21 20:23:49.873578","Plato para compartir.","208","1","848"
"999",True,"2024-01-12 21:58:54.234785","","233","1","849"
"1000",True,"2024-02-04 19:57:27.848028","Dividir el plato.","66","1","850"
"1001",True,"2024-02-04 20:06:28.924444","Entrega rápida.","130","1","850"
"1002",True,"2024-02-04 20:29:05.495966","Sin cebolla, por favor.","235","1","850"
"1003",True,"2023-10-06 14:01:29.50207","","248","1","851"
"1004",True,"2025-01-17 23:09:55.63705","No incluir pan.","256","1","852"
"1005",True,"2025-04-14 22:38:42.254932","Evitar ingredientes crudos.","99","1","853"
"1006",True,"2024-11-15 15:24:38.893416","Cocinar bien la carne.","159","1","854"
"1007",True,"2023-08-04 14:31:21.096617","Usar queso sin lactosa.","178","1","855"
"1008",True,"2024-03-01 21:00:55.252266","Servir bien caliente.","306","1","856"
"1009",True,"2023-10-27 21:28:02.008852","No incluir pan.","88","1","857"
"1010",True,"2024-09-13 21:09:03.257027","","187","1","858"
"1011",True,"2024-07-14 13:50:41.499163","Sin cebolla, por favor.","155","1","859"
"1012",True,"2023-10-27 13:00:44.859237","Usar queso sin lactosa.","84","1","860"
"1013",True,"2024-10-18 13:49:55.832746","Cocinar bien la carne.","69","1","861"
"1014",True,"2024-05-12 23:13:07.110543","Agregar salsa extra.","185","1","862"
"1015",True,"2024-12-04 16:32:48.423068","","104","1","863"
"1016",True,"2024-07-12 22:04:26.315637","Evitar ingredientes crudos.","228","1","864"
"1017",True,"2025-05-30 22:07:53.898573","Sin cebolla, por favor.","125","1","865"
"1018",True,"2025-02-28 21:48:28.015866","No incluir pan.","195","1","866"
"1019",True,"2023-12-23 20:48:35.631141","","85","1","867"
"1020",True,"2024-08-17 14:25:30.143702","Poco picante.","228","1","868"
"1021",True,"2023-09-27 15:20:56.343831","Cocinar bien la carne.","340","1","869"
"1022",True,"2024-07-23 14:57:30.374002","Poco picante.","129","1","870"
"1023",True,"2023-10-27 22:39:41.659773","Con limón aparte.","113","1","871"
"1024",True,"2024-10-18 12:24:27.295834","Usar queso sin lactosa.","133","1","872"
"1025",True,"2023-07-07 13:48:53.222355","Plato para compartir.","222","1","873"
"1026",True,"2024-04-12 22:26:12.433935","Usar queso sin lactosa.","47","1","874"
"1027",True,"2024-04-12 22:52:18.78975","No incluir pan.","99","1","874"
"1028",True,"2024-02-09 20:41:03.377679","Servir en dos platos.","256","1","875"
"1029",True,"2025-06-02 00:00:00","","110","1","876"
"1030",True,"2025-06-02 00:00:00","Con limón aparte.","110","1","877"
"1031",True,"2023-10-23 21:25:28.083082","Agregar salsa extra.","89","1","878"
"1032",True,"2025-03-14 20:27:14.892406","Poco picante.","284","1","879"
"1033",True,"2024-09-14 22:37:56.094379","Preparar como la vez pasada.","98","1","880"
"1034",True,"2025-04-25 23:36:15.02328","Servir bien caliente.","69","1","881"
"1035",True,"2024-12-06 23:48:03.134641","Usar queso sin lactosa.","349","1","882"
"1036",True,"2024-12-06 23:26:37.826635","Sin aderezo.","39","1","882"
"1037",True,"2024-07-05 21:09:56.847277","Agregar salsa extra.","253","1","883"
"1038",True,"2024-01-14 23:01:41.490843","Plato para compartir.","100","1","884"
"1039",True,"2024-01-27 14:03:01.402763","Con limón aparte.","269","1","885"
"1040",True,"2025-03-21 21:57:49.366081","No añadir mayonesa.","130","1","886"
"1041",True,"2023-08-11 15:28:46.018074","Preparar como la vez pasada.","235","1","887"
"1042",True,"2023-12-15 23:05:49.546534","Servir bien caliente.","327","1","888"
"1043",True,"2023-06-04 22:59:16.084673","","136","1","889"
"1044",True,"2025-05-02 21:10:07.894087","Usar queso sin lactosa.","105","1","890"
"1045",True,"2024-07-29 14:16:03.404643","Dividir el plato.","282","1","891"
"1046",True,"2025-06-02 00:00:00","Agregar salsa extra.","227","1","892"
"1047",True,"2024-08-17 23:21:22.677937","No añadir mayonesa.","225","1","893"
"1048",True,"2024-05-15 21:10:47.601219","No incluir pan.","139","1","894"
"1049",True,"2025-06-02 00:00:00","Evitar ingredientes crudos.","278","1","895"
"1050",True,"2023-08-04 15:47:34.042654","No incluir pan.","50","1","896"
"1051",True,"2024-03-29 20:49:57.291368","Con limón aparte.","67","1","897"
"1052",True,"2024-09-13 20:51:55.951919","","122","1","898"
"1053",True,"2025-06-02 00:00:00","Agregar salsa extra.","195","1","899"
"1054",True,"2025-06-02 00:00:00","Poco picante.","135","1","899"
"1055",True,"2025-03-21 21:36:56.55557","No incluir pan.","239","1","900"
"1056",True,"2023-08-04 21:09:36.517542","Preparar como la vez pasada.","237","1","901"
"1057",True,"2023-08-04 21:39:33.134354","Con limón aparte.","247","1","901"
"1058",True,"2023-11-03 17:00:47.303681","Evitar ingredientes crudos.","25","1","902"
"1059",True,"2024-11-02 12:29:19.062068","Usar queso sin lactosa.","229","1","903"
"1060",True,"2024-11-02 13:42:44.255784","Servir en dos platos.","248","1","903"
"1061",True,"2023-08-11 23:01:48.990974","Preparar como la vez pasada.","62","1","904"
"1062",True,"2025-02-21 14:51:42.89072","Servir bien caliente.","164","1","905"
"1063",True,"2023-06-05 19:47:15.993563","Con limón aparte.","193","1","906"
"1064",True,"2023-12-29 13:19:17.159709","Agregar salsa extra.","224","1","907"
"1065",True,"2024-03-29 15:25:11.440854","Agregar cubiertos adicionales.","94","1","908"
"1066",True,"2024-02-25 21:21:54.042073","Plato para compartir.","238","1","909"
"1067",True,"2023-12-23 14:27:27.203532","","351","1","910"
"1068",True,"2025-04-11 21:23:45.704127","Evitar ingredientes crudos.","233","1","911"
"1069",True,"2023-12-15 14:31:03.370697","Agregar cubiertos adicionales.","196","1","912"
"1070",True,"2023-12-15 14:57:44.195814","Sin cebolla, por favor.","115","1","912"
"1071",True,"2025-02-21 15:34:32.478473","Poco picante.","220","1","913"
"1072",True,"2024-11-03 14:22:18.175062","Sin cebolla, por favor.","118","1","914"
"1073",True,"2025-03-23 21:33:23.309493","Plato para compartir.","184","1","915"
"1074",True,"2025-03-23 21:11:25.209558","Usar queso sin lactosa.","357","1","915"
"1075",True,"2024-10-25 23:42:43.560139","Con limón aparte.","136","1","916"
"1076",True,"2024-09-06 16:44:47.447316","Agregar cubiertos adicionales.","223","1","917"
"1077",True,"2024-09-06 14:52:01.157829","Sin aderezo.","51","1","917"
"1078",True,"2023-12-17 14:21:44.890459","","114","1","918"
"1079",True,"2024-09-27 19:23:31.15614","Con limón aparte.","147","1","919"
"1080",True,"2025-03-28 16:11:54.898146","Sin aderezo.","144","1","920"
"1081",True,"2024-07-26 21:36:02.785627","Entrega rápida.","288","1","921"
"1082",True,"2024-07-26 21:35:46.693182","Entrega rápida.","182","1","921"
"1083",True,"2023-12-14 22:14:59.83217","Plato para compartir.","123","1","922"
"1084",True,"2024-07-19 22:33:07.655187","Servir bien caliente.","277","1","923"
"1085",True,"2024-01-26 20:43:11.004665","Evitar ingredientes crudos.","462","1","924"
"1086",True,"2024-07-20 21:38:20.08105","Sin aderezo.","77","1","925"
"1087",True,"2024-06-21 15:10:09.845602","Evitar ingredientes crudos.","200","1","926"
"1088",True,"2024-05-17 21:27:31.342486","Poco picante.","217","1","927"
"1089",True,"2025-01-03 14:52:13.233923","Plato para compartir.","156","1","928"
"1090",True,"2024-06-28 20:32:16.98063","Evitar ingredientes crudos.","110","1","929"
"1091",True,"2023-09-08 13:47:04.753972","Sin aderezo.","54","1","930"
"1092",True,"2023-08-12 13:25:45.46578","Agregar cubiertos adicionales.","170","1","931"
"1093",True,"2023-08-12 13:28:30.069153","Cocinar bien la carne.","134","1","931"
"1094",True,"2023-08-12 14:37:07.403823","Usar queso sin lactosa.","343","1","931"
"1095",True,"2024-11-15 19:36:05.364204","No añadir mayonesa.","416","1","932"
"1096",True,"2023-08-11 13:10:12.171408","No añadir mayonesa.","440","1","933"
"1097",True,"2025-01-24 20:26:05.181715","No incluir pan.","110","1","934"
"1098",True,"2024-07-14 16:46:58.491797","Preparar como la vez pasada.","360","1","935"
"1099",True,"2023-09-08 21:34:33.799464","Cocinar bien la carne.","143","1","936"
"1100",True,"2024-08-02 21:59:15.812895","Evitar ingredientes crudos.","146","1","937"
"1101",True,"2024-07-08 14:30:39.54817","Usar queso sin lactosa.","42","1","938"
"1102",True,"2024-10-25 13:28:38.200138","Evitar ingredientes crudos.","282","1","939"
"1103",True,"2024-10-25 12:30:32.869621","Usar queso sin lactosa.","169","1","939"
"1104",True,"2023-11-17 19:28:50.364201","Plato para compartir.","159","1","940"
"1105",True,"2024-07-14 12:46:30.096558","Servir en dos platos.","217","1","941"
"1106",True,"2024-12-11 14:15:19.657504","Preparar como la vez pasada.","354","1","942"
"1107",True,"2023-11-23 14:05:20.15165","Entrega rápida.","142","1","943"
"1108",True,"2025-04-19 14:08:54.710139","Agregar cubiertos adicionales.","60","1","944"
"1109",True,"2024-08-27 22:43:01.534245","Con limón aparte.","138","1","945"
"1110",True,"2024-08-27 22:00:59.615865","Evitar ingredientes crudos.","140","1","945"
"1111",True,"2024-08-30 21:00:09.639678","Sin aderezo.","224","1","946"
"1112",True,"2024-08-30 20:39:31.321886","Plato para compartir.","139","1","946"
"1113",True,"2023-06-23 15:41:07.483079","No añadir mayonesa.","122","1","947"
"1114",True,"2025-06-02 00:00:00","Entrega rápida.","146","1","948"
"1115",True,"2024-12-13 14:25:15.629418","","173","1","949"
"1116",True,"2023-06-16 13:06:14.032553","Poco picante.","103","1","950"
"1117",True,"2023-06-16 13:32:55.479476","Usar queso sin lactosa.","305","1","950"
"1118",True,"2024-01-12 20:14:26.839234","Agregar salsa extra.","186","1","951"
"1119",True,"2024-02-14 22:06:02.313684","Agregar cubiertos adicionales.","47","1","952"
"1120",True,"2024-05-10 21:51:53.591853","Sin cebolla, por favor.","160","1","953"
"1121",True,"2025-02-14 22:27:58.317604","Preparar como la vez pasada.","91","1","954"
"1122",True,"2025-06-02 00:00:00","Evitar ingredientes crudos.","306","1","955"
"1123",True,"2024-07-25 22:07:31.545451","No incluir pan.","196","1","956"
"1124",True,"2023-10-20 13:59:29.906314","Cocinar bien la carne.","253","1","957"
"1125",True,"2024-01-22 14:49:13.461934","Servir en dos platos.","126","1","958"
"1126",True,"2025-06-02 00:00:00","Evitar ingredientes crudos.","203","1","959"
"1127",True,"2023-08-12 13:30:21.819595","Servir en dos platos.","41","1","960"
"1128",True,"2023-08-12 14:26:47.659458","Agregar salsa extra.","235","1","960"
"1129",True,"2024-02-02 20:10:52.197107","No incluir pan.","70","1","961"
"1130",True,"2024-04-12 22:26:21.861396","Dividir el plato.","414","1","962"
"1131",True,"2024-07-19 19:55:59.657286","No añadir mayonesa.","160","1","963"
"1132",True,"2023-06-22 13:01:50.755637","Preparar como la vez pasada.","319","1","964"
"1133",True,"2023-06-22 14:14:15.107912","Servir bien caliente.","239","1","964"
"1134",True,"2024-02-23 16:21:38.768596","","114","1","965"
"1135",True,"2023-12-22 13:09:17.481119","Servir en dos platos.","111","1","966"
"1136",True,"2024-07-10 20:52:58.252755","Preparar como la vez pasada.","157","1","967"
"1137",True,"2023-10-13 14:30:06.002942","Usar queso sin lactosa.","165","1","968"
"1138",True,"2025-03-13 23:08:35.337908","Cocinar bien la carne.","242","1","969"
"1139",True,"2024-06-06 23:25:45.901008","Plato para compartir.","151","1","970"
"1140",True,"2024-02-23 22:53:57.106541","Plato para compartir.","57","1","971"
"1141",True,"2024-07-13 13:26:24.54571","Con limón aparte.","182","1","972"
"1142",True,"2024-02-15 21:53:00.094671","Cocinar bien la carne.","156","1","973"
"1143",True,"2023-09-21 15:56:39.555187","Plato para compartir.","52","1","974"
"1144",True,"2025-05-23 19:31:32.529856","Agregar salsa extra.","255","1","975"
"1145",True,"2025-04-04 14:43:20.389161","Sin aderezo.","156","1","976"
"1146",True,"2024-07-06 13:45:48.646229","Sin aderezo.","262","1","977"
"1147",True,"2024-08-26 22:18:39.363521","Poco picante.","105","1","978"
"1148",True,"2024-08-17 21:51:12.754914","No añadir mayonesa.","232","1","979"
"1149",True,"2024-08-17 22:45:23.942601","Con limón aparte.","88","1","979"
"1150",True,"2023-09-15 20:23:18.958568","Evitar ingredientes crudos.","251","1","980"
"1151",True,"2023-09-15 19:50:27.13948","Con limón aparte.","195","1","980"
"1152",True,"2023-09-15 20:39:45.840668","Evitar ingredientes crudos.","136","1","980"
"1153",True,"2024-09-28 16:05:38.896547","No incluir pan.","181","1","981"
"1154",True,"2024-06-05 14:15:33.437974","Sin aderezo.","227","1","982"
"1155",True,"2025-05-23 13:37:40.988321","Entrega rápida.","84","1","983"
"1156",True,"2024-06-14 20:47:26.319876","Sin cebolla, por favor.","49","1","984"
"1157",True,"2023-07-18 21:48:16.039842","No incluir pan.","194","1","985"
"1158",True,"2024-10-01 13:30:12.488923","Poco picante.","68","1","986"
"1159",True,"2023-12-13 22:21:22.217059","Agregar salsa extra.","91","1","987"
"1160",True,"2023-12-13 21:03:53.259824","Sin aderezo.","203","1","987"
"1161",True,"2025-06-02 00:00:00","Usar queso sin lactosa.","278","1","988"
"1162",True,"2024-08-28 21:33:05.377455","Cocinar bien la carne.","126","1","989"
"1163",True,"2023-09-02 14:58:33.115503","Preparar como la vez pasada.","134","1","990"
"1164",True,"2024-06-22 22:14:12.058382","Usar queso sin lactosa.","157","1","991"
"1165",True,"2024-07-26 13:00:36.049425","Plato para compartir.","302","1","992"
"1166",True,"2025-01-10 19:41:29.645828","No incluir pan.","144","1","993"
"1167",True,"2024-08-09 23:50:00.311388","Sin cebolla, por favor.","162","1","994"
"1168",True,"2023-06-16 14:31:58.899435","Cocinar bien la carne.","91","1","995"
"1169",True,"2023-12-30 22:03:01.172515","Poco picante.","123","1","996"
"1170",True,"2025-03-09 22:00:10.423624","Entrega rápida.","212","1","997"
"1171",True,"2024-07-18 20:52:56.637164","Evitar ingredientes crudos.","182","1","998"
"1172",True,"2023-06-30 21:50:52.7389","Con limón aparte.","160","1","999"
"1173",True,"2024-07-23 21:56:55.435501","Usar queso sin lactosa.","43","1","1000"
"1174",True,"2025-05-30 21:35:51.741162","No añadir mayonesa.","102","1","1001"
"1175",True,"2023-12-19 22:50:38.650926","Entrega rápida.","238","1","1002"
"1176",True,"2025-04-27 12:33:21.559696","Cocinar bien la carne.","218","1","1003"
"1177",True,"2025-04-27 14:44:25.083989","Dividir el plato.","242","1","1003"
"1178",True,"2025-06-02 00:00:00","Servir en dos platos.","123","1","1004"
"1179",True,"2025-03-31 21:58:33.479918","Agregar cubiertos adicionales.","353","1","1005"
"1180",True,"2024-07-14 21:56:19.635681","Entrega rápida.","133","1","1006"
"1181",True,"2024-12-08 14:25:41.147731","Servir bien caliente.","423","1","1007"
"1182",True,"2024-12-08 14:10:19.767512","Agregar salsa extra.","162","1","1007"
"1183",True,"2024-12-08 14:58:34.739902","","189","1","1007"
"1184",True,"2023-09-15 21:53:34.704891","No añadir mayonesa.","102","1","1008"
"1185",True,"2023-08-11 22:56:26.583758","Sin cebolla, por favor.","114","1","1009"
"1186",True,"2023-12-04 14:15:25.91967","Sin cebolla, por favor.","180","1","1010"
"1187",True,"2023-12-04 14:01:31.658393","Agregar salsa extra.","355","1","1010"
"1188",True,"2025-04-04 14:10:59.067319","Sin aderezo.","180","1","1011"
"1189",True,"2025-04-04 14:10:40.704568","Sin cebolla, por favor.","60","1","1011"
"1190",True,"2024-08-08 13:24:21.998842","Agregar salsa extra.","132","1","1012"
"1191",True,"2025-06-02 00:00:00","Sin aderezo.","201","1","1013"
"1192",True,"2025-05-09 13:50:40.163779","Plato para compartir.","162","1","1014"
"1193",True,"2025-06-02 00:00:00","Agregar salsa extra.","225","1","1015"
"1194",True,"2025-06-02 00:00:00","Agregar salsa extra.","194","1","1015"
"1195",True,"2023-08-26 22:34:29.935575","No añadir mayonesa.","181","1","1016"
"1196",True,"2023-08-26 21:34:20.590239","Agregar cubiertos adicionales.","175","1","1016"
"1197",True,"2025-06-02 00:00:00","","182","1","1017"
"1198",True,"2024-06-28 12:25:45.905071","Sin cebolla, por favor.","344","1","1018"
"1199",True,"2024-05-04 15:28:22.290438","Cocinar bien la carne.","242","1","1019"
"1200",True,"2023-06-16 15:25:09.718198","Dividir el plato.","148","1","1020"
"1201",True,"2024-11-22 19:28:03.967528","Sin cebolla, por favor.","241","1","1021"
"1202",True,"2025-06-02 00:00:00","Usar queso sin lactosa.","274","1","1022"
"1203",True,"2024-12-04 21:24:19.3474","Sin aderezo.","66","1","1023"
"1204",True,"2023-07-26 17:09:07.24239","Poco picante.","164","1","1024"
"1205",True,"2023-12-08 20:08:08.990134","Agregar salsa extra.","215","1","1025"
"1206",True,"2024-08-09 20:39:00.369885","Preparar como la vez pasada.","235","1","1026"
"1207",True,"2023-12-08 15:17:05.401632","Sin cebolla, por favor.","156","1","1027"
"1208",True,"2023-12-08 14:45:30.235545","Sin cebolla, por favor.","75","1","1027"
"1209",True,"2025-04-25 19:42:24.178317","Sin aderezo.","260","1","1028"
"1210",True,"2024-07-26 21:40:30.033503","Agregar salsa extra.","73","1","1029"
"1211",True,"2025-06-02 00:00:00","Servir bien caliente.","269","1","1030"
"1212",True,"2023-07-28 15:22:04.621894","Poco picante.","238","1","1031"
"1213",True,"2024-07-29 14:26:12.309071","Con limón aparte.","160","1","1032"
"1214",True,"2024-09-18 12:58:23.844558","Servir bien caliente.","194","1","1033"
"1215",True,"2023-06-09 19:59:18.617668","Evitar ingredientes crudos.","230","1","1034"
"1216",True,"2024-07-26 16:04:18.450696","Preparar como la vez pasada.","335","1","1035"
"1217",True,"2024-08-14 14:04:23.447754","Agregar cubiertos adicionales.","213","1","1036"
"1218",True,"2023-06-09 13:34:44.37014","","166","1","1037"
"1219",True,"2023-07-07 20:22:39.850899","","300","1","1038"
"1220",True,"2025-04-30 20:33:58.003696","Sin cebolla, por favor.","373","1","1039"
"1221",True,"2023-07-20 13:17:45.182931","Sin cebolla, por favor.","157","1","1040"
"1222",True,"2024-08-14 20:28:31.057869","Agregar cubiertos adicionales.","336","1","1041"
"1223",True,"2024-07-08 15:18:05.638741","Entrega rápida.","66","1","1042"
"1224",True,"2025-06-02 00:00:00","Evitar ingredientes crudos.","153","1","1043"
"1225",True,"2024-01-26 16:39:16.916111","No incluir pan.","298","1","1044"
"1226",True,"2024-06-28 21:16:52.826999","Dividir el plato.","122","1","1045"
"1227",True,"2024-06-28 21:19:56.35213","Entrega rápida.","42","1","1045"
"1228",True,"2025-06-02 00:00:00","Usar queso sin lactosa.","283","1","1046"
"1229",True,"2025-06-02 00:00:00","Preparar como la vez pasada.","185","1","1046"
"1230",True,"2023-06-02 14:37:08.373413","Sin cebolla, por favor.","258","1","1047"
"1231",True,"2023-06-02 14:57:14.536942","Evitar ingredientes crudos.","98","1","1047"
"1232",True,"2023-06-02 14:40:59.222425","Servir bien caliente.","162","1","1047"
"1233",True,"2023-12-08 14:57:56.410261","Agregar cubiertos adicionales.","198","1","1048"
"1234",True,"2024-05-10 23:01:32.7582","Plato para compartir.","216","1","1049"
"1235",True,"2024-07-05 15:55:28.668444","Plato para compartir.","91","1","1050"
"1236",True,"2023-09-15 15:25:27.730858","Sin cebolla, por favor.","191","1","1051"
"1237",True,"2023-09-15 15:23:00.176608","Evitar ingredientes crudos.","124","1","1051"
"1238",True,"2023-07-21 23:06:47.357025","Evitar ingredientes crudos.","46","1","1052"
"1239",True,"2024-06-14 19:48:35.200538","Usar queso sin lactosa.","257","1","1053"
"1240",True,"2023-11-24 13:33:55.169407","Usar queso sin lactosa.","276","1","1054"
"1241",True,"2024-10-20 12:35:34.650128","No añadir mayonesa.","86","1","1055"
"1242",True,"2024-10-20 13:40:49.1378","Agregar salsa extra.","117","1","1055"
"1243",True,"2024-07-16 12:26:44.62405","Dividir el plato.","265","1","1056"
"1244",True,"2024-10-29 15:45:30.125887","Cocinar bien la carne.","121","1","1057"
"1245",True,"2024-07-19 21:23:46.507181","Agregar cubiertos adicionales.","153","1","1058"
"1246",True,"2025-03-20 14:32:58.748489","Sin cebolla, por favor.","90","1","1059"
"1247",True,"2025-03-20 14:09:06.527418","Servir bien caliente.","197","1","1059"
"1248",True,"2025-06-02 00:00:00","No incluir pan.","234","1","1060"
"1249",True,"2024-05-31 14:03:25.530097","Agregar cubiertos adicionales.","182","1","1061"
"1250",True,"2025-04-04 21:26:38.942459","","63","1","1062"
"1251",True,"2025-01-17 21:02:12.67428","Agregar salsa extra.","265","1","1063"
"1252",True,"2024-07-04 13:36:14.539229","Agregar cubiertos adicionales.","184","1","1064"
"1253",True,"2023-06-23 20:44:59.571929","Sin cebolla, por favor.","302","1","1065"
"1254",True,"2024-09-09 13:18:43.104284","","326","1","1066"
"1255",True,"2024-07-28 21:59:27.410231","Usar queso sin lactosa.","200","1","1067"
"1256",True,"2024-07-28 22:52:12.188568","Preparar como la vez pasada.","105","1","1067"
"1257",True,"2025-03-07 13:55:26.973603","","108","1","1068"
"1258",True,"2025-03-07 13:44:13.057681","Plato para compartir.","373","1","1068"
"1259",True,"2023-12-29 20:21:50.823805","No incluir pan.","79","1","1069"
"1260",True,"2024-12-09 13:40:11.48207","Plato para compartir.","166","1","1070"
"1261",True,"2023-07-27 19:48:10.075751","Poco picante.","158","1","1071"
"1262",True,"2025-05-05 12:37:16.796856","Poco picante.","71","1","1072"
"1263",True,"2023-08-19 13:55:58.709057","Preparar como la vez pasada.","211","1","1073"
"1264",True,"2025-02-07 23:15:37.316016","Con limón aparte.","217","1","1074"
"1265",True,"2024-03-05 17:08:23.714208","Agregar salsa extra.","59","1","1075"
"1266",True,"2023-07-01 20:03:27.239511","Poco picante.","226","1","1076"
"1267",True,"2023-09-29 14:57:22.516067","Sin aderezo.","34","1","1077"
"1268",True,"2024-05-31 22:00:15.145361","No incluir pan.","138","1","1078"
"1269",True,"2024-06-28 21:51:46.927743","Entrega rápida.","191","1","1079"
"1270",True,"2025-01-16 22:05:00.698169","Sin cebolla, por favor.","249","1","1080"
"1271",True,"2023-12-27 23:20:50.821312","Servir bien caliente.","165","1","1081"
"1272",True,"2024-06-05 15:11:22.083739","Preparar como la vez pasada.","307","1","1082"
"1273",True,"2024-12-09 14:53:54.33324","Agregar cubiertos adicionales.","114","1","1083"
"1274",True,"2025-05-14 21:07:15.775204","Servir en dos platos.","214","1","1084"
"1275",True,"2024-07-14 23:21:16.149471","Servir en dos platos.","319","1","1085"
"1276",True,"2024-08-23 23:13:18.468022","Evitar ingredientes crudos.","181","1","1086"
"1277",True,"2023-11-10 21:59:17.755655","","306","1","1087"
"1278",True,"2023-11-10 21:57:00.406917","No incluir pan.","180","1","1087"
"1279",True,"2023-11-10 20:56:30.101521","No añadir mayonesa.","45","1","1087"
"1280",True,"2025-04-28 22:54:11.991894","Agregar salsa extra.","165","1","1088"
"1281",True,"2024-08-08 13:32:44.432322","Con limón aparte.","104","1","1089"
"1282",True,"2024-07-16 15:25:08.220722","Dividir el plato.","172","1","1090"
"1283",True,"2024-10-04 20:06:07.483199","Poco picante.","74","1","1091"
"1284",True,"2024-10-04 19:53:18.048594","Agregar cubiertos adicionales.","131","1","1091"
"1285",True,"2023-09-22 14:28:49.293066","Agregar cubiertos adicionales.","293","1","1092"
"1286",True,"2025-02-07 14:34:39.51059","Evitar ingredientes crudos.","83","1","1093"
"1287",True,"2023-08-28 22:26:00.594771","Con limón aparte.","110","1","1094"
"1288",True,"2024-06-01 21:42:45.469996","Sin cebolla, por favor.","314","1","1095"
"1289",True,"2024-06-01 21:30:13.185069","Agregar cubiertos adicionales.","200","1","1095"
"1290",True,"2024-05-10 14:37:27.872678","Dividir el plato.","109","1","1096"
"1291",True,"2024-03-29 14:06:50.228931","Agregar cubiertos adicionales.","105","1","1097"
"1292",True,"2025-04-29 15:25:38.896962","Entrega rápida.","65","1","1098"
"1293",True,"2024-09-02 14:56:46.639705","Evitar ingredientes crudos.","283","1","1099"
"1294",True,"2025-02-16 21:02:42.738243","Agregar cubiertos adicionales.","517","1","1100"
"1295",True,"2024-12-13 12:47:39.655787","Dividir el plato.","218","1","1101"
"1296",True,"2024-12-13 12:44:37.514002","","225","1","1101"
"1297",True,"2024-12-13 13:25:59.490629","Servir en dos platos.","130","1","1101"
"1298",True,"2024-03-15 12:21:31.120792","Agregar cubiertos adicionales.","108","1","1102"
"1299",True,"2025-03-28 20:45:51.470523","Sin cebolla, por favor.","177","1","1103"
"1300",True,"2025-06-02 00:00:00","No añadir mayonesa.","249","1","1104"
"1301",True,"2024-11-01 22:17:19.080729","Agregar cubiertos adicionales.","137","1","1105"
"1302",True,"2024-11-01 22:06:59.632421","Agregar salsa extra.","111","1","1105"
"1303",True,"2023-07-07 21:25:33.385678","Agregar cubiertos adicionales.","201","1","1106"
"1304",True,"2024-05-24 19:12:44.30442","","58","1","1107"
"1305",True,"2023-12-29 15:25:24.507829","Usar queso sin lactosa.","96","1","1108"
"1306",True,"2024-08-13 14:15:57.2298","Plato para compartir.","163","1","1109"
"1307",True,"2024-08-15 14:01:29.108223","Evitar ingredientes crudos.","146","1","1110"
"1308",True,"2024-07-15 15:11:01.856689","Servir bien caliente.","246","1","1111"
"1309",True,"2024-11-22 14:08:13.675409","No añadir mayonesa.","164","1","1112"
"1310",True,"2024-04-05 20:18:16.639012","Agregar salsa extra.","302","1","1113"
"1311",True,"2024-05-30 14:14:24.285436","Dividir el plato.","73","1","1114"
"1312",True,"2024-04-28 23:55:12.527954","Sin cebolla, por favor.","210","1","1115"
"1313",True,"2023-11-03 22:40:36.484318","","53","1","1116"
"1314",True,"2025-03-14 12:38:29.942836","Agregar salsa extra.","148","1","1117"
"1315",True,"2025-02-07 13:47:54.848206","Agregar salsa extra.","185","1","1118"
"1316",True,"2024-04-12 21:55:32.49402","Servir bien caliente.","411","1","1119"
"1317",True,"2024-12-13 15:26:53.584107","No añadir mayonesa.","194","1","1120"
"1318",True,"2024-12-13 23:06:05.078173","Entrega rápida.","423","1","1121"
"1319",True,"2023-09-01 19:34:33.140977","Sin cebolla, por favor.","158","1","1122"
"1320",True,"2025-03-14 12:50:30.558381","Con limón aparte.","106","1","1123"
"1321",True,"2024-12-20 20:25:35.143147","Con limón aparte.","98","1","1124"
"1322",True,"2024-12-20 20:10:58.15551","No añadir mayonesa.","283","1","1124"
"1323",True,"2025-03-23 13:41:03.20977","No incluir pan.","210","1","1125"
"1324",True,"2024-04-11 20:09:14.826302","Agregar cubiertos adicionales.","123","1","1126"
"1325",True,"2023-06-23 21:28:03.941046","Sin aderezo.","218","1","1127"
"1326",True,"2024-02-09 21:20:00.921104","Servir bien caliente.","87","1","1128"
"1327",True,"2024-02-09 21:27:03.412955","No añadir mayonesa.","188","1","1128"
"1328",True,"2025-03-14 20:12:09.264655","Dividir el plato.","123","1","1129"
"1329",True,"2024-11-01 22:05:00.606425","Sin aderezo.","80","1","1130"
"1330",True,"2024-08-03 13:04:56.043942","Sin aderezo.","268","1","1131"
"1331",True,"2025-01-10 13:34:42.245711","Sin aderezo.","141","1","1132"
"1332",True,"2025-06-02 00:00:00","Poco picante.","133","1","1133"
"1333",True,"2025-06-02 00:00:00","No incluir pan.","124","1","1134"
"1334",True,"2025-06-02 00:00:00","Usar queso sin lactosa.","292","1","1135"
"1335",True,"2025-06-02 00:00:00","Preparar como la vez pasada.","244","1","1135"
"1336",True,"2024-07-12 19:21:09.138507","Dividir el plato.","225","1","1136"
"1337",True,"2024-06-20 20:41:43.339142","Plato para compartir.","227","1","1137"
"1338",True,"2023-09-30 21:34:09.907376","","105","1","1138"
"1339",True,"2023-07-06 22:55:59.85555","Agregar cubiertos adicionales.","103","1","1139"
"1340",True,"2023-07-07 22:58:27.570328","Cocinar bien la carne.","343","1","1140"
"1341",True,"2024-05-23 19:53:15.037655","Agregar cubiertos adicionales.","143","1","1141"
"1342",True,"2024-02-16 23:00:58.681847","Servir bien caliente.","98","1","1142"
"1343",True,"2024-10-18 21:08:33.761605","Agregar cubiertos adicionales.","313","1","1143"
"1344",True,"2024-08-16 22:40:01.405748","Preparar como la vez pasada.","230","1","1144"
"1345",True,"2025-01-24 22:42:08.07377","Agregar cubiertos adicionales.","160","1","1145"
"1346",True,"2025-01-24 22:28:24.260063","Con limón aparte.","249","1","1145"
"1347",True,"2024-08-14 12:57:38.421009","No añadir mayonesa.","110","1","1146"
"1348",True,"2024-08-14 13:19:01.781229","Evitar ingredientes crudos.","134","1","1146"
"1349",True,"2024-04-23 15:16:22.451214","No añadir mayonesa.","257","1","1147"
"1350",True,"2024-07-05 14:39:13.911645","No añadir mayonesa.","91","1","1148"
"1351",True,"2025-04-30 15:08:25.606262","Agregar cubiertos adicionales.","321","1","1149"
"1352",True,"2024-07-15 22:17:37.894604","Servir en dos platos.","275","1","1150"
"1353",True,"2025-03-22 13:46:01.724717","Plato para compartir.","129","1","1151"
"1354",True,"2025-03-22 14:44:17.341785","Usar queso sin lactosa.","348","1","1151"
"1355",True,"2024-07-12 21:08:02.300286","No incluir pan.","329","1","1152"
"1356",True,"2024-12-22 13:45:55.252952","Poco picante.","141","1","1153"
"1357",True,"2024-07-18 13:16:39.803111","Dividir el plato.","46","1","1154"
"1358",True,"2024-08-19 22:19:05.337279","Agregar salsa extra.","135","1","1155"
"1359",True,"2023-09-29 16:34:37.44737","Preparar como la vez pasada.","151","1","1156"
"1360",True,"2025-06-02 00:00:00","Cocinar bien la carne.","140","1","1157"
"1361",True,"2025-04-18 22:46:43.102178","Agregar cubiertos adicionales.","150","1","1158"
"1362",True,"2024-01-19 22:25:08.514882","Sin cebolla, por favor.","214","1","1159"
"1363",True,"2025-05-16 12:43:33.407869","Entrega rápida.","196","1","1160"
"1364",True,"2023-09-22 22:52:21.491597","Con limón aparte.","123","1","1161"
"1365",True,"2025-04-04 15:14:14.405871","Plato para compartir.","178","1","1162"
"1366",True,"2024-07-19 13:51:04.545818","Servir en dos platos.","76","1","1163"
"1367",True,"2023-07-03 15:11:21.770132","Agregar cubiertos adicionales.","114","1","1164"
"1368",True,"2024-05-31 12:27:48.912059","Plato para compartir.","218","1","1165"
"1369",True,"2023-07-28 13:17:14.907314","Poco picante.","198","1","1166"
"1370",True,"2023-12-15 21:54:49.944337","","116","1","1167"
"1371",True,"2023-07-29 20:57:53.599664","","365","1","1168"
"1372",True,"2023-07-29 21:25:58.829515","Con limón aparte.","214","1","1168"
"1373",True,"2023-07-29 21:11:34.64196","Plato para compartir.","224","1","1168"
"1374",True,"2024-07-12 22:11:09.499764","Evitar ingredientes crudos.","81","1","1169"
"1375",True,"2025-05-30 13:58:11.215585","Con limón aparte.","46","1","1170"
"1376",True,"2025-05-30 14:03:43.170072","Agregar salsa extra.","172","1","1170"
"1377",True,"2025-05-09 12:33:35.452397","No incluir pan.","238","1","1171"
"1378",True,"2025-04-18 15:23:29.79414","No incluir pan.","149","1","1172"
"1379",True,"2024-10-04 13:48:24.184304","Dividir el plato.","224","1","1173"
"1380",True,"2024-07-26 12:29:28.073938","No incluir pan.","100","1","1174"
"1381",True,"2024-12-13 15:04:02.068031","Con limón aparte.","124","1","1175"
"1382",True,"2023-09-29 21:38:57.171305","Agregar cubiertos adicionales.","187","1","1176"
"1383",True,"2024-12-07 23:02:35.500899","","247","1","1177"
"1384",True,"2024-12-07 22:11:19.810498","Sin cebolla, por favor.","224","1","1177"
"1385",True,"2025-06-02 00:00:00","Poco picante.","117","1","1178"
"1386",True,"2025-05-02 22:12:52.456021","Dividir el plato.","233","1","1179"
"1387",True,"2025-02-21 22:27:03.800885","Cocinar bien la carne.","156","1","1180"
"1388",True,"2024-09-21 16:16:38.03254","Sin aderezo.","239","1","1181"
"1389",True,"2024-08-29 20:50:22.21862","Poco picante.","210","1","1182"
"1390",True,"2023-07-28 16:58:15.598112","Con limón aparte.","163","1","1183"
"1391",True,"2025-06-02 00:00:00","Poco picante.","120","1","1184"
"1392",True,"2024-05-31 19:36:53.342898","Preparar como la vez pasada.","234","1","1185"
"1393",True,"2024-05-31 20:17:18.558465","Evitar ingredientes crudos.","191","1","1185"
"1394",True,"2024-08-12 22:00:58.764391","Plato para compartir.","70","1","1186"
"1395",True,"2024-08-02 13:23:08.218951","No añadir mayonesa.","124","1","1187"
"1396",True,"2024-08-02 12:37:01.248767","Agregar salsa extra.","57","1","1187"
"1397",True,"2024-08-23 21:39:16.632494","Usar queso sin lactosa.","194","1","1188"
"1398",True,"2024-08-16 20:50:09.01245","Sin aderezo.","275","1","1189"
"1399",True,"2025-02-20 21:01:05.922696","Cocinar bien la carne.","46","1","1190"
"1400",True,"2023-07-26 20:07:56.982824","Usar queso sin lactosa.","79","1","1191"
"1401",True,"2023-07-28 22:16:12.979135","Servir en dos platos.","116","1","1192"
"1402",True,"2025-06-02 00:00:00","","251","1","1193"
"1403",True,"2024-12-28 14:16:35.208445","Entrega rápida.","170","1","1194"
"1404",True,"2023-06-08 14:09:16.478276","Poco picante.","233","1","1195"
"1405",True,"2024-02-16 22:03:32.509","Plato para compartir.","119","1","1196"
"1406",True,"2024-10-09 22:22:09.259371","Poco picante.","301","1","1197"
"1407",True,"2025-06-02 00:00:00","Sin aderezo.","256","1","1198"
"1408",True,"2025-06-02 00:00:00","Usar queso sin lactosa.","120","1","1198"
"1409",True,"2024-07-04 22:05:38.985592","Usar queso sin lactosa.","86","1","1199"
"1410",True,"2024-09-20 13:22:29.253483","Usar queso sin lactosa.","47","1","1200"
"1411",True,"2023-07-06 20:32:37.520027","Servir bien caliente.","194","1","1201"
"1412",True,"2023-07-06 20:52:24.613727","Sin aderezo.","104","1","1201"
"1413",True,"2023-07-06 20:58:52.675186","Poco picante.","74","1","1201"
"1414",True,"2024-09-13 16:26:22.70478","Servir en dos platos.","115","1","1202"
"1415",True,"2024-11-08 16:58:33.191401","Evitar ingredientes crudos.","86","1","1203"
"1416",True,"2024-07-12 21:07:33.587257","No incluir pan.","258","1","1204"
"1417",True,"2023-10-12 20:23:24.939339","Servir bien caliente.","252","1","1205"
"1418",True,"2023-10-12 22:31:36.728449","No añadir mayonesa.","41","1","1205"
"1419",True,"2023-07-02 13:39:28.229382","Agregar salsa extra.","60","1","1206"
"1420",True,"2024-01-25 22:57:42.312903","Preparar como la vez pasada.","344","1","1207"
"1421",True,"2024-08-05 14:39:03.315446","Evitar ingredientes crudos.","310","1","1208"
"1422",True,"2025-06-02 00:00:00","Plato para compartir.","192","1","1209"
"1423",True,"2023-12-22 15:01:09.22852","Poco picante.","156","1","1210"
"1424",True,"2023-09-01 21:47:40.746619","Sin aderezo.","131","1","1211"
"1425",True,"2024-06-04 13:24:10.616478","Con limón aparte.","102","1","1212"
"1426",True,"2024-01-05 16:04:04.104238","Agregar cubiertos adicionales.","242","1","1213"
"1427",True,"2024-08-30 12:49:13.510073","Cocinar bien la carne.","147","1","1214"
"1428",True,"2024-08-30 13:13:10.743291","Sin cebolla, por favor.","161","1","1214"
"1429",True,"2023-12-06 15:26:45.760279","Cocinar bien la carne.","222","1","1215"
"1430",True,"2024-07-05 13:20:14.584397","Preparar como la vez pasada.","118","1","1216"
"1431",True,"2024-07-14 12:43:15.055591","Cocinar bien la carne.","133","1","1217"
"1432",True,"2023-07-07 16:55:20.614084","Usar queso sin lactosa.","79","1","1218"
"1433",True,"2025-06-02 00:00:00","Agregar cubiertos adicionales.","207","1","1219"
"1434",True,"2024-05-21 21:18:20.230411","","348","1","1220"
"1435",True,"2024-08-05 21:14:15.030034","Plato para compartir.","142","1","1221"
"1436",True,"2023-07-23 22:40:14.136353","Con limón aparte.","80","1","1222"
"1437",True,"2023-07-28 15:40:03.798476","Entrega rápida.","43","1","1223"
"1438",True,"2023-07-28 14:46:41.766042","Sin cebolla, por favor.","257","1","1223"
"1439",True,"2025-02-21 14:58:56.972346","Entrega rápida.","114","1","1224"
"1440",True,"2024-01-26 21:18:26.601038","Servir bien caliente.","73","1","1225"
"1441",True,"2024-01-26 21:40:55.566055","Sin aderezo.","175","1","1225"
"1442",True,"2023-08-04 13:37:16.292473","Entrega rápida.","354","1","1226"
"1443",True,"2025-02-14 22:11:37.635095","Agregar cubiertos adicionales.","119","1","1227"
"1444",True,"2025-05-24 13:29:21.194565","Servir bien caliente.","211","1","1228"
"1445",True,"2025-04-04 16:48:39.956645","Preparar como la vez pasada.","333","1","1229"
"1446",True,"2025-05-24 13:51:10.247991","Servir bien caliente.","52","1","1230"
"1447",True,"2024-08-09 22:26:14.609604","No añadir mayonesa.","184","1","1231"
"1448",True,"2025-03-28 14:59:57.154493","Dividir el plato.","94","1","1232"
"1449",True,"2023-08-04 20:18:10.674015","Evitar ingredientes crudos.","143","1","1233"
"1450",True,"2024-06-28 13:44:29.339521","Plato para compartir.","98","1","1234"
"1451",True,"2024-06-28 14:10:56.61746","Con limón aparte.","152","1","1234"
"1452",True,"2025-02-14 17:15:43.417512","Servir bien caliente.","259","1","1235"
"1453",True,"2024-08-12 12:51:39.465522","Sin cebolla, por favor.","209","1","1236"
"1454",True,"2024-08-09 20:37:34.955218","Evitar ingredientes crudos.","199","1","1237"
"1455",True,"2024-03-15 14:23:32.848468","Poco picante.","128","1","1238"
"1456",True,"2025-06-02 00:00:00","Sin aderezo.","117","1","1239"
"1457",True,"2024-02-27 13:08:58.535055","Sin aderezo.","350","1","1240"
"1458",True,"2024-07-26 15:16:51.219499","Sin cebolla, por favor.","107","1","1241"
"1459",True,"2024-08-21 13:46:04.685131","Agregar cubiertos adicionales.","230","1","1242"
"1460",True,"2024-08-21 14:51:22.850275","Dividir el plato.","193","1","1242"
"1461",True,"2025-04-04 20:32:42.069112","No añadir mayonesa.","196","1","1243"
"1462",True,"2025-04-04 20:14:52.441664","Entrega rápida.","227","1","1243"
"1463",True,"2024-02-23 16:32:07.48003","Usar queso sin lactosa.","186","1","1244"
"1464",True,"2024-02-23 16:48:39.089192","Usar queso sin lactosa.","200","1","1244"
"1465",True,"2024-11-08 14:33:21.995438","Sin aderezo.","120","1","1245"
"1466",True,"2024-03-22 14:57:29.123804","Sin aderezo.","183","1","1246"
"1467",True,"2024-07-29 15:32:43.737106","Plato para compartir.","240","1","1247"
"1468",True,"2024-04-19 21:46:14.106684","Usar queso sin lactosa.","245","1","1248"
"1469",True,"2025-04-04 22:52:44.519684","Evitar ingredientes crudos.","134","1","1249"
"1470",True,"2024-12-04 21:29:04.44647","Preparar como la vez pasada.","301","1","1250"
"1471",True,"2024-04-26 16:13:51.120001","Servir bien caliente.","109","1","1251"
"1472",True,"2024-07-19 20:08:38.091398","Evitar ingredientes crudos.","124","1","1252"
"1473",True,"2024-06-06 20:28:03.831646","Poco picante.","55","1","1253"
"1474",True,"2024-06-06 20:48:21.056256","Servir bien caliente.","80","1","1253"
"1475",True,"2024-07-23 22:29:16.805165","Agregar salsa extra.","356","1","1254"
"1476",True,"2024-07-23 21:32:38.631401","Preparar como la vez pasada.","314","1","1254"
"1477",True,"2024-08-09 20:11:23.06366","","324","1","1255"
"1478",True,"2024-08-09 22:02:47.728244","Servir en dos platos.","149","1","1255"
"1479",True,"2023-06-23 22:34:23.606781","Sin aderezo.","213","1","1256"
"1480",True,"2024-08-16 12:34:07.900138","Preparar como la vez pasada.","292","1","1257"
"1481",True,"2024-05-31 14:56:27.840519","Entrega rápida.","88","1","1258"
"1482",True,"2023-07-21 21:34:51.943286","Cocinar bien la carne.","265","1","1259"
"1483",True,"2025-06-02 00:00:00","Con limón aparte.","236","1","1260"
"1484",True,"2024-12-28 22:50:40.325718","Cocinar bien la carne.","163","1","1261"
"1485",True,"2023-07-21 22:43:22.881097","Plato para compartir.","262","1","1262"
"1486",True,"2023-12-01 22:08:28.846982","Usar queso sin lactosa.","299","1","1263"
"1487",True,"2023-08-15 15:18:09.031516","Poco picante.","211","1","1264"
"1488",True,"2025-02-11 21:24:25.171172","Sin aderezo.","180","1","1265"
"1489",True,"2023-12-30 21:13:42.164138","Dividir el plato.","190","1","1266"
"1490",True,"2024-03-16 22:20:15.147444","Agregar cubiertos adicionales.","378","1","1267"
"1491",True,"2024-03-16 21:50:58.234304","Con limón aparte.","311","1","1267"
"1492",True,"2024-03-16 23:24:26.227994","Poco picante.","49","1","1267"
"1493",True,"2025-06-02 00:00:00","Dividir el plato.","258","1","1268"
"1494",True,"2024-05-29 13:55:58.464191","Sin aderezo.","189","1","1269"
"1495",True,"2025-03-08 14:50:35.50351","Preparar como la vez pasada.","113","1","1270"
"1496",True,"2023-09-12 15:21:05.470511","No incluir pan.","65","1","1271"
"1497",True,"2024-02-09 13:55:35.735121","Agregar salsa extra.","363","1","1272"
"1498",True,"2024-02-09 14:28:27.419932","Servir en dos platos.","157","1","1272"
"1499",True,"2024-07-25 23:14:32.41715","","299","1","1273"
"1500",True,"2024-12-24 13:42:25.744488","Plato para compartir.","167","1","1274"
"1501",True,"2024-10-11 15:35:31.025674","Agregar cubiertos adicionales.","128","1","1275"
"1502",True,"2025-02-07 12:52:49.261059","Entrega rápida.","140","1","1276"
"1503",True,"2024-08-04 21:52:33.24617","No incluir pan.","386","1","1277"
"1504",True,"2024-05-22 19:54:18.180274","Evitar ingredientes crudos.","86","1","1278"
"1505",True,"2023-07-07 21:07:19.774546","Sin cebolla, por favor.","155","1","1279"
"1506",True,"2024-08-30 12:59:02.472594","Sin aderezo.","251","1","1280"
"1507",True,"2024-07-26 21:17:46.797876","Entrega rápida.","74","1","1281"
"1508",True,"2023-12-23 15:18:15.222701","Sin cebolla, por favor.","213","1","1282"
"1509",True,"2024-11-15 15:49:38.960245","Cocinar bien la carne.","133","1","1283"
"1510",True,"2023-11-14 15:02:13.911425","Preparar como la vez pasada.","127","1","1284"
"1511",True,"2024-11-22 20:14:44.098998","Usar queso sin lactosa.","174","1","1285"
"1512",True,"2023-07-07 21:17:35.958906","Sin cebolla, por favor.","234","1","1286"
"1513",True,"2023-07-07 19:42:26.492582","","129","1","1286"
"1514",True,"2023-09-01 22:17:27.950554","Agregar cubiertos adicionales.","50","1","1287"
"1515",True,"2023-09-07 14:25:17.140262","Cocinar bien la carne.","155","1","1288"
"1516",True,"2024-08-12 23:30:17.478684","Cocinar bien la carne.","156","1","1289"
"1517",True,"2024-12-27 23:27:54.414853","Servir en dos platos.","117","1","1290"
"1518",True,"2024-06-17 20:54:45.064292","Servir bien caliente.","384","1","1291"
"1519",True,"2024-10-04 14:43:55.353269","Plato para compartir.","216","1","1292"
"1520",True,"2023-12-31 13:57:31.59396","No añadir mayonesa.","257","1","1293"
"1521",True,"2023-08-01 15:17:19.88192","Sin aderezo.","74","1","1294"
"1522",True,"2023-12-09 20:13:01.774413","Servir en dos platos.","165","1","1295"
"1523",True,"2024-09-16 22:53:49.307144","Cocinar bien la carne.","198","1","1296"
"1524",True,"2023-06-16 14:51:52.601213","Poco picante.","279","1","1297"
"1525",True,"2023-06-16 13:52:27.961819","Dividir el plato.","90","1","1297"
"1526",True,"2024-10-25 19:32:40.737195","Servir bien caliente.","135","1","1298"
"1527",True,"2023-12-06 15:40:36.204447","Evitar ingredientes crudos.","113","1","1299"
"1528",True,"2023-10-27 22:27:01.986995","Plato para compartir.","124","1","1300"
"1529",True,"2024-05-05 14:11:16.323129","Sin cebolla, por favor.","159","1","1301"
"1530",True,"2024-08-02 14:10:57.205595","Plato para compartir.","249","1","1302"
"1531",True,"2024-05-10 20:27:49.751897","Dividir el plato.","160","1","1303"
"1532",True,"2024-05-10 20:18:09.01203","Poco picante.","282","1","1303"
"1533",True,"2023-12-22 21:53:33.95649","Dividir el plato.","220","1","1304"
"1534",True,"2023-12-22 20:53:32.809275","Servir bien caliente.","257","1","1304"
"1535",True,"2024-12-27 13:35:00.930312","Preparar como la vez pasada.","134","1","1305"
"1536",True,"2025-01-03 21:24:23.071554","Dividir el plato.","178","1","1306"
"1537",True,"2024-01-05 15:47:26.54117","Plato para compartir.","67","1","1307"
"1538",True,"2023-06-02 13:35:10.368413","","66","1","1308"
"1539",True,"2024-08-26 20:18:13.598913","Sin aderezo.","211","1","1309"
"1540",True,"2024-11-29 15:56:15.230314","Entrega rápida.","183","1","1310"
"1541",True,"2024-08-23 15:30:51.462331","Preparar como la vez pasada.","246","1","1311"
"1542",True,"2023-12-01 21:26:35.845054","Dividir el plato.","106","1","1312"
"1543",True,"2024-06-28 13:10:32.335935","Servir bien caliente.","308","1","1313"
"1544",True,"2024-05-03 15:13:33.619929","Entrega rápida.","136","1","1314"
"1545",True,"2025-06-02 00:00:00","No incluir pan.","260","1","1315"
"1546",True,"2025-06-02 00:00:00","Sin cebolla, por favor.","186","1","1315"
"1547",True,"2025-06-02 00:00:00","No añadir mayonesa.","43","1","1315"
"1548",True,"2024-09-26 20:14:11.583047","Poco picante.","104","1","1316"
"1549",True,"2023-07-14 22:38:21.890223","Con limón aparte.","217","1","1317"
"1550",True,"2023-10-06 13:31:17.313593","Servir bien caliente.","321","1","1318"
"1551",True,"2024-05-07 16:34:28.527437","Preparar como la vez pasada.","237","1","1319"
"1552",True,"2024-11-15 20:38:39.701023","Sin aderezo.","128","1","1320"
"1553",True,"2024-03-01 15:29:42.509407","Cocinar bien la carne.","97","1","1321"
"1554",True,"2024-03-01 14:55:50.113346","No añadir mayonesa.","270","1","1321"
"1555",True,"2024-04-19 15:52:04.517323","Preparar como la vez pasada.","189","1","1322"
"1556",True,"2024-04-19 15:16:32.220091","No incluir pan.","183","1","1322"
"1557",True,"2023-12-01 12:49:15.461309","Entrega rápida.","264","1","1323"
"1558",True,"2023-06-16 12:59:07.983218","Sin cebolla, por favor.","126","1","1324"
"1559",True,"2023-06-16 14:39:50.754271","Con limón aparte.","184","1","1324"
"1560",True,"2023-06-16 14:17:49.420526","No añadir mayonesa.","155","1","1324"
"1561",True,"2024-04-19 13:27:25.343964","Agregar salsa extra.","88","1","1325"
"1562",True,"2024-04-19 13:44:03.923649","Servir en dos platos.","76","1","1325"
"1563",True,"2024-08-07 16:09:11.440647","Sin cebolla, por favor.","89","1","1326"
"1564",True,"2024-08-07 15:02:58.286412","Agregar cubiertos adicionales.","126","1","1326"
"1565",True,"2024-05-24 22:25:29.073996","Servir bien caliente.","179","1","1327"
"1566",True,"2025-05-23 22:34:52.88391","Agregar cubiertos adicionales.","173","1","1328"
"1567",True,"2023-07-08 19:49:53.894841","Preparar como la vez pasada.","290","1","1329"
"1568",True,"2024-09-27 20:41:07.786009","Servir bien caliente.","290","1","1330"
"1569",True,"2023-06-16 16:59:03.979491","Evitar ingredientes crudos.","112","1","1331"
"1570",True,"2024-09-27 20:00:30.398993","Plato para compartir.","123","1","1332"
"1571",True,"2024-08-28 20:41:26.718996","Poco picante.","94","1","1333"
"1572",True,"2024-11-08 15:23:18.371605","Con limón aparte.","182","1","1334"
"1573",True,"2025-02-02 16:02:54.51197","Poco picante.","217","1","1335"
"1574",True,"2023-09-08 15:22:00.610827","Agregar cubiertos adicionales.","184","1","1336"
"1575",True,"2024-07-05 20:20:42.640092","","171","1","1337"
"1576",True,"2023-06-09 20:20:15.064035","Agregar salsa extra.","124","1","1338"
"1577",True,"2024-09-18 13:33:13.747439","Sin cebolla, por favor.","276","1","1339"
"1578",True,"2024-05-01 22:00:34.203532","Evitar ingredientes crudos.","219","1","1340"
"1579",True,"2025-04-17 14:23:54.591673","Plato para compartir.","42","1","1341"
"1580",True,"2024-12-17 20:02:33.580589","Agregar salsa extra.","137","1","1342"
"1581",True,"2024-08-05 22:15:53.565306","Cocinar bien la carne.","320","1","1343"
"1582",True,"2023-07-07 14:36:08.975469","Agregar cubiertos adicionales.","114","1","1344"
"1583",True,"2024-08-21 13:10:14.113897","","203","1","1345"
"1584",True,"2024-08-21 12:54:17.110984","No añadir mayonesa.","212","1","1345"
"1585",True,"2023-06-16 21:48:32.339158","Con limón aparte.","42","1","1346"
"1586",True,"2025-02-09 22:25:40.972558","Sin cebolla, por favor.","50","1","1347"
"1587",True,"2023-12-02 20:13:51.172862","Agregar salsa extra.","112","1","1348"
"1588",True,"2023-12-22 20:14:06.606909","Entrega rápida.","228","1","1349"
"1589",True,"2024-09-20 21:29:25.059014","Evitar ingredientes crudos.","162","1","1350"
"1590",True,"2024-12-13 19:18:54.619513","No incluir pan.","127","1","1351"
"1591",True,"2024-06-01 19:28:12.052751","Sin cebolla, por favor.","288","1","1352"
"1592",True,"2025-03-14 16:50:45.556208","Preparar como la vez pasada.","253","1","1353"
"1593",True,"2025-03-14 16:21:29.584476","Entrega rápida.","318","1","1353"
"1594",True,"2023-07-14 16:30:17.207896","Preparar como la vez pasada.","123","1","1354"
"1595",True,"2024-05-12 19:50:24.719216","Servir bien caliente.","117","1","1355"
"1596",True,"2024-08-18 20:33:43.863243","","197","1","1356"
"1597",True,"2025-05-12 19:38:55.118857","Sin aderezo.","199","1","1357"
"1598",True,"2025-06-02 00:00:00","Servir en dos platos.","219","1","1358"
"1599",True,"2024-03-15 21:59:24.470522","Entrega rápida.","166","1","1359"
"1600",True,"2025-02-21 20:31:07.839427","Usar queso sin lactosa.","131","1","1360"
"1601",True,"2024-12-27 15:34:20.547775","Entrega rápida.","292","1","1361"
"1602",True,"2025-04-25 22:08:22.938101","Agregar cubiertos adicionales.","204","1","1362"
"1603",True,"2023-09-01 14:51:25.450104","Preparar como la vez pasada.","257","1","1363"
"1604",True,"2025-03-07 21:43:22.000003","","205","1","1364"
"1605",True,"2024-12-22 20:49:53.169949","Sin aderezo.","213","1","1365"
"1606",True,"2024-08-12 14:05:44.071148","Dividir el plato.","110","1","1366"
"1607",True,"2024-08-12 14:16:36.734326","Con limón aparte.","181","1","1366"
"1608",True,"2024-12-20 21:51:08.542544","Servir bien caliente.","266","1","1367"
"1609",True,"2025-04-12 22:41:58.848707","Evitar ingredientes crudos.","152","1","1368"
"1610",True,"2024-08-20 14:51:12.604761","No añadir mayonesa.","224","1","1369"
"1611",True,"2024-09-19 13:39:19.748368","No incluir pan.","124","1","1370"
"1612",True,"2024-09-19 12:59:02.107819","Con limón aparte.","205","1","1370"
"1613",True,"2024-09-19 13:52:36.744222","Agregar cubiertos adicionales.","174","1","1370"
"1614",True,"2025-06-02 00:00:00","Poco picante.","78","1","1371"
"1615",True,"2025-02-21 20:00:52.223361","","225","1","1372"
"1616",True,"2023-11-17 13:28:12.499925","Evitar ingredientes crudos.","352","1","1373"
"1617",True,"2024-12-29 20:05:28.529009","Evitar ingredientes crudos.","100","1","1374"
"1618",True,"2024-12-20 16:26:31.431561","Preparar como la vez pasada.","73","1","1375"
"1619",True,"2023-06-09 20:25:12.960376","Preparar como la vez pasada.","204","1","1376"
"1620",True,"2024-02-23 23:04:25.482204","Usar queso sin lactosa.","265","1","1377"
"1621",True,"2024-08-30 15:19:28.794368","No incluir pan.","103","1","1378"
"1622",True,"2024-06-14 22:02:05.259539","Evitar ingredientes crudos.","180","1","1379"
"1623",True,"2024-02-25 12:55:25.641776","No añadir mayonesa.","188","1","1380"
"1624",True,"2024-12-11 22:14:10.204342","Agregar cubiertos adicionales.","49","1","1381"
"1625",True,"2024-05-17 20:20:29.748738","Sin aderezo.","152","1","1382"
"1626",True,"2023-08-03 21:33:54.266188","Poco picante.","226","1","1383"
"1627",True,"2024-09-30 14:52:41.013388","Agregar salsa extra.","234","1","1384"
"1628",True,"2024-07-20 20:50:49.006456","Entrega rápida.","251","1","1385"
"1629",True,"2024-08-02 21:15:22.579209","No incluir pan.","145","1","1386"
"1630",True,"2024-10-10 20:37:59.422019","Servir bien caliente.","305","1","1387"
"1631",True,"2024-12-19 22:35:47.383587","No incluir pan.","272","1","1388"
"1632",True,"2024-11-19 15:15:49.069906","Dividir el plato.","260","1","1389"
"1633",True,"2024-03-08 23:36:35.905882","No incluir pan.","267","1","1390"
"1634",True,"2025-06-02 00:00:00","Sin cebolla, por favor.","222","1","1391"
"1635",True,"2023-12-01 21:16:48.273682","Con limón aparte.","161","1","1392"
"1636",True,"2024-07-22 22:50:21.563829","No añadir mayonesa.","152","1","1393"
"1637",True,"2024-07-22 22:07:06.070007","Agregar cubiertos adicionales.","57","1","1393"
"1638",True,"2024-08-23 13:08:01.596963","Evitar ingredientes crudos.","297","1","1394"
"1639",True,"2025-02-07 20:29:01.51177","Poco picante.","164","1","1395"
"1640",True,"2025-01-25 20:28:58.074424","No incluir pan.","169","1","1396"
"1641",True,"2024-05-03 22:30:43.469084","No incluir pan.","201","1","1397"
"1642",True,"2025-03-07 13:35:02.926596","Servir en dos platos.","42","1","1398"
"1643",True,"2024-08-25 22:00:14.863111","Plato para compartir.","237","1","1399"
"1644",True,"2023-12-17 14:11:06.018605","Sin aderezo.","283","1","1400"
"1645",True,"2025-05-09 21:28:49.932203","Servir en dos platos.","283","1","1401"
"1646",True,"2023-12-10 20:22:55.349503","Entrega rápida.","54","1","1402"
"1647",True,"2024-09-27 14:31:44.618109","","204","1","1403"
"1648",True,"2024-08-16 15:05:45.804738","Plato para compartir.","251","1","1404"
"1649",True,"2024-12-11 13:52:54.165652","Agregar cubiertos adicionales.","294","1","1405"
"1650",True,"2024-08-12 20:59:03.533293","Con limón aparte.","146","1","1406"
"1651",True,"2023-12-22 21:24:03.46229","Agregar salsa extra.","143","1","1407"
"1652",True,"2025-05-06 15:10:57.667428","Sin aderezo.","96","1","1408"
"1653",True,"2025-03-21 21:25:58.79414","","101","1","1409"
"1654",True,"2025-03-21 21:25:33.674542","Servir bien caliente.","36","1","1409"
"1655",True,"2023-11-04 20:13:24.531018","No añadir mayonesa.","180","1","1410"
"1656",True,"2024-12-27 14:30:59.918945","Dividir el plato.","93","1","1411"
"1657",True,"2024-08-31 14:56:49.405612","Evitar ingredientes crudos.","166","1","1412"
"1658",True,"2024-02-18 15:12:02.49941","Sin aderezo.","106","1","1413"
"1659",True,"2024-11-29 15:15:14.360633","Dividir el plato.","101","1","1414"
"1660",True,"2024-12-06 22:05:03.957455","Cocinar bien la carne.","220","1","1415"
"1661",True,"2024-11-29 14:11:19.362687","Cocinar bien la carne.","73","1","1416"
"1662",True,"2025-06-02 00:00:00","Con limón aparte.","214","1","1417"
"1663",True,"2025-06-02 00:00:00","Evitar ingredientes crudos.","229","1","1417"
"1664",True,"2024-11-23 20:05:40.397559","Cocinar bien la carne.","134","1","1418"
"1665",True,"2023-06-23 15:32:56.97348","Poco picante.","261","1","1419"
"1666",True,"2025-04-01 22:39:36.714869","Entrega rápida.","188","1","1420"
"1667",True,"2023-12-12 13:51:31.809361","Sin aderezo.","229","1","1421"
"1668",True,"2024-12-06 16:10:43.111442","Plato para compartir.","142","1","1422"
"1669",True,"2024-12-06 15:23:04.277121","Con limón aparte.","136","1","1422"
"1670",True,"2024-12-06 15:26:00.311865","Sin cebolla, por favor.","190","1","1422"
"1671",True,"2024-03-08 15:02:10.254479","Con limón aparte.","49","1","1423"
"1672",True,"2024-06-21 21:55:37.953229","Servir bien caliente.","64","1","1424"
"1673",True,"2024-07-28 22:39:38.986363","Usar queso sin lactosa.","191","1","1425"
"1674",True,"2023-10-03 17:45:41.98865","Servir bien caliente.","186","1","1426"
"1675",True,"2023-10-03 17:05:44.226671","Usar queso sin lactosa.","75","1","1426"
"1676",True,"2024-08-04 13:27:22.676431","Agregar cubiertos adicionales.","173","1","1427"
"1677",True,"2024-04-14 21:28:01.704201","No incluir pan.","226","1","1428"
"1678",True,"2023-12-18 14:07:50.550065","Usar queso sin lactosa.","130","1","1429"
"1679",True,"2024-11-15 12:48:17.501665","Usar queso sin lactosa.","242","1","1430"
"1680",True,"2023-12-10 15:49:52.993773","Agregar cubiertos adicionales.","84","1","1431"
"1681",True,"2023-08-18 00:01:05.119184","Preparar como la vez pasada.","226","1","1432"
"1682",True,"2024-05-10 22:52:18.074601","Poco picante.","47","1","1433"
"1683",True,"2023-11-10 14:13:45.030302","Usar queso sin lactosa.","119","1","1434"
"1684",True,"2024-12-06 22:34:40.159821","","203","1","1435"
"1685",True,"2025-04-04 22:46:45.193171","Sin aderezo.","121","1","1436"
"1686",True,"2024-01-12 14:42:32.60821","Agregar salsa extra.","210","1","1437"
"1687",True,"2024-07-17 15:09:38.214045","Preparar como la vez pasada.","217","1","1438"
"1688",True,"2023-10-20 14:11:26.78549","Poco picante.","219","1","1439"
"1689",True,"2025-06-02 00:00:00","Preparar como la vez pasada.","426","1","1440"
"1690",True,"2024-07-12 20:57:31.759223","Sin cebolla, por favor.","152","1","1441"
"1691",True,"2024-08-12 13:31:52.585282","Plato para compartir.","236","1","1442"
"1692",True,"2024-08-12 20:04:04.484292","","110","1","1443"
"1693",True,"2023-08-05 13:28:29.351475","Sin cebolla, por favor.","133","1","1444"
"1694",True,"2023-08-06 14:36:16.204578","Con limón aparte.","221","1","1445"
"1695",True,"2024-07-13 20:29:59.494827","Poco picante.","185","1","1446"
"1696",True,"2024-12-21 21:50:14.24407","Servir en dos platos.","123","1","1447"
"1697",True,"2024-12-21 20:41:30.354869","Usar queso sin lactosa.","217","1","1447"
"1698",True,"2024-06-21 22:14:33.548653","Sin cebolla, por favor.","69","1","1448"
"1699",True,"2024-06-21 23:29:37.936474","Cocinar bien la carne.","216","1","1448"
"1700",True,"2023-12-29 19:19:23.394588","Entrega rápida.","309","1","1449"
"1701",True,"2024-09-27 14:03:17.371952","Preparar como la vez pasada.","136","1","1450"
"1702",True,"2023-08-01 20:40:35.743366","Sin aderezo.","194","1","1451"
"1703",True,"2023-11-12 13:29:30.246601","Agregar salsa extra.","126","1","1452"
"1704",True,"2023-10-06 21:48:29.231445","Poco picante.","106","1","1453"
"1705",True,"2023-06-13 20:43:43.184312","No añadir mayonesa.","122","1","1454"
"1706",True,"2024-04-02 20:55:20.97283","No incluir pan.","169","1","1455"
"1707",True,"2024-08-06 12:56:52.915818","Cocinar bien la carne.","198","1","1456"
"1708",True,"2024-12-19 22:32:42.318462","Plato para compartir.","158","1","1457"
"1709",True,"2024-08-09 16:32:39.309952","Poco picante.","261","1","1458"
"1710",True,"2024-08-04 14:25:46.462666","Servir bien caliente.","245","1","1459"
"1711",True,"2024-01-19 12:52:16.083627","Con limón aparte.","126","1","1460"
"1712",True,"2023-07-15 22:05:01.267211","Poco picante.","78","1","1461"
"1713",True,"2024-07-09 22:34:19.156471","Preparar como la vez pasada.","227","1","1462"
"1714",True,"2025-03-06 12:28:59.579971","Agregar cubiertos adicionales.","201","1","1463"
"1715",True,"2024-07-28 15:00:20.771625","Usar queso sin lactosa.","136","1","1464"
"1716",True,"2023-07-21 23:38:52.437929","Agregar cubiertos adicionales.","242","1","1465"
"1717",True,"2024-07-16 14:02:07.631112","No añadir mayonesa.","381","1","1466"
"1718",True,"2024-12-21 14:20:10.238041","Usar queso sin lactosa.","118","1","1467"
"1719",True,"2023-12-29 14:48:14.639809","Servir en dos platos.","291","1","1468"
"1720",True,"2023-12-24 15:54:01.648751","Con limón aparte.","118","1","1469"
"1721",True,"2024-07-13 12:58:24.095827","Evitar ingredientes crudos.","128","1","1470"
"1722",True,"2024-03-01 14:27:41.47621","Evitar ingredientes crudos.","76","1","1471"
"1723",True,"2024-04-28 13:23:19.041375","Entrega rápida.","180","1","1472"
"1724",True,"2024-01-17 14:36:08.210389","Cocinar bien la carne.","81","1","1473"
"1725",True,"2024-12-05 21:21:44.417954","Entrega rápida.","245","1","1474"
"1726",True,"2023-12-09 21:53:14.911475","","309","1","1475"
"1727",True,"2025-05-25 15:51:17.653607","Sin aderezo.","179","1","1476"
"1728",True,"2024-12-26 14:21:44.581473","Agregar salsa extra.","180","1","1477"
"1729",True,"2023-09-08 21:36:56.167435","No añadir mayonesa.","155","1","1478"
"1730",True,"2025-05-20 13:51:30.042439","Plato para compartir.","251","1","1479"
"1731",True,"2025-05-20 14:37:46.409851","Con limón aparte.","175","1","1479"
"1732",True,"2024-07-25 14:26:12.016138","No incluir pan.","386","1","1480"
"1733",True,"2023-08-06 23:19:09.255969","Servir bien caliente.","244","1","1481"
"1734",True,"2025-06-02 00:00:00","Agregar salsa extra.","155","1","1482"
"1735",True,"2024-05-10 21:16:43.14848","Cocinar bien la carne.","217","1","1483"
"1736",True,"2025-02-21 21:14:10.326935","Evitar ingredientes crudos.","68","1","1484"
"1737",True,"2023-12-14 14:59:59.209888","Usar queso sin lactosa.","82","1","1485"
"1738",True,"2024-05-10 22:12:52.722392","Poco picante.","161","1","1486"
"1739",True,"2023-08-21 15:18:02.52781","Poco picante.","465","1","1487"
"1740",True,"2023-12-08 14:55:24.220381","Cocinar bien la carne.","145","1","1488"
"1741",True,"2023-12-22 12:54:24.408652","Entrega rápida.","195","1","1489"
"1742",True,"2023-12-22 13:19:44.268906","Agregar cubiertos adicionales.","105","1","1489"
"1743",True,"2024-12-03 22:11:33.717004","Cocinar bien la carne.","192","1","1490"
"1744",True,"2023-12-08 13:00:09.299277","Sin cebolla, por favor.","237","1","1491"
"1745",True,"2024-08-26 14:14:15.649203","Preparar como la vez pasada.","73","1","1492"
"1746",True,"2024-12-03 15:02:45.428562","Dividir el plato.","133","1","1493"
"1747",True,"2025-05-02 13:12:34.424448","No añadir mayonesa.","297","1","1494"
"1748",True,"2024-09-02 13:31:51.755794","","167","1","1495"
"1749",True,"2023-07-14 22:07:37.489286","Plato para compartir.","129","1","1496"
"1750",True,"2025-04-11 21:57:55.2426","Plato para compartir.","86","1","1497"
"1751",True,"2025-04-11 22:48:00.846618","Evitar ingredientes crudos.","187","1","1497"
"1752",True,"2024-03-22 15:09:00.732985","Servir bien caliente.","347","1","1498"
"1753",True,"2024-12-18 19:40:17.015518","Sin cebolla, por favor.","58","1","1499"
"1754",True,"2024-07-23 16:28:16.568207","Servir bien caliente.","94","1","1500"
"1755",True,"2025-06-02 00:00:00","Dividir el plato.","416","1","1501"
"1756",True,"2024-08-08 22:20:35.584683","Plato para compartir.","242","1","1502"
"1757",True,"2025-06-02 00:00:00","","259","1","1503"
"1758",True,"2023-12-29 16:10:34.238236","No añadir mayonesa.","278","1","1504"
"1759",True,"2024-01-26 12:18:23.252724","Servir bien caliente.","48","1","1505"
"1760",True,"2025-05-02 21:41:24.986656","Con limón aparte.","192","1","1506"
"1761",True,"2024-07-25 20:51:40.755249","Con limón aparte.","59","1","1507"
"1762",True,"2024-02-16 21:21:26.940873","Servir en dos platos.","142","1","1508"
"1763",True,"2023-09-29 13:33:05.184212","Sin aderezo.","220","1","1509"
"1764",True,"2023-09-29 14:13:42.983259","Agregar salsa extra.","60","1","1509"
"1765",True,"2024-12-22 15:16:27.050317","Poco picante.","197","1","1510"
"1766",True,"2023-12-29 20:09:53.311246","Usar queso sin lactosa.","244","1","1511"
"1767",True,"2023-12-29 20:24:21.693048","Preparar como la vez pasada.","101","1","1511"
"1768",True,"2025-06-02 00:00:00","Usar queso sin lactosa.","124","1","1512"
"1769",True,"2024-07-03 13:34:38.663185","Preparar como la vez pasada.","100","1","1513"
"1770",True,"2024-07-03 13:44:17.660348","No incluir pan.","289","1","1513"
"1771",True,"2023-12-24 21:56:31.856959","Servir en dos platos.","237","1","1514"
"1772",True,"2024-05-10 21:02:28.451335","Sin cebolla, por favor.","110","1","1515"
"1773",True,"2024-05-10 20:06:17.069046","No añadir mayonesa.","152","1","1515"
"1774",True,"2023-10-27 12:48:22.83721","Usar queso sin lactosa.","198","1","1516"
"1775",True,"2024-07-26 21:43:08.150031","Usar queso sin lactosa.","191","1","1517"
"1776",True,"2024-07-26 21:26:09.651692","Agregar salsa extra.","171","1","1517"
"1777",True,"2024-07-26 22:05:28.604192","","258","1","1517"
"1778",True,"2025-06-02 00:00:00","Servir bien caliente.","174","1","1518"
"1779",True,"2025-06-02 00:00:00","Sin cebolla, por favor.","77","1","1518"
"1780",True,"2024-03-17 23:33:18.761826","Dividir el plato.","70","1","1519"
"1781",True,"2024-12-04 15:18:26.964291","Con limón aparte.","119","1","1520"
"1782",True,"2023-08-17 13:33:50.004607","Preparar como la vez pasada.","176","1","1521"
"1783",True,"2023-08-17 13:53:17.446961","No añadir mayonesa.","136","1","1521"
"1784",True,"2024-07-19 14:38:28.023936","Sin aderezo.","135","1","1522"
"1785",True,"2024-09-20 21:06:30.008701","Poco picante.","237","1","1523"
"1786",True,"2025-01-11 00:01:35.333803","Evitar ingredientes crudos.","78","1","1524"
"1787",True,"2025-01-10 22:04:12.961342","","126","1","1524"
"1788",True,"2024-07-19 19:50:06.400073","Sin aderezo.","241","1","1525"
"1789",True,"2024-01-12 23:45:00.418382","Sin cebolla, por favor.","194","1","1526"
"1790",True,"2024-07-05 21:45:10.269925","Servir bien caliente.","93","1","1527"
"1791",True,"2023-11-03 22:24:34.467824","Entrega rápida.","264","1","1528"
"1792",True,"2025-06-02 00:00:00","Preparar como la vez pasada.","72","1","1529"
"1793",True,"2023-12-26 16:00:03.097412","Plato para compartir.","143","1","1530"
"1794",True,"2023-12-26 14:54:40.708061","Plato para compartir.","166","1","1530"
"1795",True,"2024-08-04 13:21:33.292808","Evitar ingredientes crudos.","149","1","1531"
"1796",True,"2024-08-02 20:33:38.879611","","261","1","1532"
"1797",True,"2023-08-26 13:48:52.418061","Sin cebolla, por favor.","355","1","1533"
"1798",True,"2024-12-04 16:01:53.800647","Cocinar bien la carne.","121","1","1534"
"1799",True,"2024-10-17 14:28:04.307627","Servir en dos platos.","175","1","1535"
"1800",True,"2025-06-02 00:00:00","Cocinar bien la carne.","231","1","1536"
"1801",True,"2023-06-18 15:06:54.020749","No incluir pan.","178","1","1537"
"1802",True,"2024-12-18 13:48:48.456467","Cocinar bien la carne.","233","1","1538"
"1803",True,"2024-03-07 19:59:19.621471","Con limón aparte.","231","1","1539"
"1804",True,"2025-01-10 19:31:27.427157","Preparar como la vez pasada.","143","1","1540"
"1805",True,"2025-01-10 20:04:48.955068","Agregar salsa extra.","69","1","1540"
"1806",True,"2024-05-10 20:01:41.875229","Servir en dos platos.","297","1","1541"
"1807",True,"2024-12-20 14:07:18.643767","No añadir mayonesa.","250","1","1542"
"1808",True,"2023-06-25 12:59:29.182113","Agregar salsa extra.","183","1","1543"
"1809",True,"2023-08-30 13:28:23.926261","Servir en dos platos.","100","1","1544"
"1810",True,"2023-11-10 21:11:49.163657","Evitar ingredientes crudos.","340","1","1545"
"1811",True,"2023-07-29 22:03:09.241749","Plato para compartir.","104","1","1546"
"1812",True,"2025-06-02 00:00:00","Plato para compartir.","114","1","1547"
"1813",True,"2025-02-10 23:44:24.596217","Evitar ingredientes crudos.","62","1","1548"
"1814",True,"2025-02-10 22:18:03.898536","Agregar salsa extra.","206","1","1548"
"1815",True,"2024-07-08 15:25:40.275241","Sin cebolla, por favor.","173","1","1549"
"1816",True,"2025-06-02 00:00:00","Con limón aparte.","112","1","1550"
"1817",True,"2025-06-02 00:00:00","","120","1","1550"
"1818",True,"2024-08-01 15:41:06.526268","Agregar cubiertos adicionales.","266","1","1551"
"1819",True,"2023-08-11 21:27:28.951956","Agregar salsa extra.","178","1","1552"
"1820",True,"2023-06-14 16:34:10.187897","Entrega rápida.","59","1","1553"
"1821",True,"2025-01-10 21:32:50.207046","Evitar ingredientes crudos.","239","1","1554"
"1822",True,"2024-04-19 13:41:22.213132","Agregar salsa extra.","64","1","1555"
"1823",True,"2024-04-29 20:53:02.450131","No añadir mayonesa.","87","1","1556"
"1824",True,"2024-08-04 16:46:47.993873","Agregar cubiertos adicionales.","194","1","1557"
"1825",True,"2024-08-19 13:50:37.059615","Usar queso sin lactosa.","136","1","1558"
"1826",True,"2024-09-27 14:11:08.064123","Sin aderezo.","131","1","1559"
"1827",True,"2024-09-27 13:36:50.429478","Sin cebolla, por favor.","156","1","1559"
"1828",True,"2023-12-15 21:33:19.421116","Evitar ingredientes crudos.","198","1","1560"
"1829",True,"2023-08-09 20:27:18.719731","","86","1","1561"
"1830",True,"2023-08-09 20:39:30.220358","Servir bien caliente.","296","1","1561"
"1831",True,"2024-08-02 22:36:03.442788","Plato para compartir.","155","1","1562"
"1832",True,"2025-06-02 00:00:00","No añadir mayonesa.","266","1","1563"
"1833",True,"2023-06-23 13:33:30.68491","Agregar salsa extra.","246","1","1564"
"1834",True,"2025-03-12 15:57:43.700199","Plato para compartir.","205","1","1565"
"1835",True,"2023-10-10 22:08:13.023451","Dividir el plato.","148","1","1566"
"1836",True,"2024-10-18 16:12:28.849993","Poco picante.","245","1","1567"
"1837",True,"2023-08-25 21:25:12.985763","Sin cebolla, por favor.","281","1","1568"
"1838",True,"2025-05-30 12:31:20.183868","Entrega rápida.","185","1","1569"
"1839",True,"2025-06-02 00:00:00","Agregar salsa extra.","82","1","1570"
"1840",True,"2024-03-30 15:04:02.135692","No añadir mayonesa.","414","1","1571"
"1841",True,"2024-03-30 15:12:25.569868","No añadir mayonesa.","132","1","1571"
"1842",True,"2024-07-05 13:23:16.71795","Cocinar bien la carne.","168","1","1572"
"1843",True,"2024-09-01 20:38:04.309753","Usar queso sin lactosa.","268","1","1573"
"1844",True,"2023-12-21 14:32:20.688379","No incluir pan.","82","1","1574"
"1845",True,"2024-05-03 16:46:31.127462","","31","1","1575"
"1846",True,"2024-07-12 13:45:16.894449","Preparar como la vez pasada.","153","1","1576"
"1847",True,"2025-06-02 00:00:00","Poco picante.","118","1","1577"
"1848",True,"2024-06-07 13:48:23.5263","","189","1","1578"
"1849",True,"2025-05-16 13:58:24.334851","Dividir el plato.","180","1","1579"
"1850",True,"2024-01-26 20:09:49.721725","Sin cebolla, por favor.","103","1","1580"
"1851",True,"2023-07-21 15:05:24.087983","Evitar ingredientes crudos.","182","1","1581"
"1852",True,"2023-07-23 22:05:28.340288","Dividir el plato.","82","1","1582"
"1853",True,"2024-01-05 14:51:29.611311","No incluir pan.","114","1","1583"
"1854",True,"2024-07-12 23:47:17.908741","Dividir el plato.","88","1","1584"
"1855",True,"2023-11-12 15:29:26.140458","Agregar salsa extra.","218","1","1585"
"1856",True,"2025-06-02 00:00:00","Usar queso sin lactosa.","200","1","1586"
"1857",True,"2024-07-02 15:07:08.286819","Sin cebolla, por favor.","240","1","1587"
"1858",True,"2024-07-02 15:24:24.754896","Cocinar bien la carne.","315","1","1587"
"1859",True,"2025-01-29 14:11:14.348055","Con limón aparte.","178","1","1588"
"1860",True,"2024-04-19 15:59:33.039146","Servir bien caliente.","124","1","1589"
"1861",True,"2025-02-07 19:39:13.855488","Dividir el plato.","313","1","1590"
"1862",True,"2023-08-20 13:32:29.799114","No incluir pan.","289","1","1591"
"1863",True,"2024-04-12 13:50:27.173544","No incluir pan.","156","1","1592"
"1864",True,"2023-08-18 15:41:38.1209","Evitar ingredientes crudos.","218","1","1593"
"1865",True,"2023-12-29 22:14:09.886224","Entrega rápida.","40","1","1594"
"1866",True,"2023-06-16 20:56:42.826361","No añadir mayonesa.","107","1","1595"
"1867",True,"2025-06-02 00:00:00","Sin aderezo.","160","1","1596"
"1868",True,"2024-08-17 14:35:36.5042","Con limón aparte.","350","1","1597"
"1869",True,"2024-12-04 14:57:03.262435","Usar queso sin lactosa.","267","1","1598"
"1870",True,"2024-12-29 23:56:11.024738","Sin aderezo.","244","1","1599"
"1871",True,"2023-09-01 20:40:00.341967","Preparar como la vez pasada.","127","1","1600"
"1872",True,"2024-04-25 15:12:22.051909","Plato para compartir.","228","1","1601"
"1873",True,"2023-10-31 20:49:13.668354","Con limón aparte.","217","1","1602"
"1874",True,"2023-10-20 19:31:32.197861","No incluir pan.","257","1","1603"
"1875",True,"2024-05-24 21:24:15.142742","","86","1","1604"
"1876",True,"2023-12-29 20:48:33.407209","Plato para compartir.","262","1","1605"
"1877",True,"2025-01-17 21:12:29.721701","Evitar ingredientes crudos.","132","1","1606"
"1878",True,"2024-04-30 21:04:43.65105","Preparar como la vez pasada.","275","1","1607"
"1879",True,"2024-07-23 13:45:43.96963","Servir bien caliente.","196","1","1608"
"1880",True,"2024-10-30 15:33:51.613542","Con limón aparte.","250","1","1609"
"1881",True,"2024-12-07 13:01:37.353836","Sin aderezo.","176","1","1610"
"1882",True,"2023-08-11 21:34:34.775104","No añadir mayonesa.","211","1","1611"
"1883",True,"2024-06-21 21:33:00.069052","Plato para compartir.","114","1","1612"
"1884",True,"2023-07-07 16:07:39.211089","Servir bien caliente.","206","1","1613"
"1885",True,"2023-07-07 14:50:01.666063","","144","1","1613"
"1886",True,"2024-08-07 14:48:08.834412","Cocinar bien la carne.","97","1","1614"
"1887",True,"2024-07-04 23:13:01.158134","Agregar salsa extra.","56","1","1615"
"1888",True,"2024-07-04 23:24:47.149988","Dividir el plato.","138","1","1615"
"1889",True,"2024-07-04 22:38:25.821578","Usar queso sin lactosa.","253","1","1615"
"1890",True,"2024-05-17 13:32:54.472231","Sin cebolla, por favor.","361","1","1616"
"1891",True,"2024-12-09 14:25:14.928481","Cocinar bien la carne.","78","1","1617"
"1892",True,"2023-08-11 22:50:55.859549","Cocinar bien la carne.","111","1","1618"
"1893",True,"2024-02-16 20:38:25.047647","Dividir el plato.","194","1","1619"
"1894",True,"2025-06-02 00:00:00","No añadir mayonesa.","142","1","1620"
"1895",True,"2025-06-02 00:00:00","Dividir el plato.","260","1","1620"
"1896",True,"2024-08-21 22:39:48.112937","Servir bien caliente.","147","1","1621"
"1897",True,"2023-12-15 21:18:04.767439","Dividir el plato.","84","1","1622"
"1898",True,"2025-03-14 13:45:39.035639","Usar queso sin lactosa.","81","1","1623"
"1899",True,"2024-02-26 19:52:42.815949","Evitar ingredientes crudos.","38","1","1624"
"1900",True,"2023-07-17 20:31:44.773665","Evitar ingredientes crudos.","159","1","1625"
"1901",True,"2023-07-17 21:38:08.470244","No añadir mayonesa.","247","1","1625"
"1902",True,"2025-04-04 21:01:58.574327","Sin cebolla, por favor.","237","1","1626"
"1903",True,"2023-06-16 13:30:10.557628","Servir bien caliente.","133","1","1627"
"1904",True,"2023-08-20 14:48:24.708546","Plato para compartir.","86","1","1628"
"1905",True,"2024-07-05 12:24:58.48882","Poco picante.","268","1","1629"
"1906",True,"2024-07-05 12:27:06.520208","Entrega rápida.","180","1","1629"
"1907",True,"2024-10-04 20:43:18.288956","No añadir mayonesa.","164","1","1630"
"1908",True,"2024-01-18 19:25:46.825061","Usar queso sin lactosa.","147","1","1631"
"1909",True,"2025-04-19 20:58:41.662712","Entrega rápida.","189","1","1632"
"1910",True,"2025-03-24 13:44:38.96834","","258","1","1633"
"1911",True,"2025-03-24 15:04:26.774612","Usar queso sin lactosa.","217","1","1633"
"1912",True,"2024-08-02 15:17:57.852994","Preparar como la vez pasada.","41","1","1634"
"1913",True,"2025-03-28 15:53:24.452046","Servir en dos platos.","322","1","1635"
"1914",True,"2024-11-08 22:16:04.527924","Usar queso sin lactosa.","190","1","1636"
"1915",True,"2024-09-27 15:26:58.881317","Servir bien caliente.","106","1","1637"
"1916",True,"2024-03-05 14:45:30.612828","Servir bien caliente.","87","1","1638"
"1917",True,"2024-08-23 21:59:09.599623","Agregar cubiertos adicionales.","246","1","1639"
"1918",True,"2025-06-02 00:00:00","No añadir mayonesa.","139","1","1640"
"1919",True,"2023-12-28 13:20:23.129757","Con limón aparte.","235","1","1641"
"1920",True,"2023-12-29 14:53:18.75501","Con limón aparte.","112","1","1642"
"1921",True,"2024-07-12 21:08:03.480736","Plato para compartir.","67","1","1643"
"1922",True,"2024-06-21 12:53:01.757948","Cocinar bien la carne.","161","1","1644"
"1923",True,"2024-06-21 13:16:13.974599","Servir bien caliente.","260","1","1644"
"1924",True,"2024-09-09 15:09:47.043037","Cocinar bien la carne.","163","1","1645"
"1925",True,"2025-01-31 14:43:18.815375","Dividir el plato.","97","1","1646"
"1926",True,"2025-01-31 14:39:30.340114","Cocinar bien la carne.","215","1","1646"
"1927",True,"2024-03-15 14:48:41.19475","No añadir mayonesa.","37","1","1647"
"1928",True,"2024-03-15 13:58:14.155557","Con limón aparte.","178","1","1647"
"1929",True,"2024-03-15 14:02:46.176579","No añadir mayonesa.","68","1","1647"
"1930",True,"2023-07-12 13:33:58.558012","Poco picante.","247","1","1648"
"1931",True,"2024-02-09 21:13:24.456634","Evitar ingredientes crudos.","202","1","1649"
"1932",True,"2024-12-20 16:11:29.933652","Poco picante.","83","1","1650"
"1933",True,"2023-11-17 15:45:10.964476","No incluir pan.","233","1","1651"
"1934",True,"2024-09-14 14:10:04.553272","No añadir mayonesa.","368","1","1652"
"1935",True,"2024-07-06 20:22:18.018563","Dividir el plato.","310","1","1653"
"1936",True,"2023-12-30 22:00:38.943692","","98","1","1654"
"1937",True,"2024-11-02 20:13:58.834699","Sin cebolla, por favor.","72","1","1655"
"1938",True,"2024-01-05 15:27:56.03145","Sin aderezo.","71","1","1656"
"1939",True,"2023-06-26 22:00:14.355664","Sin aderezo.","269","1","1657"
"1940",True,"2024-06-07 23:34:23.339638","Preparar como la vez pasada.","176","1","1658"
"1941",True,"2024-06-07 21:52:49.441079","No añadir mayonesa.","259","1","1658"
"1942",True,"2024-06-07 21:32:44.787561","Evitar ingredientes crudos.","109","1","1658"
"1943",True,"2024-03-08 20:06:41.319104","No añadir mayonesa.","262","1","1659"
"1944",True,"2023-07-09 14:19:11.995549","Usar queso sin lactosa.","164","1","1660"
"1945",True,"2023-08-25 13:45:04.339134","Con limón aparte.","202","1","1661"
"1946",True,"2024-07-19 20:35:48.999787","Sin cebolla, por favor.","273","1","1662"
"1947",True,"2024-03-29 14:04:51.46536","Plato para compartir.","49","1","1663"
"1948",True,"2023-08-09 14:01:43.597484","Sin aderezo.","135","1","1664"
"1949",True,"2023-07-10 15:31:54.143677","Sin aderezo.","212","1","1665"
"1950",True,"2024-07-12 14:21:09.548932","Poco picante.","243","1","1666"
"1951",True,"2024-07-12 14:30:41.711797","Servir bien caliente.","225","1","1666"
"1952",True,"2024-07-12 14:50:15.964827","Cocinar bien la carne.","410","1","1666"
"1953",True,"2025-01-09 19:53:23.744767","Agregar cubiertos adicionales.","62","1","1667"
"1954",True,"2023-08-09 15:10:29.290895","Agregar cubiertos adicionales.","56","1","1668"
"1955",True,"2023-08-09 14:43:43.815021","Cocinar bien la carne.","154","1","1668"
"1956",True,"2024-11-22 21:18:15.458282","Entrega rápida.","273","1","1669"
"1957",True,"2024-08-19 14:02:51.503805","Evitar ingredientes crudos.","158","1","1670"
"1958",True,"2023-09-28 19:49:41.509175","Con limón aparte.","188","1","1671"
"1959",True,"2024-01-12 16:09:48.518873","Entrega rápida.","285","1","1672"
"1960",True,"2024-01-12 13:29:23.802983","Sin aderezo.","195","1","1672"
"1961",True,"2025-03-27 14:50:02.900563","Agregar cubiertos adicionales.","195","1","1673"
"1962",True,"2024-07-19 14:39:20.00046","Sin cebolla, por favor.","72","1","1674"
"1963",True,"2025-06-02 00:00:00","Poco picante.","104","1","1675"
"1964",True,"2023-08-25 22:16:27.100756","No añadir mayonesa.","372","1","1676"
"1965",True,"2023-08-11 20:38:09.518489","Plato para compartir.","161","1","1677"
"1966",True,"2023-06-30 14:43:33.735698","No incluir pan.","350","1","1678"
"1967",True,"2024-03-22 21:45:18.272602","Agregar cubiertos adicionales.","350","1","1679"
"1968",True,"2025-04-14 21:19:31.508644","Servir en dos platos.","134","1","1680"
"1969",True,"2024-05-05 22:23:41.562718","Sin cebolla, por favor.","220","1","1681"
"1970",True,"2024-08-15 13:08:31.266794","","191","1","1682"
"1971",True,"2024-08-15 13:29:19.725852","Plato para compartir.","164","1","1682"
"1972",True,"2024-08-16 15:52:06.001311","Cocinar bien la carne.","134","1","1683"
"1973",True,"2023-08-11 16:11:43.396678","Agregar salsa extra.","249","1","1684"
"1974",True,"2023-08-11 14:37:49.429293","Agregar cubiertos adicionales.","96","1","1684"
"1975",True,"2023-08-11 15:23:55.800647","Usar queso sin lactosa.","126","1","1684"
"1976",True,"2025-02-22 21:06:47.135232","Sin cebolla, por favor.","65","1","1685"
"1977",True,"2024-11-22 21:44:21.461269","Sin aderezo.","207","1","1686"
"1978",True,"2024-08-23 20:45:16.658698","Entrega rápida.","100","1","1687"
"1979",True,"2024-07-23 15:18:51.20789","Servir bien caliente.","161","1","1688"
"1980",True,"2025-05-16 22:07:20.921658","Usar queso sin lactosa.","98","1","1689"
"1981",True,"2025-03-07 13:13:50.410024","Servir en dos platos.","132","1","1690"
"1982",True,"2025-03-07 13:01:39.115247","Con limón aparte.","67","1","1690"
"1983",True,"2024-08-23 15:06:32.685855","Plato para compartir.","156","1","1691"
"1984",True,"2024-07-12 14:42:23.00785","Sin aderezo.","46","1","1692"
"1985",True,"2025-02-07 12:16:12.362435","Servir en dos platos.","218","1","1693"
"1986",True,"2024-12-06 21:50:53.059977","Servir en dos platos.","162","1","1694"
"1987",True,"2023-10-20 23:02:29.849944","Plato para compartir.","338","1","1695"
"1988",True,"2023-11-18 13:45:18.367925","Sin aderezo.","240","1","1696"
"1989",True,"2023-11-23 20:08:33.847692","Sin aderezo.","200","1","1697"
"1990",True,"2023-10-27 14:40:33.842771","Usar queso sin lactosa.","277","1","1698"
"1991",True,"2025-05-09 15:03:59.627682","Entrega rápida.","98","1","1699"
"1992",True,"2025-05-09 16:01:02.498417","Servir bien caliente.","281","1","1699"
"1993",True,"2024-03-28 19:59:52.510499","Servir bien caliente.","240","1","1700"
"1994",True,"2025-06-02 00:00:00","Preparar como la vez pasada.","274","1","1701"
"1995",True,"2024-09-06 15:25:27.994171","Plato para compartir.","88","1","1702"
"1996",True,"2024-09-06 15:21:30.255622","Preparar como la vez pasada.","259","1","1702"
"1997",True,"2024-08-23 23:24:08.392683","Sin aderezo.","48","1","1703"
"1998",True,"2025-06-02 00:00:00","Dividir el plato.","275","1","1704"
"1999",True,"2024-07-05 22:26:46.50858","No incluir pan.","283","1","1705"
"2000",True,"2024-05-01 22:41:55.989111","","171","1","1706"
"2001",True,"2023-08-09 20:12:21.706365","Poco picante.","172","1","1707"
"2002",True,"2023-10-27 15:57:52.291325","Entrega rápida.","137","1","1708"
"2003",True,"2025-03-14 20:58:16.257208","Usar queso sin lactosa.","203","1","1709"
"2004",True,"2023-11-03 23:20:27.021984","Poco picante.","152","1","1710"
"2005",True,"2024-08-20 13:11:01.137662","Dividir el plato.","296","1","1711"
"2006",True,"2023-07-21 21:57:40.166449","Usar queso sin lactosa.","84","1","1712"
"2007",True,"2025-02-14 21:19:12.90826","Evitar ingredientes crudos.","43","1","1713"
"2008",True,"2025-06-02 00:00:00","No incluir pan.","62","1","1714"
"2009",True,"2025-06-02 00:00:00","No añadir mayonesa.","139","1","1714"
"2010",True,"2025-06-02 00:00:00","Entrega rápida.","139","1","1714"
"2011",True,"2023-06-09 15:16:03.926339","Sin cebolla, por favor.","158","1","1715"
"2012",True,"2025-02-05 22:00:08.731706","Evitar ingredientes crudos.","118","1","1716"
"2013",True,"2024-07-05 21:43:41.330634","Sin cebolla, por favor.","220","1","1717"
"2014",True,"2024-12-11 22:28:30.546812","Dividir el plato.","309","1","1718"
"2015",True,"2024-12-11 21:19:40.236507","Entrega rápida.","184","1","1718"
"2016",True,"2024-08-16 14:00:54.453229","Poco picante.","104","1","1719"
"2017",True,"2023-08-19 12:25:05.360077","Con limón aparte.","92","1","1720"
"2018",True,"2023-12-08 13:56:17.836734","No añadir mayonesa.","182","1","1721"
"2019",True,"2024-07-06 15:08:23.010912","Agregar cubiertos adicionales.","308","1","1722"
"2020",True,"2023-06-20 13:14:17.82345","Dividir el plato.","158","1","1723"
"2021",True,"2023-06-20 12:14:47.800875","Dividir el plato.","283","1","1723"
"2022",True,"2024-10-04 14:19:10.094825","Plato para compartir.","130","1","1724"
"2023",True,"2024-01-05 21:43:12.776743","Servir en dos platos.","81","1","1725"
"2024",True,"2024-12-23 22:06:11.772423","Agregar salsa extra.","185","1","1726"
"2025",True,"2025-01-10 15:18:35.78384","Evitar ingredientes crudos.","134","1","1727"
"2026",True,"2024-09-20 22:17:55.181981","Agregar salsa extra.","94","1","1728"
"2027",True,"2024-12-19 15:05:05.84072","Con limón aparte.","107","1","1729"
"2028",True,"2024-12-19 15:19:06.801279","Poco picante.","216","1","1729"
"2029",True,"2024-12-02 14:51:11.150357","","93","1","1730"
"2030",True,"2024-08-24 13:49:09.92466","Plato para compartir.","273","1","1731"
"2031",True,"2024-08-24 14:13:09.941999","Plato para compartir.","187","1","1731"
"2032",True,"2023-06-28 21:42:51.26712","Preparar como la vez pasada.","199","1","1732"
"2033",True,"2024-06-07 16:22:39.726534","Preparar como la vez pasada.","105","1","1733"
"2034",True,"2024-01-26 21:34:57.988161","Entrega rápida.","212","1","1734"
"2035",True,"2024-12-18 21:27:54.034913","Poco picante.","68","1","1735"
"2036",True,"2024-07-03 20:05:46.907298","Con limón aparte.","175","1","1736"
"2037",True,"2024-07-26 22:20:57.854812","Sin aderezo.","88","1","1737"
"2038",True,"2025-03-27 14:05:32.057214","No incluir pan.","194","1","1738"
"2039",True,"2024-07-26 17:08:02.278433","Servir en dos platos.","243","1","1739"
"2040",True,"2024-07-26 15:23:59.692365","Con limón aparte.","259","1","1739"
"2041",True,"2024-12-13 21:08:15.706923","Evitar ingredientes crudos.","391","1","1740"
"2042",True,"2023-10-20 20:56:25.619156","Servir bien caliente.","116","1","1741"
"2043",True,"2024-02-18 12:50:13.953668","No añadir mayonesa.","162","1","1742"
"2044",True,"2025-01-17 12:50:26.461383","Entrega rápida.","132","1","1743"
"2045",True,"2023-08-14 14:43:09.836539","Preparar como la vez pasada.","185","1","1744"
"2046",True,"2025-06-02 00:00:00","Sin cebolla, por favor.","128","1","1745"
"2047",True,"2025-06-02 00:00:00","Cocinar bien la carne.","100","1","1745"
"2048",True,"2024-04-29 21:31:34.714434","","92","1","1746"
"2049",True,"2024-04-29 21:41:15.861197","Evitar ingredientes crudos.","92","1","1746"
"2050",True,"2024-05-31 22:33:45.650937","Plato para compartir.","209","1","1747"
"2051",True,"2024-02-16 14:02:02.475944","Entrega rápida.","262","1","1748"
"2052",True,"2023-12-29 14:34:13.276217","Servir bien caliente.","84","1","1749"
"2053",True,"2025-01-24 14:18:24.009476","Entrega rápida.","91","1","1750"
"2054",True,"2025-01-24 13:50:50.277092","No añadir mayonesa.","191","1","1750"
"2055",True,"2025-01-24 13:42:29.512584","Usar queso sin lactosa.","270","1","1750"
"2056",True,"2024-07-05 20:24:07.797029","Sin aderezo.","214","1","1751"
"2057",True,"2024-07-05 22:59:17.969242","Cocinar bien la carne.","326","1","1752"
"2058",True,"2025-05-09 21:06:54.501095","Sin aderezo.","81","1","1753"
"2059",True,"2024-07-04 23:32:34.172637","Plato para compartir.","205","1","1754"
"2060",True,"2024-07-04 22:41:58.905875","No incluir pan.","279","1","1754"
"2061",True,"2025-03-07 14:19:58.098371","No incluir pan.","117","1","1755"
"2062",True,"2023-12-09 17:15:13.713696","Agregar cubiertos adicionales.","67","1","1756"
"2063",True,"2025-03-07 21:38:05.380001","Agregar salsa extra.","168","1","1757"
"2064",True,"2024-02-09 16:08:18.524899","Dividir el plato.","307","1","1758"
"2065",True,"2025-06-02 00:00:00","Sin cebolla, por favor.","209","1","1759"
"2066",True,"2023-09-15 19:54:46.669318","Evitar ingredientes crudos.","196","1","1760"
"2067",True,"2023-07-14 21:12:21.41914","Agregar cubiertos adicionales.","365","1","1761"
"2068",True,"2023-07-08 13:52:16.042644","Servir bien caliente.","117","1","1762"
"2069",True,"2025-06-02 00:00:00","Plato para compartir.","170","1","1763"
"2070",True,"2024-05-10 15:15:50.903679","Servir en dos platos.","337","1","1764"
"2071",True,"2024-05-10 14:59:23.662168","Plato para compartir.","83","1","1764"
"2072",True,"2024-12-13 12:52:24.333625","Servir bien caliente.","224","1","1765"
"2073",True,"2024-01-27 14:49:14.625873","Sin cebolla, por favor.","104","1","1766"
"2074",True,"2024-01-27 15:13:31.310662","Plato para compartir.","238","1","1766"
"2075",True,"2024-12-19 21:36:38.844446","Poco picante.","90","1","1767"
"2076",True,"2025-05-09 14:55:57.871764","Agregar salsa extra.","201","1","1768"
"2077",True,"2025-05-02 12:51:57.100528","Usar queso sin lactosa.","106","1","1769"
"2078",True,"2025-05-02 13:33:19.445713","","161","1","1769"
"2079",True,"2025-05-02 12:57:49.651632","No añadir mayonesa.","127","1","1769"
"2080",True,"2024-12-22 21:04:27.454613","Servir en dos platos.","51","1","1770"
"2081",True,"2023-11-10 22:42:16.742527","Plato para compartir.","172","1","1771"
"2082",True,"2024-03-15 21:59:16.593527","Sin aderezo.","184","1","1772"
"2083",True,"2024-12-06 21:33:59.973745","Dividir el plato.","146","1","1773"
"2084",True,"2024-12-27 21:41:51.796814","Servir en dos platos.","318","1","1774"
"2085",True,"2023-12-13 21:07:12.912411","Usar queso sin lactosa.","180","1","1775"
"2086",True,"2024-02-23 14:13:05.964931","Usar queso sin lactosa.","143","1","1776"
"2087",True,"2024-02-23 14:03:59.313976","Sin aderezo.","158","1","1776"
"2088",True,"2024-07-13 20:55:17.718305","Servir bien caliente.","113","1","1777"
"2089",True,"2024-08-20 13:29:13.571054","No incluir pan.","175","1","1778"
"2090",True,"2023-07-07 22:09:28.731362","Usar queso sin lactosa.","111","1","1779"
"2091",True,"2024-08-24 14:52:14.915678","","91","1","1780"
"2092",True,"2023-11-02 21:38:09.32904","No añadir mayonesa.","128","1","1781"
"2093",True,"2024-03-01 15:51:10.367882","Sin cebolla, por favor.","201","1","1782"
"2094",True,"2023-11-03 22:18:33.287055","Preparar como la vez pasada.","65","1","1783"
"2095",True,"2024-09-27 12:57:51.510228","No añadir mayonesa.","46","1","1784"
"2096",True,"2023-09-01 20:21:40.609995","Agregar salsa extra.","87","1","1785"
"2097",True,"2024-03-08 14:43:38.481835","Usar queso sin lactosa.","167","1","1786"
"2098",True,"2023-07-14 19:16:30.171227","Poco picante.","161","1","1787"
"2099",True,"2023-06-19 20:28:03.582817","Evitar ingredientes crudos.","200","1","1788"
"2100",True,"2024-07-12 22:05:18.791552","Servir en dos platos.","199","1","1789"
"2101",True,"2024-07-12 21:15:14.230282","Preparar como la vez pasada.","288","1","1789"
"2102",True,"2024-07-12 21:34:57.63618","No incluir pan.","31","1","1789"
"2103",True,"2024-12-13 14:06:56.349749","Plato para compartir.","174","1","1790"
"2104",True,"2024-07-19 13:49:46.584028","Cocinar bien la carne.","232","1","1791"
"2105",True,"2024-11-22 23:01:38.512062","Con limón aparte.","75","1","1792"
"2106",True,"2023-10-13 21:31:26.066404","Agregar salsa extra.","98","1","1793"
"2107",True,"2023-07-13 21:26:46.157182","Entrega rápida.","86","1","1794"
"2108",True,"2023-07-21 22:59:42.021435","Cocinar bien la carne.","228","1","1795"
"2109",True,"2023-06-25 14:41:33.908882","Sin aderezo.","188","1","1796"
"2110",True,"2024-01-19 22:26:59.942007","Sin cebolla, por favor.","261","1","1797"
"2111",True,"2024-09-20 22:56:45.139945","Usar queso sin lactosa.","42","1","1798"
"2112",True,"2024-08-02 14:53:27.111631","Agregar salsa extra.","128","1","1799"
"2113",True,"2023-12-24 21:10:59.218123","Entrega rápida.","128","1","1800"
"2114",True,"2023-12-24 21:28:11.744002","Agregar salsa extra.","218","1","1800"
"2115",True,"2025-06-02 00:00:00","Evitar ingredientes crudos.","138","1","1801"
"2116",True,"2024-01-19 13:15:03.168571","Con limón aparte.","166","1","1802"
"2117",True,"2024-07-05 20:53:27.348564","Servir bien caliente.","244","1","1803"
"2118",True,"2023-07-12 13:47:41.973699","","266","1","1804"
"2119",True,"2025-06-02 00:00:00","Usar queso sin lactosa.","336","1","1805"
"2120",True,"2025-02-07 20:14:04.922759","Sin cebolla, por favor.","231","1","1806"
"2121",True,"2025-06-02 00:00:00","Agregar cubiertos adicionales.","222","1","1807"
"2122",True,"2025-06-02 00:00:00","Agregar salsa extra.","128","1","1807"
"2123",True,"2023-08-22 20:35:28.405899","No añadir mayonesa.","326","1","1808"
"2124",True,"2023-12-22 15:27:40.629255","","88","1","1809"
"2125",True,"2024-08-10 13:00:08.775422","","150","1","1810"
"2126",True,"2023-07-15 15:30:53.036098","Con limón aparte.","97","1","1811"
"2127",True,"2023-07-15 15:01:46.380625","No incluir pan.","306","1","1811"
"2128",True,"2024-07-14 22:19:23.080399","Dividir el plato.","185","1","1812"
"2129",True,"2024-11-15 21:23:11.221646","Agregar cubiertos adicionales.","164","1","1813"
"2130",True,"2024-07-05 16:03:59.121295","Usar queso sin lactosa.","154","1","1814"
"2131",True,"2024-02-17 20:23:05.831788","Cocinar bien la carne.","403","1","1815"
"2132",True,"2024-08-09 14:01:12.258381","Agregar salsa extra.","87","1","1816"
"2133",True,"2023-09-29 13:14:21.243858","Poco picante.","216","1","1817"
"2134",True,"2024-02-02 21:07:36.547286","Servir en dos platos.","225","1","1818"
"2135",True,"2025-03-28 12:47:17.271311","Usar queso sin lactosa.","312","1","1819"
"2136",True,"2025-03-28 13:06:51.799781","Cocinar bien la carne.","169","1","1819"
"2137",True,"2024-11-08 21:05:11.19505","Cocinar bien la carne.","107","1","1820"
"2138",True,"2024-11-08 23:32:46.226353","Con limón aparte.","149","1","1820"
"2139",True,"2024-11-08 23:06:38.595693","Usar queso sin lactosa.","342","1","1820"
"2140",True,"2025-06-02 00:00:00","Dividir el plato.","250","1","1821"
"2141",True,"2025-03-07 22:18:46.262612","","114","1","1822"
"2142",True,"2023-11-03 21:51:20.81801","Dividir el plato.","183","1","1823"
"2143",True,"2024-03-29 14:52:11.368905","Agregar salsa extra.","194","1","1824"
"2144",True,"2023-12-15 14:15:59.493056","Poco picante.","62","1","1825"
"2145",True,"2025-01-03 20:35:47.600266","Preparar como la vez pasada.","136","1","1826"
"2146",True,"2024-07-13 20:37:36.696379","Sin cebolla, por favor.","60","1","1827"
"2147",True,"2024-11-15 21:53:42.18495","Dividir el plato.","186","1","1828"
"2148",True,"2024-11-16 00:00:25.181864","Con limón aparte.","169","1","1828"
"2149",True,"2024-03-19 21:12:10.922251","Preparar como la vez pasada.","85","1","1829"
"2150",True,"2024-05-17 14:25:55.712126","Plato para compartir.","241","1","1830"
"2151",True,"2023-09-05 19:28:34.852884","Sin aderezo.","205","1","1831"
"2152",True,"2024-08-16 14:33:13.289797","Cocinar bien la carne.","113","1","1832"
"2153",True,"2024-08-16 14:58:06.569741","Plato para compartir.","368","1","1832"
"2154",True,"2024-02-14 19:49:05.074657","Sin cebolla, por favor.","255","1","1833"
"2155",True,"2025-03-04 13:47:19.736269","Servir bien caliente.","314","1","1834"
"2156",True,"2024-07-05 20:39:02.988382","Evitar ingredientes crudos.","168","1","1835"
"2157",True,"2023-12-30 14:49:52.852959","No incluir pan.","98","1","1836"
"2158",True,"2023-12-30 12:45:09.919689","Servir en dos platos.","271","1","1836"
"2159",True,"2023-07-28 21:52:26.281807","Plato para compartir.","187","1","1837"
"2160",True,"2023-07-28 21:38:57.459654","Preparar como la vez pasada.","332","1","1837"
"2161",True,"2025-03-07 14:42:25.20939","Evitar ingredientes crudos.","224","1","1838"
"2162",True,"2025-06-02 00:00:00","Preparar como la vez pasada.","158","1","1839"
"2163",True,"2025-06-02 00:00:00","Entrega rápida.","205","1","1840"
"2164",True,"2023-07-20 21:15:29.972378","Entrega rápida.","295","1","1841"
"2165",True,"2023-08-09 20:00:28.257002","Agregar salsa extra.","150","1","1842"
"2166",True,"2023-12-29 12:54:20.1565","Plato para compartir.","254","1","1843"
"2167",True,"2025-05-02 12:49:38.888821","Sin aderezo.","100","1","1844"
"2168",True,"2025-05-02 13:29:19.908922","Con limón aparte.","153","1","1844"
"2169",True,"2025-05-02 12:27:32.75876","Dividir el plato.","100","1","1844"
"2170",True,"2023-10-20 14:24:18.415861","Entrega rápida.","132","1","1845"
"2171",True,"2024-07-12 20:56:49.89942","Cocinar bien la carne.","156","1","1846"
"2172",True,"2023-07-08 14:11:53.319866","Plato para compartir.","232","1","1847"
"2173",True,"2024-12-06 22:11:37.269603","No incluir pan.","217","1","1848"
"2174",True,"2024-12-06 20:36:33.297269","Plato para compartir.","385","1","1848"
"2175",True,"2023-08-18 13:31:45.13784","Sin aderezo.","217","1","1849"
"2176",True,"2023-08-18 13:11:10.257656","Plato para compartir.","141","1","1849"
"2177",True,"2023-08-14 13:55:29.125763","Con limón aparte.","131","1","1850"
"2178",True,"2024-01-27 14:24:39.679911","Con limón aparte.","320","1","1851"
"2179",True,"2024-12-09 12:28:57.77852","Dividir el plato.","395","1","1852"
"2180",True,"2024-10-18 22:27:29.870555","Entrega rápida.","174","1","1853"
"2181",True,"2025-05-23 19:54:30.920773","Evitar ingredientes crudos.","174","1","1854"
"2182",True,"2025-05-23 19:42:42.001396","Plato para compartir.","118","1","1854"
"2183",True,"2024-06-09 13:59:53.535771","Dividir el plato.","204","1","1855"
"2184",True,"2024-06-09 15:01:01.783136","Sin aderezo.","213","1","1855"
"2185",True,"2024-08-02 23:19:15.668843","Cocinar bien la carne.","192","1","1856"
"2186",True,"2024-08-02 22:11:17.112669","Preparar como la vez pasada.","318","1","1856"
"2187",True,"2023-09-17 14:37:19.786591","Dividir el plato.","294","1","1857"
"2188",True,"2024-05-03 21:48:39.646842","","66","1","1858"
"2189",True,"2025-06-02 00:00:00","Preparar como la vez pasada.","114","1","1859"
"2190",True,"2023-07-06 15:27:11.528238","Poco picante.","328","1","1860"
"2191",True,"2025-03-28 16:50:56.565021","Cocinar bien la carne.","168","1","1861"
"2192",True,"2024-03-22 22:44:57.428073","Agregar cubiertos adicionales.","122","1","1862"
"2193",True,"2023-12-08 20:05:59.763814","Servir en dos platos.","138","1","1863"
"2194",True,"2024-12-15 14:19:38.123814","Sin cebolla, por favor.","93","1","1864"
"2195",True,"2024-12-15 13:53:25.998388","Plato para compartir.","256","1","1864"
"2196",True,"2024-07-05 21:22:16.026089","","231","1","1865"
"2197",True,"2024-12-26 13:49:14.334814","No incluir pan.","251","1","1866"
"2198",True,"2024-12-26 15:03:32.024758","Sin cebolla, por favor.","237","1","1866"
"2199",True,"2025-03-21 13:36:28.764778","Agregar cubiertos adicionales.","213","1","1867"
"2200",True,"2024-07-05 22:39:41.041742","No incluir pan.","86","1","1868"
"2201",True,"2024-07-05 23:14:29.270004","Con limón aparte.","160","1","1868"
"2202",True,"2024-07-05 22:42:29.355537","Entrega rápida.","54","1","1868"
"2203",True,"2024-12-13 15:11:01.527268","Servir en dos platos.","72","1","1869"
"2204",True,"2025-06-02 00:00:00","Sin aderezo.","202","1","1870"
"2205",True,"2024-07-06 14:43:20.847148","Evitar ingredientes crudos.","220","1","1871"
"2206",True,"2024-12-17 22:55:59.442216","Dividir el plato.","67","1","1872"
"2207",True,"2023-12-01 14:46:07.85843","No incluir pan.","210","1","1873"
"2208",True,"2024-05-24 15:26:10.400723","Entrega rápida.","99","1","1874"
"2209",True,"2024-12-26 14:24:18.392381","Preparar como la vez pasada.","152","1","1875"
"2210",True,"2023-06-18 22:30:17.212191","Sin cebolla, por favor.","110","1","1876"
"2211",True,"2025-04-23 14:48:58.381018","Poco picante.","266","1","1877"
"2212",True,"2023-11-17 22:31:59.06297","Con limón aparte.","326","1","1878"
"2213",True,"2024-08-05 19:29:38.413742","Poco picante.","147","1","1879"
"2214",True,"2024-08-10 21:55:08.202807","No añadir mayonesa.","97","1","1880"
"2215",True,"2024-08-10 19:48:15.182621","Agregar cubiertos adicionales.","178","1","1880"
"2216",True,"2024-12-02 15:06:59.274246","Plato para compartir.","188","1","1881"
"2217",True,"2024-03-18 14:09:30.985112","Sin aderezo.","210","1","1882"
"2218",True,"2024-12-27 15:19:15.094486","Plato para compartir.","309","1","1883"
"2219",True,"2024-07-19 15:13:00.125067","Servir en dos platos.","94","1","1884"
"2220",True,"2023-07-31 22:08:00.965021","No añadir mayonesa.","212","1","1885"
"2221",True,"2024-08-15 22:05:17.956709","No incluir pan.","248","1","1886"
"2222",True,"2024-12-07 21:51:23.109827","Entrega rápida.","309","1","1887"
"2223",True,"2024-04-08 14:39:00.353002","Dividir el plato.","61","1","1888"
"2224",True,"2023-08-08 15:05:25.826923","Preparar como la vez pasada.","95","1","1889"
"2225",True,"2023-10-14 14:29:24.336998","Entrega rápida.","307","1","1890"
"2226",True,"2023-10-14 13:34:51.001254","Cocinar bien la carne.","161","1","1890"
"2227",True,"2024-05-17 22:59:53.534602","Evitar ingredientes crudos.","374","1","1891"
"2228",True,"2024-05-17 21:56:22.555654","No incluir pan.","102","1","1891"
"2229",True,"2024-03-19 19:41:50.162793","Servir en dos platos.","82","1","1892"
"2230",True,"2024-10-25 14:14:48.376449","No añadir mayonesa.","119","1","1893"
"2231",True,"2025-03-21 14:41:08.736162","No añadir mayonesa.","141","1","1894"
"2232",True,"2024-06-14 13:29:53.798884","No incluir pan.","202","1","1895"
"2233",True,"2023-07-20 22:09:21.925087","Entrega rápida.","76","1","1896"
"2234",True,"2023-08-04 12:50:28.210444","Evitar ingredientes crudos.","172","1","1897"
"2235",True,"2024-08-24 21:43:35.02262","Usar queso sin lactosa.","188","1","1898"
"2236",True,"2024-08-24 20:42:54.582291","Evitar ingredientes crudos.","331","1","1898"
"2237",True,"2024-05-31 22:53:04.282796","Plato para compartir.","190","1","1899"
"2238",True,"2025-01-06 20:09:10.09185","Sin aderezo.","65","1","1900"
"2239",True,"2024-06-27 22:05:36.987356","Servir en dos platos.","222","1","1901"
"2240",True,"2023-08-03 21:28:12.318687","Agregar cubiertos adicionales.","183","1","1902"
"2241",True,"2024-12-31 13:10:50.576316","Usar queso sin lactosa.","85","1","1903"
"2242",True,"2024-07-27 21:39:09.285329","Dividir el plato.","144","1","1904"
"2243",True,"2024-07-02 15:53:09.948641","Agregar cubiertos adicionales.","127","1","1905"
"2244",True,"2024-07-02 15:35:05.600667","Servir bien caliente.","171","1","1905"
"2245",True,"2024-04-26 19:27:53.424652","Sin aderezo.","202","1","1906"
"2246",True,"2024-07-12 21:07:45.311425","Usar queso sin lactosa.","228","1","1907"
"2247",True,"2023-12-03 20:32:06.531829","Agregar salsa extra.","229","1","1908"
"2248",True,"2023-07-28 21:17:50.854882","Cocinar bien la carne.","122","1","1909"
"2249",True,"2024-01-12 14:28:11.479851","Sin cebolla, por favor.","259","1","1910"
"2250",True,"2023-11-03 13:13:22.706111","Usar queso sin lactosa.","127","1","1911"
"2251",True,"2023-12-01 22:17:56.842593","Dividir el plato.","54","1","1912"
"2252",True,"2024-11-15 20:53:13.186583","Sin cebolla, por favor.","249","1","1913"
"2253",True,"2023-12-08 13:11:56.79609","Plato para compartir.","276","1","1914"
"2254",True,"2023-12-29 14:55:19.569664","Cocinar bien la carne.","258","1","1915"
"2255",True,"2023-09-22 14:18:15.36001","Servir en dos platos.","180","1","1916"
"2256",True,"2025-03-21 21:53:41.388746","Cocinar bien la carne.","173","1","1917"
"2257",True,"2024-10-04 20:21:44.605746","","189","1","1918"
"2258",True,"2024-10-04 20:43:36.928591","Usar queso sin lactosa.","55","1","1918"
"2259",True,"2025-01-17 15:13:49.145781","Con limón aparte.","104","1","1919"
"2260",True,"2023-07-21 13:31:52.344991","Agregar salsa extra.","100","1","1920"
"2261",True,"2023-07-21 13:23:09.685802","Sin aderezo.","220","1","1920"
"2262",True,"2024-07-26 12:55:31.427585","Poco picante.","118","1","1921"
"2263",True,"2023-07-29 12:41:31.274995","Dividir el plato.","171","1","1922"
"2264",True,"2025-04-09 21:10:06.806243","No incluir pan.","260","1","1923"
"2265",True,"2025-04-09 21:23:50.491563","No incluir pan.","66","1","1923"
"2266",True,"2023-07-14 19:32:10.047611","Con limón aparte.","131","1","1924"
"2267",True,"2024-11-22 15:16:45.820015","Sin cebolla, por favor.","202","1","1925"
"2268",True,"2025-03-07 14:31:39.873618","Evitar ingredientes crudos.","210","1","1926"
"2269",True,"2024-06-21 21:06:49.91799","","49","1","1927"
"2270",True,"2023-08-08 14:37:05.984326","Entrega rápida.","108","1","1928"
"2271",True,"2023-10-11 13:12:21.625609","Poco picante.","74","1","1929"
"2272",True,"2024-03-15 21:11:53.685597","Agregar cubiertos adicionales.","235","1","1930"
"2273",True,"2024-02-22 13:44:35.593053","Agregar cubiertos adicionales.","293","1","1931"
"2274",True,"2024-06-06 20:39:09.720355","Evitar ingredientes crudos.","156","1","1932"
"2275",True,"2024-06-06 20:36:43.732794","Evitar ingredientes crudos.","336","1","1932"
"2276",True,"2024-06-06 21:50:35.914526","Cocinar bien la carne.","166","1","1932"
"2277",True,"2024-08-16 20:27:56.147561","Cocinar bien la carne.","43","1","1933"
"2278",True,"2024-08-16 20:20:29.601268","Preparar como la vez pasada.","86","1","1933"
"2279",True,"2024-05-17 15:54:13.63278","Servir bien caliente.","139","1","1934"
"2280",True,"2023-07-07 22:22:16.911042","Servir en dos platos.","316","1","1935"
"2281",True,"2024-06-14 21:38:22.42983","Preparar como la vez pasada.","202","1","1936"
"2282",True,"2024-08-10 14:36:31.067407","Dividir el plato.","215","1","1937"
"2283",True,"2023-06-09 15:13:19.687575","Entrega rápida.","267","1","1938"
"2284",True,"2024-12-20 17:00:10.793581","No incluir pan.","320","1","1939"
"2285",True,"2024-12-13 23:24:09.285518","Servir en dos platos.","246","1","1940"
"2286",True,"2024-05-17 13:39:21.582163","Agregar salsa extra.","82","1","1941"
"2287",True,"2024-05-17 14:34:12.880619","Servir en dos platos.","315","1","1941"
"2288",True,"2025-06-02 00:00:00","Servir bien caliente.","416","1","1942"
"2289",True,"2023-12-23 21:20:55.367078","Sin aderezo.","124","1","1943"
"2290",True,"2024-09-06 15:29:27.891554","Sin aderezo.","194","1","1944"
"2291",True,"2025-04-19 21:17:27.999131","Servir en dos platos.","98","1","1945"
"2292",True,"2025-04-19 21:22:58.629169","Servir en dos platos.","310","1","1945"
"2293",True,"2024-08-22 14:33:48.001827","Preparar como la vez pasada.","122","1","1946"
"2294",True,"2025-06-02 00:00:00","Agregar cubiertos adicionales.","219","1","1947"
"2295",True,"2023-08-10 21:41:34.864612","Servir en dos platos.","238","1","1948"
"2296",True,"2025-06-02 00:00:00","Con limón aparte.","159","1","1949"
"2297",True,"2025-06-02 00:00:00","Con limón aparte.","271","1","1950"
"2298",True,"2025-03-25 19:56:56.778051","Evitar ingredientes crudos.","119","1","1951"
"2299",True,"2025-03-28 20:29:06.838613","Servir en dos platos.","177","1","1952"
"2300",True,"2023-09-15 12:26:07.464456","Entrega rápida.","254","1","1953"
"2301",True,"2025-06-02 00:00:00","Cocinar bien la carne.","321","1","1954"
"2302",True,"2025-06-02 00:00:00","Plato para compartir.","294","1","1954"
"2303",True,"2025-06-02 00:00:00","Agregar salsa extra.","130","1","1955"
"2304",True,"2025-06-02 00:00:00","Sin cebolla, por favor.","73","1","1956"
"2305",True,"2024-07-26 22:01:50.127926","Cocinar bien la carne.","190","1","1957"
"2306",True,"2023-09-07 21:41:52.672299","Plato para compartir.","69","1","1958"
"2307",True,"2023-08-30 13:26:38.754981","Plato para compartir.","249","1","1959"
"2308",True,"2023-08-13 15:15:46.183945","Servir en dos platos.","170","1","1960"
"2309",True,"2024-11-22 21:15:06.611253","No añadir mayonesa.","44","1","1961"
"2310",True,"2024-11-22 22:05:45.271909","","371","1","1961"
"2311",True,"2023-08-04 13:06:20.817361","Agregar salsa extra.","181","1","1962"
"2312",True,"2023-08-04 13:45:32.935155","No incluir pan.","201","1","1962"
"2313",True,"2023-08-04 13:14:49.335372","No añadir mayonesa.","46","1","1962"
"2314",True,"2023-12-15 21:32:01.401131","Con limón aparte.","154","1","1963"
"2315",True,"2024-11-06 20:51:57.116227","Servir en dos platos.","146","1","1964"
"2316",True,"2024-11-06 21:36:28.330277","Agregar salsa extra.","152","1","1964"
"2317",True,"2024-09-19 00:09:22.511713","Cocinar bien la carne.","121","1","1965"
"2318",True,"2025-01-24 17:27:12.985085","Poco picante.","342","1","1966"
"2319",True,"2025-01-24 16:22:13.972736","Servir bien caliente.","43","1","1966"
"2320",True,"2024-05-31 22:10:23.135541","Dividir el plato.","117","1","1967"
"2321",True,"2024-05-08 21:16:15.150872","Plato para compartir.","267","1","1968"
"2322",True,"2023-12-08 22:29:34.518644","No incluir pan.","172","1","1969"
"2323",True,"2024-02-28 15:33:43.94099","Sin aderezo.","97","1","1970"
"2324",True,"2024-12-27 15:08:31.3","Entrega rápida.","127","1","1971"
"2325",True,"2024-12-15 22:34:27.106028","Con limón aparte.","228","1","1972"
"2326",True,"2025-02-21 15:05:29.483296","Servir en dos platos.","283","1","1973"
"2327",True,"2025-02-07 20:57:12.854849","Usar queso sin lactosa.","201","1","1974"
"2328",True,"2025-01-22 14:35:20.654262","Poco picante.","298","1","1975"
"2329",True,"2023-12-28 15:10:34.550421","No añadir mayonesa.","276","1","1976"
"2330",True,"2024-12-16 21:39:08.571911","Sin cebolla, por favor.","402","1","1977"
"2331",True,"2023-11-24 14:52:45.376791","Servir en dos platos.","93","1","1978"
"2332",True,"2025-06-02 00:00:00","Poco picante.","206","1","1979"
"2333",True,"2023-08-07 14:52:43.195756","No añadir mayonesa.","19","1","1980"
"2334",True,"2023-08-07 15:03:08.468624","Sin aderezo.","264","1","1980"
"2335",True,"2024-12-13 14:37:39.124605","Dividir el plato.","186","1","1981"
"2336",True,"2024-12-08 13:34:04.122356","Evitar ingredientes crudos.","175","1","1982"
"2337",True,"2025-06-02 00:00:00","Plato para compartir.","210","1","1983"
"2338",True,"2025-05-15 22:01:02.287408","Sin cebolla, por favor.","190","1","1984"
"2339",True,"2025-01-24 22:09:00.172538","Servir en dos platos.","159","1","1985"
"2340",True,"2024-06-07 21:08:59.142085","Evitar ingredientes crudos.","115","1","1986"
"2341",True,"2024-01-20 21:50:23.402645","Sin cebolla, por favor.","170","1","1987"
"2342",True,"2024-01-20 22:22:44.965107","Sin aderezo.","271","1","1987"
"2343",True,"2023-08-15 21:05:41.037637","","57","1","1988"
"2344",True,"2023-10-20 14:21:52.610097","Sin cebolla, por favor.","64","1","1989"
"2345",True,"2023-10-20 15:01:31.179086","Poco picante.","221","1","1989"
"2346",True,"2023-10-20 14:46:12.291426","","140","1","1989"
"2347",True,"2024-12-23 20:30:11.46387","Sin aderezo.","300","1","1990"
"2348",True,"2024-04-19 20:28:45.197077","Sin cebolla, por favor.","310","1","1991"
"2349",True,"2024-12-23 20:44:51.283695","Dividir el plato.","145","1","1992"
"2350",True,"2024-06-26 15:24:12.850141","Cocinar bien la carne.","285","1","1993"
"2351",True,"2025-03-14 14:53:49.329792","","161","1","1994"
"2352",True,"2025-03-14 14:50:52.306603","Usar queso sin lactosa.","270","1","1994"
"2353",True,"2023-08-06 21:34:14.150152","Cocinar bien la carne.","207","1","1995"
"2354",True,"2024-04-20 12:12:43.44902","Preparar como la vez pasada.","138","1","1996"
"2355",True,"2024-12-30 00:11:24.471981","Servir en dos platos.","68","1","1997"
"2356",True,"2024-10-04 20:38:44.482057","","150","1","1998"
"2357",True,"2023-12-01 14:28:38.489223","Sin aderezo.","177","1","1999"
"2358",True,"2023-12-01 14:43:28.322684","No añadir mayonesa.","301","1","1999"
"2359",True,"2024-09-06 15:36:17.368538","No incluir pan.","132","1","2000"
"2360",True,"2023-12-23 15:07:58.712732","Con limón aparte.","72","1","2001"
"2361",True,"2024-08-16 21:15:25.934194","Agregar cubiertos adicionales.","347","1","2002"
"2362",True,"2024-06-13 14:08:47.015794","Servir bien caliente.","147","1","2003"
"2363",True,"2024-02-16 15:00:31.528636","Sin aderezo.","208","1","2004"
"2364",True,"2025-04-04 15:03:27.70632","Servir bien caliente.","305","1","2005"
"2365",True,"2023-12-22 20:06:07.140654","Servir bien caliente.","220","1","2006"
"2366",True,"2023-12-22 20:17:33.446799","Entrega rápida.","228","1","2006"
"2367",True,"2024-09-06 13:40:28.024569","Agregar salsa extra.","213","1","2007"
"2368",True,"2023-07-07 22:34:19.015415","Plato para compartir.","243","1","2008"
"2369",True,"2024-05-29 14:00:55.12039","Cocinar bien la carne.","150","1","2009"
"2370",True,"2024-02-23 13:45:29.306376","","174","1","2010"
"2371",True,"2024-12-13 22:06:07.264622","","203","1","2011"
"2372",True,"2023-06-16 23:48:14.864873","Dividir el plato.","158","1","2012"
"2373",True,"2024-08-30 14:33:15.94735","Usar queso sin lactosa.","159","1","2013"
"2374",True,"2024-02-17 15:18:10.432722","Usar queso sin lactosa.","122","1","2014"
"2375",True,"2025-05-09 15:44:03.109559","Agregar salsa extra.","213","1","2015"
"2376",True,"2024-12-03 19:51:15.001402","Cocinar bien la carne.","213","1","2016"
"2377",True,"2024-12-03 21:21:45.753717","Entrega rápida.","99","1","2016"
"2378",True,"2025-02-28 20:38:26.476975","Entrega rápida.","163","1","2017"
"2379",True,"2024-08-11 14:02:13.285834","","67","1","2018"
"2380",True,"2024-08-11 12:33:11.995773","","244","1","2018"
"2381",True,"2023-07-09 22:03:13.148243","Dividir el plato.","27","1","2019"
"2382",True,"2023-10-15 21:29:05.882013","Dividir el plato.","64","1","2020"
"2383",True,"2023-11-03 22:43:09.886969","Entrega rápida.","115","1","2021"
"2384",True,"2023-12-01 14:03:28.719296","Entrega rápida.","355","1","2022"
"2385",True,"2023-12-01 12:58:11.493701","Sin aderezo.","121","1","2022"
"2386",True,"2023-07-06 14:19:47.692521","Usar queso sin lactosa.","40","1","2023"
"2387",True,"2024-08-23 14:11:52.804337","No incluir pan.","155","1","2024"
"2388",True,"2024-07-05 14:52:50.308013","Agregar cubiertos adicionales.","207","1","2025"
"2389",True,"2024-08-28 21:27:56.114815","Servir bien caliente.","347","1","2026"
"2390",True,"2024-10-11 21:18:09.71674","Agregar cubiertos adicionales.","174","1","2027"
"2391",True,"2025-06-02 00:00:00","Con limón aparte.","130","1","2028"
"2392",True,"2023-06-09 15:17:16.160582","","247","1","2029"
"2393",True,"2025-05-09 22:27:58.653046","Entrega rápida.","168","1","2030"
"2394",True,"2025-05-09 21:53:49.676886","Agregar salsa extra.","97","1","2030"
"2395",True,"2024-07-22 00:29:03.986705","No añadir mayonesa.","246","1","2031"
"2396",True,"2024-07-22 00:27:38.585781","Agregar cubiertos adicionales.","157","1","2031"
"2397",True,"2024-12-06 20:26:32.831112","Evitar ingredientes crudos.","231","1","2032"
"2398",True,"2024-06-12 20:44:26.178717","Sin aderezo.","221","1","2033"
"2399",True,"2023-11-17 13:00:31.496662","Entrega rápida.","232","1","2034"
"2400",True,"2024-09-27 21:59:12.1965","Servir en dos platos.","113","1","2035"
"2401",True,"2023-12-08 22:01:15.40065","Poco picante.","255","1","2036"
"2402",True,"2023-12-08 20:29:54.317076","Cocinar bien la carne.","32","1","2036"
"2403",True,"2023-09-01 14:29:58.746052","Agregar cubiertos adicionales.","210","1","2037"
"2404",True,"2024-06-28 21:54:03.602427","Evitar ingredientes crudos.","98","1","2038"
"2405",True,"2023-10-22 15:49:06.900387","Sin aderezo.","174","1","2039"
"2406",True,"2024-10-18 22:29:19.850266","Evitar ingredientes crudos.","112","1","2040"
"2407",True,"2023-09-08 22:47:04.560836","Con limón aparte.","351","1","2041"
"2408",True,"2023-09-08 22:00:52.508189","Con limón aparte.","444","1","2041"
"2409",True,"2024-08-01 16:12:39.036272","Entrega rápida.","170","1","2042"
"2410",True,"2024-12-29 16:17:19.525888","Plato para compartir.","234","1","2043"
"2411",True,"2024-11-01 15:35:15.793127","Plato para compartir.","84","1","2044"
"2412",True,"2024-11-01 15:22:44.958893","Evitar ingredientes crudos.","143","1","2044"
"2413",True,"2023-07-28 22:50:45.457324","Con limón aparte.","156","1","2045"
"2414",True,"2023-07-28 23:08:10.773654","Sin cebolla, por favor.","275","1","2045"
"2415",True,"2023-07-28 22:51:12.843408","Preparar como la vez pasada.","181","1","2045"
"2416",True,"2024-08-04 13:48:10.634966","Agregar salsa extra.","92","1","2046"
"2417",True,"2024-08-04 14:49:03.116856","Preparar como la vez pasada.","386","1","2046"
"2418",True,"2023-06-09 22:25:18.753192","","150","1","2047"
"2419",True,"2024-02-09 13:08:03.928757","Sin cebolla, por favor.","58","1","2048"
"2420",True,"2023-08-11 21:44:26.799712","No añadir mayonesa.","95","1","2049"
"2421",True,"2025-06-02 00:00:00","Preparar como la vez pasada.","86","1","2050"
"2422",True,"2024-07-19 22:36:08.182011","","250","1","2051"
"2423",True,"2023-07-26 12:35:46.843602","Sin aderezo.","89","1","2052"
"2424",True,"2025-05-02 17:13:34.676374","Dividir el plato.","220","1","2053"
"2425",True,"2024-12-28 14:05:52.765227","Poco picante.","203","1","2054"
"2426",True,"2024-08-02 19:25:08.942834","Agregar cubiertos adicionales.","163","1","2055"
"2427",True,"2024-07-29 23:04:45.863388","Preparar como la vez pasada.","136","1","2056"
"2428",True,"2024-12-15 13:29:57.997119","Evitar ingredientes crudos.","223","1","2057"
"2429",True,"2024-08-15 15:55:52.75023","Agregar salsa extra.","101","1","2058"
"2430",True,"2024-12-12 14:22:59.076524","Agregar salsa extra.","249","1","2059"
"2431",True,"2024-08-16 16:00:25.611413","Evitar ingredientes crudos.","63","1","2060"
"2432",True,"2024-12-13 14:58:23.790783","Poco picante.","126","1","2061"
"2433",True,"2024-07-21 14:35:55.543672","No incluir pan.","230","1","2062"
"2434",True,"2025-05-23 20:58:03.653606","Entrega rápida.","185","1","2063"
"2435",True,"2025-01-03 21:41:14.33778","Sin cebolla, por favor.","126","1","2064"
"2436",True,"2024-10-19 15:26:55.583917","Sin aderezo.","182","1","2065"
"2437",True,"2023-09-15 20:40:19.472657","Servir en dos platos.","104","1","2066"
"2438",True,"2025-05-23 14:36:54.68682","Servir bien caliente.","393","1","2067"
"2439",True,"2024-02-02 16:27:51.868355","Agregar cubiertos adicionales.","254","1","2068"
"2440",True,"2025-04-18 16:33:10.244078","Con limón aparte.","141","1","2069"
"2441",True,"2025-04-18 16:56:37.884242","No incluir pan.","296","1","2069"
"2442",True,"2025-04-18 16:29:17.956925","Poco picante.","208","1","2069"
"2443",True,"2024-08-02 12:20:19.935489","Sin aderezo.","227","1","2070"
"2444",True,"2025-04-02 21:13:04.45696","Evitar ingredientes crudos.","210","1","2071"
"2445",True,"2024-10-18 13:56:27.625357","Servir en dos platos.","158","1","2072"
"2446",True,"2025-05-27 23:47:14.571148","Con limón aparte.","133","1","2073"
"2447",True,"2024-07-12 15:33:55.99055","Agregar salsa extra.","126","1","2074"
"2448",True,"2024-07-12 13:33:46.852106","No añadir mayonesa.","251","1","2074"
"2449",True,"2024-03-15 14:25:14.342692","Agregar salsa extra.","285","1","2075"
"2450",True,"2024-12-13 13:41:58.714038","Agregar salsa extra.","188","1","2076"
"2451",True,"2024-08-21 22:27:29.484783","Plato para compartir.","324","1","2077"
"2452",True,"2024-08-21 23:03:57.588481","Entrega rápida.","56","1","2077"
"2453",True,"2023-08-04 20:36:16.843706","Dividir el plato.","152","1","2078"
"2454",True,"2023-08-18 19:46:08.830608","Sin cebolla, por favor.","48","1","2079"
"2455",True,"2025-05-13 14:08:32.761427","No añadir mayonesa.","75","1","2080"
"2456",True,"2024-01-19 21:54:44.088571","Sin aderezo.","121","1","2081"
"2457",True,"2023-06-16 12:44:45.153727","Agregar cubiertos adicionales.","327","1","2082"
"2458",True,"2023-07-13 20:35:25.321958","Agregar salsa extra.","246","1","2083"
"2459",True,"2024-01-12 13:00:07.317162","Servir bien caliente.","250","1","2084"
"2460",True,"2024-01-12 12:53:35.576656","No incluir pan.","196","1","2084"
"2461",True,"2025-03-21 22:37:05.934844","Preparar como la vez pasada.","50","1","2085"
"2462",True,"2024-07-08 13:24:35.356119","Plato para compartir.","304","1","2086"
"2463",True,"2024-03-16 21:04:28.159837","Agregar cubiertos adicionales.","206","1","2087"
"2464",True,"2024-03-16 21:35:07.168815","Preparar como la vez pasada.","48","1","2087"
"2465",True,"2024-04-28 13:08:32.518269","Plato para compartir.","244","1","2088"
"2466",True,"2024-07-12 15:06:58.838689","No añadir mayonesa.","148","1","2089"
"2467",True,"2025-05-16 20:45:01.387588","Evitar ingredientes crudos.","112","1","2090"
"2468",True,"2025-06-02 00:00:00","Cocinar bien la carne.","101","1","2091"
"2469",True,"2023-12-08 14:29:28.231853","Servir bien caliente.","240","1","2092"
"2470",True,"2024-11-20 20:18:11.573616","Poco picante.","294","1","2093"
"2471",True,"2023-08-29 16:40:22.360358","Sin cebolla, por favor.","83","1","2094"
"2472",True,"2023-08-29 15:31:47.714028","Preparar como la vez pasada.","233","1","2094"
"2473",True,"2025-06-02 00:00:00","Cocinar bien la carne.","66","1","2095"
"2474",True,"2024-02-02 22:46:41.793715","Plato para compartir.","198","1","2096"
"2475",True,"2024-02-02 23:15:44.652037","Dividir el plato.","107","1","2096"
"2476",True,"2024-11-03 14:13:46.688745","Servir en dos platos.","289","1","2097"
"2477",True,"2025-04-11 15:40:22.737088","Agregar salsa extra.","194","1","2098"
"2478",True,"2025-06-02 00:00:00","Entrega rápida.","205","1","2099"
"2479",True,"2025-06-02 00:00:00","Evitar ingredientes crudos.","77","1","2099"
"2480",True,"2024-10-12 23:21:25.232389","Entrega rápida.","206","1","2100"
"2481",True,"2023-08-11 14:40:51.028731","","93","1","2101"
"2482",True,"2025-06-02 00:00:00","Con limón aparte.","276","1","2102"
"2483",True,"2025-06-02 00:00:00","Evitar ingredientes crudos.","382","1","2102"
"2484",True,"2025-06-02 00:00:00","","147","1","2102"
"2485",True,"2023-10-13 15:29:34.250245","Sin cebolla, por favor.","168","1","2103"
"2486",True,"2024-11-01 13:15:02.606537","Sin aderezo.","347","1","2104"
"2487",True,"2024-11-01 13:06:40.981393","Servir bien caliente.","184","1","2104"
"2488",True,"2024-08-30 20:11:53.299945","Usar queso sin lactosa.","207","1","2105"
"2489",True,"2024-08-30 20:44:05.029245","No incluir pan.","101","1","2105"
"2490",True,"2025-04-04 22:16:58.093289","No incluir pan.","263","1","2106"
"2491",True,"2024-07-23 23:25:47.386354","Servir bien caliente.","157","1","2107"
"2492",True,"2024-12-07 20:35:54.548665","Agregar cubiertos adicionales.","223","1","2108"
"2493",True,"2024-12-07 20:12:45.601167","Sin aderezo.","306","1","2108"
"2494",True,"2024-08-18 21:49:21.408684","Dividir el plato.","156","1","2109"
"2495",True,"2024-09-15 12:56:14.11637","Con limón aparte.","336","1","2110"
"2496",True,"2024-06-07 17:07:29.449913","Servir bien caliente.","159","1","2111"
"2497",True,"2024-06-07 16:38:27.825576","Cocinar bien la carne.","248","1","2111"
"2498",True,"2024-07-06 21:31:01.273163","","260","1","2112"
"2499",True,"2024-07-06 21:31:20.911951","Entrega rápida.","71","1","2112"
"2500",True,"2024-04-06 19:40:12.480979","Agregar salsa extra.","124","1","2113"
"2501",True,"2023-07-01 19:44:41.4298","Sin aderezo.","204","1","2114"
"2502",True,"2023-07-01 20:19:55.304388","Preparar como la vez pasada.","115","1","2114"
"2503",True,"2024-12-29 22:30:08.015633","Agregar salsa extra.","224","1","2115"
"2504",True,"2025-06-02 00:00:00","Agregar salsa extra.","126","1","2116"
"2505",True,"2024-03-01 14:05:44.839559","Usar queso sin lactosa.","182","1","2117"
"2506",True,"2023-12-10 15:04:43.721957","Con limón aparte.","48","1","2118"
"2507",True,"2025-06-02 00:00:00","Sin cebolla, por favor.","117","1","2119"
"2508",True,"2025-06-02 00:00:00","Sin aderezo.","235","1","2119"
"2509",True,"2024-07-05 15:57:25.650124","No añadir mayonesa.","250","1","2120"
"2510",True,"2023-12-29 14:48:09.645847","","232","1","2121"
"2511",True,"2025-01-30 13:39:09.920545","Usar queso sin lactosa.","87","1","2122"
"2512",True,"2024-03-22 12:45:00.113582","Cocinar bien la carne.","79","1","2123"
"2513",True,"2024-03-22 13:57:39.793003","Servir en dos platos.","274","1","2123"
"2514",True,"2024-11-08 20:17:51.441819","Servir en dos platos.","76","1","2124"
"2515",True,"2024-07-12 13:07:45.443586","Servir en dos platos.","130","1","2125"
"2516",True,"2024-06-12 12:50:15.554796","No añadir mayonesa.","167","1","2126"
"2517",True,"2025-06-02 00:00:00","Entrega rápida.","213","1","2127"
"2518",True,"2024-12-06 20:22:36.948108","Evitar ingredientes crudos.","360","1","2128"
"2519",True,"2023-07-07 15:21:19.883572","Con limón aparte.","123","1","2129"
"2520",True,"2023-07-07 14:34:44.690044","Dividir el plato.","212","1","2129"
"2521",True,"2023-12-25 21:28:35.634498","No incluir pan.","50","1","2130"
"2522",True,"2023-11-10 21:51:39.354258","Usar queso sin lactosa.","284","1","2131"
"2523",True,"2024-02-23 22:14:46.956281","Agregar salsa extra.","241","1","2132"
"2524",True,"2025-05-16 21:55:04.918185","Preparar como la vez pasada.","282","1","2133"
"2525",True,"2025-05-16 23:09:01.712168","Plato para compartir.","254","1","2133"
"2526",True,"2023-10-20 15:11:54.686979","Servir en dos platos.","137","1","2134"
"2527",True,"2025-03-24 22:33:01.109209","","245","1","2135"
"2528",True,"2023-06-27 22:40:13.408427","Preparar como la vez pasada.","236","1","2136"
"2529",True,"2024-07-09 12:42:26.022443","Poco picante.","158","1","2137"
"2530",True,"2023-12-29 22:01:55.490931","Preparar como la vez pasada.","107","1","2138"
"2531",True,"2024-11-24 21:24:28.37095","Preparar como la vez pasada.","141","1","2139"
"2532",True,"2024-05-26 20:21:15.020932","No incluir pan.","216","1","2140"
"2533",True,"2024-02-09 20:30:34.649623","Cocinar bien la carne.","160","1","2141"
"2534",True,"2024-12-02 20:25:28.926019","Cocinar bien la carne.","250","1","2142"
"2535",True,"2023-06-09 23:44:45.053846","No incluir pan.","158","1","2143"
"2536",True,"2024-01-19 12:59:57.33029","Servir bien caliente.","301","1","2144"
"2537",True,"2024-12-17 13:51:37.358391","Evitar ingredientes crudos.","88","1","2145"
"2538",True,"2023-12-29 19:23:18.651464","No añadir mayonesa.","200","1","2146"
"2539",True,"2025-05-30 23:24:34.121207","Servir en dos platos.","239","1","2147"
"2540",True,"2024-07-19 15:08:49.013345","Evitar ingredientes crudos.","145","1","2148"
"2541",True,"2023-10-25 21:17:45.966043","Agregar cubiertos adicionales.","273","1","2149"
"2542",True,"2023-11-10 22:46:58.044427","Preparar como la vez pasada.","172","1","2150"
"2543",True,"2023-12-01 13:10:33.496399","No incluir pan.","68","1","2151"
"2544",True,"2024-06-16 15:44:49.27839","Evitar ingredientes crudos.","180","1","2152"
"2545",True,"2023-08-09 13:03:23.759788","Servir bien caliente.","229","1","2153"
"2546",True,"2024-02-02 14:41:13.526521","Sin aderezo.","257","1","2154"
"2547",True,"2023-11-03 14:56:52.250487","Usar queso sin lactosa.","282","1","2155"
"2548",True,"2023-11-03 14:30:10.447383","Servir bien caliente.","50","1","2155"
"2549",True,"2025-04-11 22:15:26.717299","Entrega rápida.","81","1","2156"
"2550",True,"2025-04-11 23:11:58.728642","Evitar ingredientes crudos.","157","1","2156"
"2551",True,"2024-10-04 21:23:04.907328","Sin cebolla, por favor.","221","1","2157"
"2552",True,"2024-06-14 14:30:44.043937","Evitar ingredientes crudos.","252","1","2158"
"2553",True,"2024-12-10 13:07:18.390275","Servir bien caliente.","232","1","2159"
"2554",True,"2024-09-06 13:55:40.615392","Usar queso sin lactosa.","230","1","2160"
"2555",True,"2024-09-06 14:20:30.956843","Plato para compartir.","124","1","2160"
"2556",True,"2023-07-24 14:14:36.181923","No incluir pan.","142","1","2161"
"2557",True,"2023-07-24 13:19:15.707982","Agregar cubiertos adicionales.","48","1","2161"
"2558",True,"2023-11-03 22:11:48.092721","Preparar como la vez pasada.","324","1","2162"
"2559",True,"2024-07-26 19:28:42.678383","No añadir mayonesa.","196","1","2163"
"2560",True,"2025-06-02 00:00:00","Cocinar bien la carne.","145","1","2164"
"2561",True,"2025-03-28 22:19:41.362019","Con limón aparte.","144","1","2165"
"2562",True,"2023-12-29 20:52:48.262426","Evitar ingredientes crudos.","79","1","2166"
"2563",True,"2023-12-08 14:13:18.746017","Evitar ingredientes crudos.","54","1","2167"
"2564",True,"2024-08-11 21:09:25.214396","Dividir el plato.","170","1","2168"
"2565",True,"2024-08-11 22:16:47.51497","Plato para compartir.","191","1","2168"
"2566",True,"2024-08-11 22:04:36.646678","Poco picante.","187","1","2168"
"2567",True,"2025-06-02 00:00:00","Agregar cubiertos adicionales.","216","1","2169"
"2568",True,"2024-04-05 16:57:25.144897","Entrega rápida.","158","1","2170"
"2569",True,"2024-08-11 14:51:56.923433","No incluir pan.","16","1","2171"
"2570",True,"2024-08-11 14:30:29.396338","Con limón aparte.","99","1","2171"
"2571",True,"2024-09-27 20:43:01.651561","Cocinar bien la carne.","277","1","2172"
"2572",True,"2023-09-22 14:51:03.854075","Plato para compartir.","64","1","2173"
"2573",True,"2025-05-16 12:49:01.649931","Cocinar bien la carne.","239","1","2174"
"2574",True,"2024-07-29 14:00:40.519959","Con limón aparte.","244","1","2175"
"2575",True,"2025-02-21 20:34:14.735082","Cocinar bien la carne.","51","1","2176"
"2576",True,"2024-03-27 15:26:09.745525","Sin cebolla, por favor.","199","1","2177"
"2577",True,"2024-07-12 15:08:40.901311","Plato para compartir.","196","1","2178"
"2578",True,"2024-12-15 15:48:36.587205","Servir bien caliente.","100","1","2179"
"2579",True,"2024-01-19 19:33:52.947294","Dividir el plato.","158","1","2180"
"2580",True,"2023-07-15 21:43:17.226811","Preparar como la vez pasada.","202","1","2181"
"2581",True,"2023-07-21 21:22:31.826626","Agregar salsa extra.","260","1","2182"
"2582",True,"2024-07-27 12:51:41.669908","Sin cebolla, por favor.","102","1","2183"
"2583",True,"2024-12-26 13:49:03.497079","Poco picante.","260","1","2184"
"2584",True,"2023-09-29 16:25:45.039125","Agregar salsa extra.","205","1","2185"
"2585",True,"2025-01-24 19:07:07.259112","Con limón aparte.","59","1","2186"
"2586",True,"2023-08-11 14:16:17.077921","Con limón aparte.","103","1","2187"
"2587",True,"2023-08-18 14:33:13.020576","Servir en dos platos.","215","1","2188"
"2588",True,"2023-11-10 13:37:54.028916","Poco picante.","263","1","2189"
"2589",True,"2024-07-26 14:54:46.294665","","52","1","2190"
"2590",True,"2024-12-06 22:50:50.646518","Preparar como la vez pasada.","173","1","2191"
"2591",True,"2024-06-26 16:25:19.644791","","243","1","2192"
"2592",True,"2023-08-11 12:58:21.166045","No incluir pan.","199","1","2193"
"2593",True,"2023-07-21 21:54:59.427685","Sin cebolla, por favor.","190","1","2194"
"2594",True,"2023-07-21 21:50:11.305796","Cocinar bien la carne.","114","1","2194"
"2595",True,"2023-07-17 21:23:57.120139","Sin cebolla, por favor.","200","1","2195"
"2596",True,"2025-06-02 00:00:00","Plato para compartir.","208","1","2196"
"2597",True,"2025-06-02 00:00:00","Sin aderezo.","192","1","2196"
"2598",True,"2025-05-16 20:38:58.797963","Usar queso sin lactosa.","170","1","2197"
"2599",True,"2025-02-15 15:58:39.956001","No añadir mayonesa.","163","1","2198"
"2600",True,"2024-01-05 14:31:39.02232","Entrega rápida.","166","1","2199"
"2601",True,"2023-12-24 13:12:05.905061","Cocinar bien la carne.","214","1","2200"
"2602",True,"2023-07-08 22:24:16.559985","Agregar cubiertos adicionales.","88","1","2201"
"2603",True,"2024-07-29 20:51:27.934877","Poco picante.","126","1","2202"
"2604",True,"2025-03-20 15:01:10.12282","Con limón aparte.","118","1","2203"
"2605",True,"2024-03-01 20:46:44.361331","Preparar como la vez pasada.","252","1","2204"
"2606",True,"2025-03-07 12:30:04.789391","Con limón aparte.","153","1","2205"
"2607",True,"2024-12-29 22:22:12.569153","Servir en dos platos.","197","1","2206"
"2608",True,"2024-09-06 14:07:39.734829","Evitar ingredientes crudos.","259","1","2207"
"2609",True,"2024-11-08 21:47:50.116363","No añadir mayonesa.","312","1","2208"
"2610",True,"2024-11-08 22:07:39.665607","Servir bien caliente.","32","1","2208"
"2611",True,"2024-11-08 22:21:04.618458","Plato para compartir.","246","1","2208"
"2612",True,"2025-04-17 13:38:37.441553","","225","1","2209"
"2613",True,"2025-05-16 13:59:39.511507","Con limón aparte.","279","1","2210"
"2614",True,"2023-12-01 13:25:23.167424","Servir en dos platos.","111","1","2211"
"2615",True,"2024-02-16 14:36:30.443846","Evitar ingredientes crudos.","231","1","2212"
"2616",True,"2023-12-01 15:32:34.056727","Dividir el plato.","106","1","2213"
"2617",True,"2023-12-01 15:19:00.511077","Usar queso sin lactosa.","182","1","2213"
"2618",True,"2023-06-03 14:46:25.854746","Con limón aparte.","122","1","2214"
"2619",True,"2023-06-03 13:59:16.939131","Servir bien caliente.","93","1","2214"
"2620",True,"2024-11-08 13:36:49.267691","Servir bien caliente.","325","1","2215"
"2621",True,"2024-11-08 12:37:11.177821","Preparar como la vez pasada.","276","1","2215"
"2622",True,"2025-02-19 22:23:16.124771","No incluir pan.","368","1","2216"
"2623",True,"2025-06-02 00:00:00","Usar queso sin lactosa.","61","1","2217"
"2624",True,"2024-08-02 19:40:21.426402","No incluir pan.","86","1","2218"
"2625",True,"2023-06-23 14:57:16.381328","Con limón aparte.","216","1","2219"
"2626",True,"2025-04-04 13:28:01.772679","","51","1","2220"
"2627",True,"2024-01-12 16:11:25.518363","Poco picante.","98","1","2221"
"2628",True,"2024-09-18 22:27:52.751459","Agregar salsa extra.","254","1","2222"
"2629",True,"2023-07-21 21:48:37.328985","Servir en dos platos.","243","1","2223"
"2630",True,"2023-12-22 21:55:44.517375","Sin cebolla, por favor.","110","1","2224"
"2631",True,"2025-06-02 00:00:00","No añadir mayonesa.","251","1","2225"
"2632",True,"2024-06-17 14:21:41.278921","Entrega rápida.","236","1","2226"
"2633",True,"2024-06-17 13:45:58.200245","Usar queso sin lactosa.","319","1","2226"
"2634",True,"2024-12-06 12:37:36.129488","Poco picante.","92","1","2227"
"2635",True,"2024-07-05 15:23:42.5663","No incluir pan.","336","1","2228"
"2636",True,"2024-08-27 15:48:40.749818","Preparar como la vez pasada.","206","1","2229"
"2637",True,"2024-03-16 16:04:27.465862","Agregar cubiertos adicionales.","132","1","2230"
"2638",True,"2025-04-11 23:41:41.532487","Agregar cubiertos adicionales.","337","1","2231"
"2639",True,"2025-04-11 22:16:04.114407","Cocinar bien la carne.","202","1","2231"
"2640",True,"2023-08-23 15:08:45.234773","Poco picante.","331","1","2232"
"2641",True,"2023-08-23 15:05:51.173333","","176","1","2232"
"2642",True,"2024-11-06 22:25:11.094449","Servir bien caliente.","65","1","2233"
"2643",True,"2025-01-24 15:41:30.300497","Evitar ingredientes crudos.","260","1","2234"
"2644",True,"2023-07-23 19:48:46.055845","","243","1","2235"
"2645",True,"2023-07-23 21:15:38.558092","Evitar ingredientes crudos.","291","1","2235"
"2646",True,"2023-08-04 21:25:20.572242","Servir bien caliente.","154","1","2236"
"2647",True,"2023-08-04 22:26:19.314042","Cocinar bien la carne.","382","1","2236"
"2648",True,"2023-07-09 15:24:30.960151","Servir en dos platos.","84","1","2237"
"2649",True,"2024-08-31 20:36:58.701787","Agregar cubiertos adicionales.","173","1","2238"
"2650",True,"2024-07-19 21:28:34.50519","Servir bien caliente.","214","1","2239"
"2651",True,"2024-07-19 20:31:34.431217","Plato para compartir.","143","1","2239"
"2652",True,"2024-10-27 13:35:27.790567","Plato para compartir.","152","1","2240"
"2653",True,"2024-10-27 13:20:24.987094","Servir bien caliente.","68","1","2240"
"2654",True,"2025-03-14 22:01:40.689294","Servir en dos platos.","270","1","2241"
"2655",True,"2024-07-19 20:25:18.360073","Agregar cubiertos adicionales.","55","1","2242"
"2656",True,"2025-06-02 00:00:00","","78","1","2243"
"2657",True,"2024-05-24 23:18:41.889935","Con limón aparte.","94","1","2244"
"2658",True,"2024-07-21 20:41:24.674654","Agregar cubiertos adicionales.","195","1","2245"
"2659",True,"2023-06-08 21:58:38.438639","Plato para compartir.","184","1","2246"
"2660",True,"2025-02-28 19:43:15.908927","Plato para compartir.","275","1","2247"
"2661",True,"2025-01-15 21:55:11.87535","Dividir el plato.","92","1","2248"
"2662",True,"2025-01-15 21:52:16.34147","Evitar ingredientes crudos.","197","1","2248"
"2663",True,"2023-11-03 22:12:02.515097","Poco picante.","58","1","2249"
"2664",True,"2023-11-03 22:01:20.400654","Agregar salsa extra.","274","1","2249"
"2665",True,"2025-06-02 00:00:00","Servir en dos platos.","347","1","2250"
"2666",True,"2025-06-02 00:00:00","Dividir el plato.","275","1","2250"
"2667",True,"2024-01-16 22:16:47.586784","Evitar ingredientes crudos.","181","1","2251"
"2668",True,"2024-01-16 22:19:44.007749","Con limón aparte.","188","1","2251"
"2669",True,"2025-06-02 00:00:00","Evitar ingredientes crudos.","294","1","2252"
"2670",True,"2023-08-05 19:49:51.095041","Dividir el plato.","135","1","2253"
"2671",True,"2024-02-23 21:24:14.133142","Preparar como la vez pasada.","47","1","2254"
"2672",True,"2023-08-29 21:48:49.251983","","279","1","2255"
"2673",True,"2024-06-28 13:31:32.153611","Poco picante.","237","1","2256"
"2674",True,"2023-07-16 13:55:46.554944","Sin cebolla, por favor.","355","1","2257"
"2675",True,"2024-12-19 21:13:15.510076","Sin cebolla, por favor.","83","1","2258"
"2676",True,"2024-01-19 21:54:25.076569","Agregar salsa extra.","233","1","2259"
"2677",True,"2024-04-09 15:39:02.708387","Evitar ingredientes crudos.","255","1","2260"
"2678",True,"2024-04-09 14:13:08.622166","Poco picante.","305","1","2260"
"2679",True,"2024-07-31 15:20:11.17365","Dividir el plato.","45","1","2261"
"2680",True,"2023-07-21 15:39:18.145559","Poco picante.","116","1","2262"
"2681",True,"2025-03-28 15:15:28.317987","No añadir mayonesa.","175","1","2263"
"2682",True,"2025-03-28 15:30:05.053972","No añadir mayonesa.","284","1","2263"
"2683",True,"2024-12-07 14:43:51.409131","Servir en dos platos.","118","1","2264"
"2684",True,"2025-04-04 20:18:12.095839","Evitar ingredientes crudos.","138","1","2265"
"2685",True,"2024-08-16 12:58:13.606622","Entrega rápida.","269","1","2266"
"2686",True,"2024-07-12 21:30:21.945423","Dividir el plato.","150","1","2267"
"2687",True,"2023-07-14 14:27:56.914732","Sin cebolla, por favor.","420","1","2268"
"2688",True,"2023-10-20 13:52:18.743729","","181","1","2269"
"2689",True,"2024-01-08 15:20:10.650685","","238","1","2270"
"2690",True,"2024-01-08 15:14:48.871652","Evitar ingredientes crudos.","280","1","2270"
"2691",True,"2024-04-12 16:30:03.231105","Servir en dos platos.","138","1","2271"
"2692",True,"2024-01-26 21:02:36.382679","Evitar ingredientes crudos.","174","1","2272"
"2693",True,"2024-01-12 20:42:07.80341","Con limón aparte.","307","1","2273"
"2694",True,"2023-12-03 20:46:39.330201","Agregar salsa extra.","186","1","2274"
"2695",True,"2024-08-10 21:00:58.570798","Sin aderezo.","215","1","2275"
"2696",True,"2024-12-20 21:58:03.615634","Servir en dos platos.","258","1","2276"
"2697",True,"2023-09-15 15:58:31.204201","Dividir el plato.","157","1","2277"
"2698",True,"2023-07-28 15:51:48.881815","Servir en dos platos.","230","1","2278"
"2699",True,"2024-09-27 14:12:58.85474","Servir en dos platos.","105","1","2279"
"2700",True,"2023-09-24 13:17:51.368113","Agregar salsa extra.","183","1","2280"
"2701",True,"2024-02-23 13:53:14.459019","Dividir el plato.","112","1","2281"
"2702",True,"2023-12-22 15:12:52.537579","Servir en dos platos.","214","1","2282"
"2703",True,"2024-08-12 23:00:48.513607","Con limón aparte.","276","1","2283"
"2704",True,"2024-05-28 19:28:24.008811","Preparar como la vez pasada.","376","1","2284"
"2705",True,"2024-04-20 13:44:54.000596","Preparar como la vez pasada.","292","1","2285"
"2706",True,"2024-01-19 20:49:20.316206","Cocinar bien la carne.","220","1","2286"
"2707",True,"2024-01-19 20:33:43.66158","No añadir mayonesa.","187","1","2286"
"2708",True,"2025-06-02 00:00:00","Sin cebolla, por favor.","210","1","2287"
"2709",True,"2025-01-28 12:50:00.991294","Poco picante.","236","1","2288"
"2710",True,"2024-06-21 14:11:39.326532","Dividir el plato.","90","1","2289"
"2711",True,"2023-09-29 15:46:01.603152","Con limón aparte.","124","1","2290"
"2712",True,"2023-12-17 20:56:35.382867","No incluir pan.","161","1","2291"
"2713",True,"2024-07-05 21:37:12.08758","Sin aderezo.","304","1","2292"
"2714",True,"2025-06-02 00:00:00","Sin aderezo.","241","1","2293"
"2715",True,"2025-06-02 00:00:00","Servir en dos platos.","145","1","2294"
"2716",True,"2024-12-05 20:46:58.815642","","267","1","2295"
"2717",True,"2024-02-25 16:23:21.183368","Plato para compartir.","343","1","2296"
"2718",True,"2024-07-22 21:20:17.706633","Preparar como la vez pasada.","110","1","2297"
"2719",True,"2024-07-22 22:13:54.284698","Con limón aparte.","83","1","2297"
"2720",True,"2023-08-25 21:55:47.318585","Sin aderezo.","260","1","2298"
"2721",True,"2023-06-25 22:28:21.906722","Poco picante.","96","1","2299"
"2722",True,"2025-01-17 21:18:38.759748","Plato para compartir.","180","1","2300"
"2723",True,"2023-09-01 22:24:22.519151","Cocinar bien la carne.","224","1","2301"
"2724",True,"2023-09-01 22:21:39.048769","Servir bien caliente.","216","1","2301"
"2725",True,"2025-06-02 00:00:00","Preparar como la vez pasada.","206","1","2302"
"2726",True,"2023-06-16 15:47:31.712225","","54","1","2303"
"2727",True,"2024-05-24 12:38:23.844445","Plato para compartir.","233","1","2304"
"2728",True,"2024-05-24 12:38:41.853112","Agregar cubiertos adicionales.","94","1","2304"
"2729",True,"2024-08-28 13:08:14.410251","Cocinar bien la carne.","141","1","2305"
"2730",True,"2023-08-12 21:05:29.633121","Agregar cubiertos adicionales.","167","1","2306"
"2731",True,"2023-08-25 22:20:03.264413","Poco picante.","112","1","2307"
"2732",True,"2025-05-23 17:31:26.645854","Agregar salsa extra.","246","1","2308"
"2733",True,"2024-12-11 14:47:13.842043","Sin aderezo.","137","1","2309"
"2734",True,"2024-02-02 14:57:07.362439","Preparar como la vez pasada.","157","1","2310"
"2735",True,"2024-07-08 21:10:56.25545","Sin aderezo.","66","1","2311"
"2736",True,"2023-12-08 20:45:25.029827","Dividir el plato.","145","1","2312"
"2737",True,"2023-07-09 21:09:40.011263","Servir bien caliente.","157","1","2313"
"2738",True,"2023-08-25 22:10:47.082421","No incluir pan.","121","1","2314"
"2739",True,"2024-07-25 15:02:14.272596","Sin cebolla, por favor.","140","1","2315"
"2740",True,"2024-07-25 14:15:07.904742","Agregar salsa extra.","191","1","2315"
"2741",True,"2024-07-16 20:26:49.538842","Sin cebolla, por favor.","260","1","2316"
"2742",True,"2024-02-26 19:32:47.37107","No incluir pan.","137","1","2317"
"2743",True,"2023-06-30 13:01:12.670702","Servir bien caliente.","100","1","2318"
"2744",True,"2023-12-01 16:39:32.977812","Sin aderezo.","195","1","2319"
"2745",True,"2023-12-01 14:47:10.591536","Servir bien caliente.","229","1","2319"
"2746",True,"2023-12-01 15:57:55.611429","Con limón aparte.","148","1","2319"
"2747",True,"2024-05-31 15:12:49.3285","Agregar salsa extra.","304","1","2320"
"2748",True,"2024-08-29 20:58:51.846842","Agregar salsa extra.","223","1","2321"
"2749",True,"2024-03-05 13:43:03.104198","Sin cebolla, por favor.","179","1","2322"
"2750",True,"2024-11-08 20:13:15.593345","Servir bien caliente.","284","1","2323"
"2751",True,"2024-01-12 21:03:40.575783","Poco picante.","128","1","2324"
"2752",True,"2025-02-28 14:32:55.732804","Cocinar bien la carne.","336","1","2325"
"2753",True,"2025-02-28 16:05:29.170898","Plato para compartir.","289","1","2325"
"2754",True,"2025-02-28 14:38:23.528251","Con limón aparte.","149","1","2325"
"2755",True,"2024-12-13 15:22:43.032214","Usar queso sin lactosa.","130","1","2326"
"2756",True,"2024-01-26 22:43:50.092662","Servir en dos platos.","131","1","2327"
"2757",True,"2023-08-11 19:55:30.370359","Servir bien caliente.","173","1","2328"
"2758",True,"2023-08-11 21:39:28.253028","Sin aderezo.","179","1","2328"
"2759",True,"2023-11-17 14:12:57.696457","Con limón aparte.","235","1","2329"
"2760",True,"2023-09-11 14:00:56.620538","Servir bien caliente.","254","1","2330"
"2761",True,"2023-11-03 20:44:30.438515","Agregar salsa extra.","200","1","2331"
"2762",True,"2023-12-27 22:58:17.001201","Agregar cubiertos adicionales.","97","1","2332"
"2763",True,"2023-12-27 22:20:39.885275","No incluir pan.","78","1","2332"
"2764",True,"2023-07-14 20:00:42.27364","Plato para compartir.","292","1","2333"
"2765",True,"2024-12-13 14:00:19.962289","Usar queso sin lactosa.","145","1","2334"
"2766",True,"2024-02-02 21:28:24.791569","No incluir pan.","385","1","2335"
"2767",True,"2024-02-02 21:31:35.204514","Con limón aparte.","126","1","2335"
"2768",True,"2023-06-16 14:02:57.092691","Dividir el plato.","316","1","2336"
"2769",True,"2023-08-28 13:04:00.427022","Dividir el plato.","55","1","2337"
"2770",True,"2023-09-08 20:11:12.676214","No añadir mayonesa.","272","1","2338"
"2771",True,"2024-08-25 17:28:13.274708","Con limón aparte.","135","1","2339"
"2772",True,"2023-07-24 21:51:46.263978","Entrega rápida.","208","1","2340"
"2773",True,"2024-07-12 15:05:29.312169","","222","1","2341"
"2774",True,"2023-12-08 20:15:04.033981","Plato para compartir.","141","1","2342"
"2775",True,"2023-10-25 21:50:49.18332","Plato para compartir.","276","1","2343"
"2776",True,"2023-12-08 22:01:10.448357","Evitar ingredientes crudos.","117","1","2344"
"2777",True,"2023-08-13 21:07:15.131566","Preparar como la vez pasada.","91","1","2345"
"2778",True,"2025-05-16 12:55:49.376321","Usar queso sin lactosa.","102","1","2346"
"2779",True,"2024-04-24 14:34:43.478404","No añadir mayonesa.","176","1","2347"
"2780",True,"2025-02-12 16:02:03.231038","Poco picante.","173","1","2348"
"2781",True,"2023-10-13 13:04:05.063102","Plato para compartir.","216","1","2349"
"2782",True,"2023-12-30 21:46:36.429707","Agregar cubiertos adicionales.","272","1","2350"
"2783",True,"2025-06-02 00:00:00","No incluir pan.","284","1","2351"
"2784",True,"2025-06-02 00:00:00","Agregar cubiertos adicionales.","64","1","2351"
"2785",True,"2024-07-08 14:40:59.227282","Con limón aparte.","98","1","2352"
"2786",True,"2024-11-08 12:36:18.270569","Agregar cubiertos adicionales.","84","1","2353"
"2787",True,"2024-07-08 14:10:31.580149","Usar queso sin lactosa.","168","1","2354"
"2788",True,"2023-06-16 14:31:24.122153","Agregar salsa extra.","146","1","2355"
"2789",True,"2024-02-11 19:36:05.378387","No incluir pan.","65","1","2356"
"2790",True,"2024-02-11 19:41:12.043871","Plato para compartir.","106","1","2356"
"2791",True,"2024-02-11 19:40:43.721745","Cocinar bien la carne.","153","1","2356"
"2792",True,"2023-10-06 12:49:16.020603","No añadir mayonesa.","72","1","2357"
"2793",True,"2023-10-06 12:04:39.659543","No añadir mayonesa.","213","1","2357"
"2794",True,"2023-10-06 12:41:58.747097","No añadir mayonesa.","222","1","2357"
"2795",True,"2025-01-03 15:19:09.774239","","65","1","2358"
"2796",True,"2025-06-02 00:00:00","Cocinar bien la carne.","154","1","2359"
"2797",True,"2024-10-05 12:17:51.812681","Servir bien caliente.","224","1","2360"
"2798",True,"2024-02-16 22:47:30.726302","No incluir pan.","225","1","2361"
"2799",True,"2024-04-26 23:28:24.655753","Agregar salsa extra.","174","1","2362"
"2800",True,"2023-08-02 21:37:40.362949","Dividir el plato.","233","1","2363"
"2801",True,"2024-07-26 21:35:18.691565","Usar queso sin lactosa.","179","1","2364"
"2802",True,"2024-08-23 12:51:56.816269","Preparar como la vez pasada.","261","1","2365"
"2803",True,"2025-05-25 22:25:08.911419","Entrega rápida.","161","1","2366"
"2804",True,"2025-06-02 00:00:00","No incluir pan.","79","1","2367"
"2805",True,"2025-06-02 00:00:00","No incluir pan.","68","1","2367"
"2806",True,"2024-10-25 14:14:24.950757","No incluir pan.","207","1","2368"
"2807",True,"2024-08-02 13:46:28.367114","Cocinar bien la carne.","238","1","2369"
"2808",True,"2025-02-28 13:47:22.448268","No incluir pan.","50","1","2370"
"2809",True,"2023-08-12 15:00:54.819778","Preparar como la vez pasada.","189","1","2371"
"2810",True,"2023-08-12 15:19:08.552631","Sin cebolla, por favor.","102","1","2371"
"2811",True,"2023-08-04 12:48:15.798248","Preparar como la vez pasada.","88","1","2372"
"2812",True,"2024-07-22 22:10:58.570303","Sin cebolla, por favor.","108","1","2373"
"2813",True,"2023-08-11 22:10:46.412848","Evitar ingredientes crudos.","83","1","2374"
"2814",True,"2024-08-16 22:08:03.532887","Preparar como la vez pasada.","127","1","2375"
"2815",True,"2024-04-09 20:29:09.107103","Entrega rápida.","77","1","2376"
"2816",True,"2023-07-30 12:39:38.840196","Agregar cubiertos adicionales.","150","1","2377"
"2817",True,"2024-07-19 17:13:56.176579","Dividir el plato.","157","1","2378"
"2818",True,"2023-11-16 22:05:56.967006","Servir en dos platos.","51","1","2379"
"2819",True,"2023-06-09 23:23:35.881443","Servir en dos platos.","195","1","2380"
"2820",True,"2023-06-09 21:58:21.092228","Poco picante.","180","1","2380"
"2821",True,"2024-03-10 21:54:20.238657","Agregar cubiertos adicionales.","221","1","2381"
"2822",True,"2024-12-05 15:36:39.447332","Agregar salsa extra.","145","1","2382"
"2823",True,"2025-06-02 00:00:00","Servir bien caliente.","104","1","2383"
"2824",True,"2023-10-13 13:29:49.15138","Preparar como la vez pasada.","203","1","2384"
"2825",True,"2023-09-29 22:31:25.125775","","114","1","2385"
"2826",True,"2024-08-23 22:04:54.329505","Plato para compartir.","274","1","2386"
"2827",True,"2023-09-13 13:40:29.714188","Cocinar bien la carne.","37","1","2387"
"2828",True,"2025-04-18 16:44:29.361491","Plato para compartir.","158","1","2388"
"2829",True,"2023-08-11 20:17:21.215067","Agregar cubiertos adicionales.","124","1","2389"
"2830",True,"2024-05-22 12:19:18.642471","Agregar cubiertos adicionales.","166","1","2390"
"2831",True,"2023-12-19 21:14:15.774781","Servir bien caliente.","266","1","2391"
"2832",True,"2025-02-16 15:00:36.149739","Evitar ingredientes crudos.","139","1","2392"
"2833",True,"2023-07-26 13:08:01.404811","Dividir el plato.","205","1","2393"
"2834",True,"2023-07-26 13:39:46.323082","Preparar como la vez pasada.","238","1","2393"
"2835",True,"2023-08-25 13:19:36.85724","Evitar ingredientes crudos.","137","1","2394"
"2836",True,"2024-02-09 23:15:37.482526","Cocinar bien la carne.","119","1","2395"
"2837",True,"2023-09-17 15:42:52.975076","Servir bien caliente.","112","1","2396"
"2838",True,"2023-12-15 20:29:51.86409","Servir bien caliente.","318","1","2397"
"2839",True,"2023-12-15 20:55:48.501881","Usar queso sin lactosa.","160","1","2397"
"2840",True,"2025-06-02 00:00:00","Evitar ingredientes crudos.","68","1","2398"
"2841",True,"2023-11-24 21:09:19.064444","Evitar ingredientes crudos.","57","1","2399"
"2842",True,"2024-01-26 13:00:09.204195","Preparar como la vez pasada.","342","1","2400"
"2843",True,"2023-12-10 21:38:11.233271","No añadir mayonesa.","135","1","2401"
"2844",True,"2024-12-06 13:17:10.733244","Agregar cubiertos adicionales.","94","1","2402"
"2845",True,"2023-12-06 00:01:33.459492","Agregar cubiertos adicionales.","329","1","2403"
"2846",True,"2023-12-05 23:33:21.19325","Agregar cubiertos adicionales.","40","1","2403"
"2847",True,"2023-08-23 15:48:15.736303","No incluir pan.","341","1","2404"
"2848",True,"2023-08-06 22:06:57.12203","Cocinar bien la carne.","208","1","2405"
"2849",True,"2025-04-18 21:03:43.588446","Plato para compartir.","42","1","2406"
"2850",True,"2025-05-15 13:25:18.619533","Agregar salsa extra.","351","1","2407"
"2851",True,"2025-05-15 13:29:44.948928","Sin aderezo.","90","1","2407"
"2852",True,"2023-07-03 13:13:41.234608","Sin cebolla, por favor.","106","1","2408"
"2853",True,"2023-12-10 21:46:42.114093","No añadir mayonesa.","267","1","2409"
"2854",True,"2024-07-29 13:53:53.305368","Poco picante.","170","1","2410"
"2855",True,"2025-06-02 00:00:00","Sin cebolla, por favor.","302","1","2411"
"2856",True,"2024-06-29 00:22:37.943331","","213","1","2412"
"2857",True,"2024-01-24 14:21:44.363161","Agregar cubiertos adicionales.","234","1","2413"
"2858",True,"2023-08-01 20:01:17.468778","Agregar salsa extra.","214","1","2414"
"2859",True,"2023-08-01 21:31:33.715906","","268","1","2414"
"2860",True,"2023-08-01 20:52:50.434379","Cocinar bien la carne.","65","1","2414"
"2861",True,"2023-08-06 15:11:20.911571","Con limón aparte.","119","1","2415"
"2862",True,"2024-09-03 13:10:22.834743","Agregar cubiertos adicionales.","246","1","2416"
"2863",True,"2024-12-17 13:14:26.066198","Sin aderezo.","145","1","2417"
"2864",True,"2023-06-23 20:12:55.24042","Sin aderezo.","168","1","2418"
"2865",True,"2024-08-07 13:11:37.83697","Preparar como la vez pasada.","227","1","2419"
"2866",True,"2024-11-01 15:43:41.270536","Plato para compartir.","128","1","2420"
"2867",True,"2024-01-12 14:15:12.084055","Sin aderezo.","84","1","2421"
"2868",True,"2024-01-12 13:48:58.094467","Evitar ingredientes crudos.","188","1","2421"
"2869",True,"2024-04-05 19:48:01.77691","Agregar cubiertos adicionales.","364","1","2422"
"2870",True,"2024-02-22 21:16:47.743566","Servir bien caliente.","159","1","2423"
"2871",True,"2023-07-21 13:46:22.796397","Preparar como la vez pasada.","245","1","2424"
"2872",True,"2023-12-27 14:15:52.981095","Sin cebolla, por favor.","182","1","2425"
"2873",True,"2025-05-16 15:05:32.474247","Sin cebolla, por favor.","194","1","2426"
"2874",True,"2024-07-22 17:06:59.658865","Sin aderezo.","290","1","2427"
"2875",True,"2023-12-01 15:17:18.332359","Servir bien caliente.","224","1","2428"
"2876",True,"2024-10-04 13:51:03.864433","Cocinar bien la carne.","236","1","2429"
"2877",True,"2024-10-04 13:59:46.409136","Sin cebolla, por favor.","86","1","2429"
"2878",True,"2024-10-04 13:31:11.305189","Usar queso sin lactosa.","105","1","2429"
"2879",True,"2023-06-16 21:54:24.052896","Poco picante.","138","1","2430"
"2880",True,"2024-10-25 15:11:14.471719","Servir en dos platos.","278","1","2431"
"2881",True,"2023-10-30 21:49:45.979193","Preparar como la vez pasada.","74","1","2432"
"2882",True,"2025-05-30 13:41:53.078658","Cocinar bien la carne.","273","1","2433"
"2883",True,"2024-06-15 23:01:27.648436","Servir bien caliente.","58","1","2434"
"2884",True,"2023-11-10 13:15:50.641916","Servir bien caliente.","285","1","2435"
"2885",True,"2023-11-10 12:56:22.571455","Usar queso sin lactosa.","499","1","2435"
"2886",True,"2023-07-07 19:47:57.209819","Agregar salsa extra.","146","1","2436"
"2887",True,"2023-12-03 21:40:54.198656","Servir bien caliente.","217","1","2437"
"2888",True,"2023-12-03 21:20:15.960468","No añadir mayonesa.","199","1","2437"
"2889",True,"2024-08-08 21:34:46.151156","Entrega rápida.","132","1","2438"
"2890",True,"2023-08-25 13:45:59.773197","Agregar cubiertos adicionales.","143","1","2439"
"2891",True,"2023-08-25 14:35:00.447481","Preparar como la vez pasada.","47","1","2439"
"2892",True,"2024-01-05 15:54:06.903072","No añadir mayonesa.","240","1","2440"
"2893",True,"2024-01-05 14:27:30.791529","Agregar salsa extra.","202","1","2440"
"2894",True,"2024-08-30 21:28:03.227006","Entrega rápida.","233","1","2441"
"2895",True,"2024-08-30 22:18:36.711302","Evitar ingredientes crudos.","161","1","2441"
"2896",True,"2025-01-03 15:17:09.053315","Dividir el plato.","205","1","2442"
"2897",True,"2023-12-21 14:47:16.839801","Agregar cubiertos adicionales.","199","1","2443"
"2898",True,"2023-08-12 13:49:50.447197","Agregar salsa extra.","110","1","2444"
"2899",True,"2023-08-04 20:12:54.809179","No añadir mayonesa.","147","1","2445"
"2900",True,"2024-12-19 15:03:21.096667","Preparar como la vez pasada.","186","1","2446"
"2901",True,"2024-12-19 14:11:50.318289","","228","1","2446"
"2902",True,"2023-06-02 15:46:09.306916","Sin aderezo.","238","1","2447"
"2903",True,"2023-07-01 00:34:06.169241","Preparar como la vez pasada.","24","1","2448"
"2904",True,"2023-08-24 17:04:59.93806","Servir bien caliente.","139","1","2449"
"2905",True,"2025-01-24 15:37:00.205542","Servir bien caliente.","215","1","2450"
"2906",True,"2023-08-11 22:54:34.03127","Sin aderezo.","418","1","2451"
"2907",True,"2023-08-11 22:36:03.28926","No incluir pan.","235","1","2451"
"2908",True,"2025-06-02 00:00:00","Evitar ingredientes crudos.","173","1","2452"
"2909",True,"2025-01-17 20:35:14.342542","Servir en dos platos.","319","1","2453"
"2910",True,"2025-01-17 21:24:02.845255","Sin cebolla, por favor.","335","1","2453"
"2911",True,"2023-12-16 15:31:55.033074","Entrega rápida.","74","1","2454"
"2912",True,"2024-05-24 21:17:27.276315","Con limón aparte.","346","1","2455"
"2913",True,"2024-03-08 13:15:37.707423","","174","1","2456"
"2914",True,"2025-06-02 00:00:00","No incluir pan.","133","1","2457"
"2915",True,"2024-09-20 14:08:54.266069","Usar queso sin lactosa.","104","1","2458"
"2916",True,"2025-01-03 21:38:12.312546","Poco picante.","271","1","2459"
"2917",True,"2025-05-23 14:08:30.68306","No añadir mayonesa.","169","1","2460"
"2918",True,"2024-10-04 20:59:10.74666","Preparar como la vez pasada.","158","1","2461"
"2919",True,"2025-05-23 14:48:20.280533","Sin aderezo.","159","1","2462"
"2920",True,"2025-04-07 16:13:53.469388","Cocinar bien la carne.","243","1","2463"
"2921",True,"2025-04-07 14:53:31.498246","Usar queso sin lactosa.","124","1","2463"
"2922",True,"2025-04-07 15:17:51.547587","Plato para compartir.","290","1","2463"
"2923",True,"2023-08-11 15:06:19.348763","No incluir pan.","162","1","2464"
"2924",True,"2023-07-15 21:57:05.338192","Servir en dos platos.","150","1","2465"
"2925",True,"2025-03-21 15:30:02.521128","Dividir el plato.","169","1","2466"
"2926",True,"2024-11-01 16:18:21.472802","Poco picante.","92","1","2467"
"2927",True,"2025-01-31 13:45:22.202489","Sin cebolla, por favor.","79","1","2468"
"2928",True,"2025-03-14 15:03:14.194369","Agregar salsa extra.","236","1","2469"
"2929",True,"2025-03-14 15:00:20.031822","No incluir pan.","178","1","2469"
"2930",True,"2025-03-14 14:28:24.437295","Sin aderezo.","186","1","2469"
"2931",True,"2023-09-08 12:53:47.618457","Dividir el plato.","254","1","2470"
"2932",True,"2023-07-30 21:03:52.963835","Poco picante.","116","1","2471"
"2933",True,"2024-04-25 19:44:54.689775","Preparar como la vez pasada.","248","1","2472"
"2934",True,"2024-10-11 13:30:47.38659","Usar queso sin lactosa.","157","1","2473"
"2935",True,"2023-08-23 21:20:47.252609","Servir en dos platos.","164","1","2474"
"2936",True,"2024-11-29 22:31:26.17644","Cocinar bien la carne.","130","1","2475"
"2937",True,"2024-12-20 15:37:40.155128","Dividir el plato.","178","1","2476"
"2938",True,"2024-12-08 22:14:04.281319","Servir en dos platos.","189","1","2477"
"2939",True,"2024-12-08 20:25:28.681994","Evitar ingredientes crudos.","154","1","2477"
"2940",True,"2024-07-12 13:27:59.459686","Evitar ingredientes crudos.","127","1","2478"
"2941",True,"2025-06-02 00:00:00","Preparar como la vez pasada.","115","1","2479"
"2942",True,"2023-07-23 14:00:29.099542","No añadir mayonesa.","210","1","2480"
"2943",True,"2024-12-02 13:33:31.74518","","50","1","2481"
"2944",True,"2024-12-02 13:45:49.103108","Cocinar bien la carne.","236","1","2481"
"2945",True,"2024-08-20 14:41:56.152606","Entrega rápida.","54","1","2482"
"2946",True,"2024-09-29 20:16:24.052551","Sin cebolla, por favor.","81","1","2483"
"2947",True,"2025-01-10 13:58:06.100586","Dividir el plato.","228","1","2484"
"2948",True,"2024-07-16 20:06:41.535593","Con limón aparte.","150","1","2485"
"2949",True,"2024-03-17 14:48:02.46143","Usar queso sin lactosa.","60","1","2486"
"2950",True,"2024-03-22 19:14:36.575348","Dividir el plato.","271","1","2487"
"2951",True,"2024-10-02 15:05:14.431663","Usar queso sin lactosa.","301","1","2488"
"2952",True,"2023-12-03 16:00:58.340992","Entrega rápida.","108","1","2489"
"2953",True,"2023-09-15 15:12:53.634189","Preparar como la vez pasada.","46","1","2490"
"2954",True,"2024-07-03 15:58:05.851598","No añadir mayonesa.","198","1","2491"
"2955",True,"2023-11-24 15:19:27.821848","Dividir el plato.","69","1","2492"
"2956",True,"2024-09-06 13:57:19.854795","Servir bien caliente.","153","1","2493"
"2957",True,"2024-12-23 20:24:11.6307","No añadir mayonesa.","137","1","2494"
"2958",True,"2025-05-30 13:21:04.423527","Cocinar bien la carne.","192","1","2495"
"2959",True,"2024-07-07 20:39:59.27834","Agregar cubiertos adicionales.","300","1","2496"
"2960",True,"2025-01-17 13:55:06.565441","Cocinar bien la carne.","206","1","2497"
"2961",True,"2025-01-17 13:43:54.607606","Sin aderezo.","288","1","2497"
"2962",True,"2025-01-17 14:08:08.651931","Sin cebolla, por favor.","367","1","2497"
"2963",True,"2023-09-08 20:20:58.203321","Poco picante.","185","1","2498"
"2964",True,"2023-08-25 22:46:28.612032","Preparar como la vez pasada.","154","1","2499"
"2965",True,"2023-10-14 15:19:44.380695","Entrega rápida.","123","1","2500"
"2966",True,"2024-06-12 12:47:29.463234","Cocinar bien la carne.","147","1","2501"
"2967",True,"2023-11-03 15:32:27.958617","Sin aderezo.","157","1","2502"
"2968",True,"2023-07-13 21:08:42.93542","Servir en dos platos.","76","1","2503"
"2969",True,"2024-08-16 14:41:43.395804","Agregar cubiertos adicionales.","30","1","2504"
"2970",True,"2024-01-05 20:47:00.949883","Servir bien caliente.","49","1","2505"
"2971",True,"2024-12-14 14:22:40.249464","Agregar salsa extra.","230","1","2506"
"2972",True,"2023-08-24 20:03:14.111949","Servir en dos platos.","95","1","2507"
"2973",True,"2025-04-25 19:48:16.283653","Agregar cubiertos adicionales.","158","1","2508"
"2974",True,"2025-05-16 22:45:11.051583","Plato para compartir.","235","1","2509"
"2975",True,"2023-06-24 21:02:05.905362","Cocinar bien la carne.","203","1","2510"
"2976",True,"2025-03-26 22:07:42.904142","Dividir el plato.","175","1","2511"
"2977",True,"2023-07-07 13:05:59.097979","Servir bien caliente.","131","1","2512"
"2978",True,"2024-10-04 21:27:14.222548","Agregar cubiertos adicionales.","200","1","2513"
"2979",True,"2024-12-18 17:25:21.522591","Sin cebolla, por favor.","184","1","2514"
"2980",True,"2024-12-18 17:07:05.840267","Usar queso sin lactosa.","163","1","2514"
"2981",True,"2023-09-08 13:01:38.2995","Dividir el plato.","383","1","2515"
"2982",True,"2023-07-24 14:35:44.705866","Poco picante.","113","1","2516"
"2983",True,"2025-04-22 15:40:00.315751","Usar queso sin lactosa.","228","1","2517"
"2984",True,"2024-06-03 19:31:04.954973","","117","1","2518"
"2985",True,"2024-12-06 15:40:02.13432","Poco picante.","75","1","2519"
"2986",True,"2024-12-27 15:46:40.432201","Dividir el plato.","246","1","2520"
"2987",True,"2025-05-12 21:36:46.091624","Sin aderezo.","91","1","2521"
"2988",True,"2024-07-01 15:41:17.239504","No añadir mayonesa.","188","1","2522"
"2989",True,"2023-09-15 23:14:04.654376","Cocinar bien la carne.","42","1","2523"
"2990",True,"2023-06-09 13:51:15.244561","Servir en dos platos.","162","1","2524"
"2991",True,"2025-03-14 12:15:02.626894","No incluir pan.","92","1","2525"
"2992",True,"2024-07-13 20:30:48.495766","Sin cebolla, por favor.","147","1","2526"
"2993",True,"2024-07-13 22:19:20.430499","Dividir el plato.","200","1","2526"
"2994",True,"2024-07-13 21:08:04.302307","Agregar salsa extra.","208","1","2526"
"2995",True,"2024-11-22 22:22:51.764066","Agregar salsa extra.","141","1","2527"
"2996",True,"2025-01-03 21:19:34.012807","Agregar salsa extra.","245","1","2528"
"2997",True,"2025-02-05 14:26:17.461628","Dividir el plato.","256","1","2529"
"2998",True,"2025-02-05 13:20:16.257824","Entrega rápida.","162","1","2529"
"2999",True,"2025-02-05 13:15:55.084656","Sin cebolla, por favor.","175","1","2529"
"3000",True,"2024-12-29 12:56:01.781164","Poco picante.","234","1","2530"
"3001",True,"2023-12-18 15:43:10.857206","Servir en dos platos.","164","1","2531"
"3002",True,"2025-03-21 23:20:44.766026","Servir bien caliente.","123","1","2532"
"3003",True,"2023-12-13 22:01:26.469398","Preparar como la vez pasada.","302","1","2533"
"3004",True,"2025-06-02 00:00:00","Cocinar bien la carne.","128","1","2534"
"3005",True,"2025-01-10 22:12:37.316474","Servir bien caliente.","297","1","2535"
"3006",True,"2024-03-29 22:22:49.081055","Cocinar bien la carne.","188","1","2536"
"3007",True,"2025-05-23 15:57:39.243636","Sin aderezo.","191","1","2537"
"3008",True,"2025-05-23 21:47:25.498588","Evitar ingredientes crudos.","261","1","2538"
"3009",True,"2024-12-16 20:10:33.051387","No añadir mayonesa.","247","1","2539"
"3010",True,"2023-07-14 20:55:18.417167","Sin cebolla, por favor.","182","1","2540"
"3011",True,"2023-07-14 22:15:21.323364","Agregar salsa extra.","81","1","2540"
"3012",True,"2023-10-13 20:02:44.168648","Dividir el plato.","218","1","2541"
"3013",True,"2024-02-23 14:23:42.201782","Usar queso sin lactosa.","149","1","2542"
"3014",True,"2024-02-23 15:42:54.163204","","116","1","2542"
"3015",True,"2024-08-02 21:39:28.716675","Sin cebolla, por favor.","153","1","2543"
"3016",True,"2025-01-24 22:03:08.902092","Evitar ingredientes crudos.","293","1","2544"
"3017",True,"2024-07-19 19:48:40.94701","Plato para compartir.","167","1","2545"
"3018",True,"2023-10-06 13:28:18.082701","Sin aderezo.","187","1","2546"
"3019",True,"2023-09-08 23:32:16.726647","Con limón aparte.","229","1","2547"
"3020",True,"2023-06-16 14:56:05.573219","No incluir pan.","231","1","2548"
"3021",True,"2023-06-16 14:38:05.338281","Preparar como la vez pasada.","108","1","2548"
"3022",True,"2024-07-19 23:42:39.911771","Usar queso sin lactosa.","263","1","2549"
"3023",True,"2024-03-19 13:56:24.568922","No añadir mayonesa.","44","1","2550"
"3024",True,"2024-03-19 14:11:10.778526","Cocinar bien la carne.","235","1","2550"
"3025",True,"2023-11-04 19:42:09.765681","No incluir pan.","290","1","2551"
"3026",True,"2025-06-02 00:00:00","Sin cebolla, por favor.","230","1","2552"
"3027",True,"2024-12-02 19:44:22.992321","Poco picante.","213","1","2553"
"3028",True,"2024-12-02 20:06:37.106492","Cocinar bien la carne.","146","1","2553"
"3029",True,"2024-12-25 21:21:50.166721","","104","1","2554"
"3030",True,"2025-03-27 20:22:03.943677","No incluir pan.","299","1","2555"
"3031",True,"2024-09-03 21:51:06.449911","Agregar salsa extra.","57","1","2556"
"3032",True,"2023-06-09 14:40:57.287436","","172","1","2557"
"3033",True,"2025-04-04 15:56:59.359487","Cocinar bien la carne.","264","1","2558"
"3034",True,"2023-12-20 14:49:15.298189","Sin cebolla, por favor.","251","1","2559"
"3035",True,"2023-07-21 21:04:22.638932","Usar queso sin lactosa.","129","1","2560"
"3036",True,"2024-07-15 14:35:45.172784","Plato para compartir.","95","1","2561"
"3037",True,"2024-07-15 13:20:00.364188","Plato para compartir.","117","1","2561"
"3038",True,"2024-12-09 12:59:37.767593","Cocinar bien la carne.","50","1","2562"
"3039",True,"2023-10-11 13:07:53.22035","No incluir pan.","140","1","2563"
"3040",True,"2023-08-19 20:27:30.513431","Evitar ingredientes crudos.","48","1","2564"
"3041",True,"2023-12-01 15:34:53.111834","Servir en dos platos.","95","1","2565"
"3042",True,"2023-12-16 13:34:14.605572","Agregar salsa extra.","132","1","2566"
"3043",True,"2023-09-08 15:50:20.256671","No incluir pan.","133","1","2567"
"3044",True,"2024-07-19 19:53:24.977466","Evitar ingredientes crudos.","69","1","2568"
"3045",True,"2024-04-19 22:10:28.974569","Cocinar bien la carne.","150","1","2569"
"3046",True,"2023-12-01 21:39:42.225737","Sin aderezo.","223","1","2570"
"3047",True,"2024-02-02 21:10:22.878206","Cocinar bien la carne.","107","1","2571"
"3048",True,"2024-02-02 20:36:19.762884","No incluir pan.","181","1","2571"
"3049",True,"2025-04-11 13:52:02.025843","Sin cebolla, por favor.","106","1","2572"
"3050",True,"2024-03-17 14:54:55.619775","","85","1","2573"
"3051",True,"2023-07-28 20:21:14.124208","Con limón aparte.","134","1","2574"
"3052",True,"2024-08-23 22:22:22.911851","","135","1","2575"
"3053",True,"2023-07-14 21:38:57.03876","Agregar salsa extra.","287","1","2576"
"3054",True,"2023-08-25 14:05:24.109062","Servir bien caliente.","161","1","2577"
"3055",True,"2024-12-20 14:32:29.123636","Agregar cubiertos adicionales.","226","1","2578"
"3056",True,"2023-07-07 23:33:02.036824","Dividir el plato.","97","1","2579"
"3057",True,"2025-05-02 15:15:55.18161","Agregar salsa extra.","70","1","2580"
"3058",True,"2025-06-02 00:00:00","Sin aderezo.","222","1","2581"
"3059",True,"2025-06-02 00:00:00","Sin cebolla, por favor.","321","1","2581"
"3060",True,"2024-02-09 20:00:51.58238","Preparar como la vez pasada.","182","1","2582"
"3061",True,"2024-05-01 12:38:34.837682","Entrega rápida.","284","1","2583"
"3062",True,"2023-06-23 22:46:29.929942","Sin cebolla, por favor.","87","1","2584"
"3063",True,"2023-07-21 20:12:01.530745","Usar queso sin lactosa.","115","1","2585"
"3064",True,"2024-06-21 22:31:01.759115","Dividir el plato.","193","1","2586"
"3065",True,"2023-06-13 21:08:29.489231","Entrega rápida.","80","1","2587"
"3066",True,"2023-08-27 14:39:29.887533","Servir en dos platos.","141","1","2588"
"3067",True,"2025-01-10 15:00:36.084861","","279","1","2589"
"3068",True,"2023-07-22 13:28:58.805359","Agregar cubiertos adicionales.","197","1","2590"
"3069",True,"2023-07-22 12:24:16.443414","","206","1","2590"
"3070",True,"2025-04-12 00:09:19.816977","Agregar salsa extra.","298","1","2591"
"3071",True,"2025-05-16 21:05:14.76666","Poco picante.","123","1","2592"
"3072",True,"2024-05-23 15:44:41.300572","No incluir pan.","129","1","2593"
"3073",True,"2023-11-09 21:27:00.177261","Sin cebolla, por favor.","249","1","2594"
"3074",True,"2025-06-02 00:00:00","No incluir pan.","162","1","2595"
"3075",True,"2024-09-06 21:53:51.255028","Evitar ingredientes crudos.","128","1","2596"
"3076",True,"2023-10-20 13:08:35.472597","No incluir pan.","271","1","2597"
"3077",True,"2023-08-11 21:59:12.470598","No añadir mayonesa.","227","1","2598"
"3078",True,"2023-07-28 13:30:44.872585","Sin aderezo.","101","1","2599"
"3079",True,"2025-01-31 14:59:03.370634","Servir en dos platos.","154","1","2600"
"3080",True,"2024-01-12 22:15:28.211274","Evitar ingredientes crudos.","256","1","2601"
"3081",True,"2025-03-21 20:47:58.802695","No añadir mayonesa.","148","1","2602"
"3082",True,"2025-01-17 13:34:59.12577","Con limón aparte.","125","1","2603"
"3083",True,"2024-02-27 20:02:26.900155","Sin aderezo.","192","1","2604"
"3084",True,"2024-02-05 20:31:12.159874","Entrega rápida.","102","1","2605"
"3085",True,"2025-06-02 00:00:00","Poco picante.","86","1","2606"
"3086",True,"2025-05-08 13:57:48.634329","Agregar salsa extra.","155","1","2607"
"3087",True,"2023-07-14 13:45:54.943379","Poco picante.","240","1","2608"
"3088",True,"2024-06-21 13:51:10.290811","Cocinar bien la carne.","233","1","2609"
"3089",True,"2024-01-17 21:23:26.881411","Servir en dos platos.","177","1","2610"
"3090",True,"2024-08-14 20:30:38.556674","Agregar cubiertos adicionales.","43","1","2611"
"3091",True,"2024-03-29 20:43:19.562692","Dividir el plato.","99","1","2612"
"3092",True,"2025-04-25 13:12:57.920836","No añadir mayonesa.","125","1","2613"
"3093",True,"2023-07-30 21:06:01.749994","Servir en dos platos.","182","1","2614"
"3094",True,"2023-10-13 20:10:48.723802","Servir bien caliente.","87","1","2615"
"3095",True,"2023-10-13 20:01:39.885021","Preparar como la vez pasada.","232","1","2615"
"3096",True,"2025-06-02 00:00:00","Agregar cubiertos adicionales.","129","1","2616"
"3097",True,"2025-06-02 00:00:00","Poco picante.","231","1","2616"
"3098",True,"2024-07-19 20:18:13.801618","Cocinar bien la carne.","173","1","2617"
"3099",True,"2023-07-28 15:38:49.806051","Servir bien caliente.","71","1","2618"
"3100",True,"2023-07-28 15:25:56.507281","","90","1","2618"
"3101",True,"2023-08-27 21:21:34.033259","Sin aderezo.","78","1","2619"
"3102",True,"2024-03-08 21:07:43.540459","No incluir pan.","181","1","2620"
"3103",True,"2024-03-08 20:18:47.785895","No incluir pan.","210","1","2620"
"3104",True,"2024-08-09 14:41:10.860328","Entrega rápida.","83","1","2621"
"3105",True,"2024-12-07 23:03:07.467456","Evitar ingredientes crudos.","309","1","2622"
"3106",True,"2024-07-27 20:03:26.516607","Con limón aparte.","143","1","2623"
"3107",True,"2025-01-23 20:53:17.342765","Servir bien caliente.","162","1","2624"
"3108",True,"2024-02-23 20:02:30.724129","Sin aderezo.","142","1","2625"
"3109",True,"2023-06-16 21:16:02.049487","Poco picante.","94","1","2626"
"3110",True,"2023-12-13 16:32:37.017016","Agregar cubiertos adicionales.","106","1","2627"
"3111",True,"2025-06-02 00:00:00","Con limón aparte.","169","1","2628"
"3112",True,"2025-06-02 00:00:00","Sin cebolla, por favor.","114","1","2628"
"3113",True,"2023-12-06 00:29:04.564727","Sin aderezo.","217","1","2629"
"3114",True,"2023-12-05 22:10:31.494962","Servir en dos platos.","162","1","2629"
"3115",True,"2023-12-05 22:44:35.735425","Cocinar bien la carne.","98","1","2629"
"3116",True,"2024-10-25 22:26:12.222672","Sin aderezo.","56","1","2630"
"3117",True,"2024-10-25 22:22:44.619844","Entrega rápida.","117","1","2630"
"3118",True,"2023-08-06 21:59:30.678864","Poco picante.","101","1","2631"
"3119",True,"2023-08-04 14:24:45.108492","Servir en dos platos.","119","1","2632"
"3120",True,"2025-05-16 14:55:10.084447","Servir en dos platos.","98","1","2633"
"3121",True,"2024-07-12 21:59:20.898309","No incluir pan.","269","1","2634"
"3122",True,"2023-12-16 14:53:24.855406","Evitar ingredientes crudos.","310","1","2635"
"3123",True,"2024-07-10 20:32:46.370395","Sin aderezo.","143","1","2636"
"3124",True,"2023-10-20 16:24:44.232617","Cocinar bien la carne.","189","1","2637"
"3125",True,"2023-10-20 15:36:44.501909","Entrega rápida.","119","1","2637"
"3126",True,"2024-05-10 19:21:24.09294","Agregar salsa extra.","230","1","2638"
"3127",True,"2024-05-31 14:53:28.428945","No añadir mayonesa.","199","1","2639"
"3128",True,"2024-05-17 22:06:31.006257","Evitar ingredientes crudos.","75","1","2640"
"3129",True,"2024-05-17 22:07:50.133204","Con limón aparte.","149","1","2640"
"3130",True,"2024-05-17 21:19:22.174358","Dividir el plato.","142","1","2640"
"3131",True,"2024-06-28 13:51:22.920993","Entrega rápida.","195","1","2641"
"3132",True,"2024-11-08 15:06:41.958842","No incluir pan.","117","1","2642"
"3133",True,"2024-11-29 20:33:02.88472","Entrega rápida.","481","1","2643"
"3134",True,"2023-07-14 13:37:40.94353","Preparar como la vez pasada.","369","1","2644"
"3135",True,"2023-11-06 19:04:04.174114","Entrega rápida.","315","1","2645"
"3136",True,"2024-12-06 13:15:33.278025","Preparar como la vez pasada.","79","1","2646"
"3137",True,"2025-04-18 20:41:38.31241","Evitar ingredientes crudos.","218","1","2647"
"3138",True,"2025-04-18 20:16:12.259114","Servir en dos platos.","243","1","2647"
"3139",True,"2023-10-18 14:16:38.183885","","110","1","2648"
"3140",True,"2024-11-22 12:50:43.500858","Entrega rápida.","150","1","2649"
"3141",True,"2024-04-03 12:59:03.582699","Dividir el plato.","297","1","2650"
"3142",True,"2025-04-25 23:31:16.273387","No incluir pan.","91","1","2651"
"3143",True,"2025-04-25 23:02:48.165308","Servir en dos platos.","56","1","2651"
"3144",True,"2025-06-02 00:00:00","Poco picante.","154","1","2652"
"3145",True,"2025-06-02 00:00:00","Con limón aparte.","113","1","2653"
"3146",True,"2024-09-27 14:45:40.70458","Sin aderezo.","191","1","2654"
"3147",True,"2023-08-11 17:17:40.5577","Usar queso sin lactosa.","202","1","2655"
"3148",True,"2025-02-14 19:48:22.770778","Dividir el plato.","269","1","2656"
"3149",True,"2023-11-17 15:37:05.709644","Servir en dos platos.","109","1","2657"
"3150",True,"2025-06-02 00:00:00","Dividir el plato.","109","1","2658"
"3151",True,"2024-07-05 16:34:37.339183","Usar queso sin lactosa.","48","1","2659"
"3152",True,"2023-09-04 12:35:55.434755","Preparar como la vez pasada.","360","1","2660"
"3153",True,"2024-06-06 20:50:08.310051","Cocinar bien la carne.","52","1","2661"
"3154",True,"2023-11-10 15:30:24.913075","Servir en dos platos.","173","1","2662"
"3155",True,"2023-12-04 20:17:08.49014","Entrega rápida.","232","1","2663"
"3156",True,"2024-04-20 23:37:48.445252","Dividir el plato.","131","1","2664"
"3157",True,"2024-09-06 13:59:05.001883","Plato para compartir.","289","1","2665"
"3158",True,"2025-01-31 20:49:08.142044","Agregar salsa extra.","246","1","2666"
"3159",True,"2024-09-20 14:09:36.51213","Evitar ingredientes crudos.","73","1","2667"
"3160",True,"2024-11-05 21:35:15.150971","Entrega rápida.","100","1","2668"
"3161",True,"2024-12-20 22:25:09.928584","Entrega rápida.","153","1","2669"
"3162",True,"2024-07-19 20:04:47.205696","Servir bien caliente.","221","1","2670"
"3163",True,"2023-09-01 13:27:47.569939","Preparar como la vez pasada.","196","1","2671"
"3164",True,"2025-06-02 00:00:00","Servir bien caliente.","143","1","2672"
"3165",True,"2023-10-06 15:05:39.339686","Plato para compartir.","292","1","2673"
"3166",True,"2024-01-19 23:25:02.770061","","60","1","2674"
"3167",True,"2024-08-05 15:03:47.740215","Evitar ingredientes crudos.","92","1","2675"
"3168",True,"2023-12-15 13:38:28.944261","Con limón aparte.","65","1","2676"
"3169",True,"2025-06-02 00:00:00","","208","1","2677"
"3170",True,"2024-08-07 22:02:56.669102","Plato para compartir.","275","1","2678"
"3171",True,"2024-03-01 21:48:51.694827","Entrega rápida.","214","1","2679"
"3172",True,"2024-04-12 23:08:32.097921","Servir en dos platos.","207","1","2680"
"3173",True,"2025-03-26 15:05:26.03128","Agregar salsa extra.","310","1","2681"
"3174",True,"2024-11-29 22:18:49.398016","Plato para compartir.","302","1","2682"
"3175",True,"2024-12-06 16:31:56.758438","No añadir mayonesa.","93","1","2683"
"3176",True,"2024-08-07 21:17:51.122323","Servir en dos platos.","314","1","2684"
"3177",True,"2024-08-12 12:58:34.074544","","294","1","2685"
"3178",True,"2024-07-25 15:55:46.87644","Entrega rápida.","155","1","2686"
"3179",True,"2025-06-02 00:00:00","Evitar ingredientes crudos.","210","1","2687"
"3180",True,"2025-06-02 00:00:00","","188","1","2687"
"3181",True,"2024-05-10 23:25:22.206497","Servir bien caliente.","132","1","2688"
"3182",True,"2024-05-10 22:59:34.647629","","242","1","2688"
"3183",True,"2023-12-01 21:40:54.621657","Cocinar bien la carne.","253","1","2689"
"3184",True,"2025-01-24 21:07:44.320015","Con limón aparte.","140","1","2690"
"3185",True,"2025-06-02 00:00:00","No incluir pan.","67","1","2691"
"3186",True,"2025-03-07 21:38:51.120872","No añadir mayonesa.","241","1","2692"
"3187",True,"2023-11-24 20:51:03.022932","No añadir mayonesa.","257","1","2693"
"3188",True,"2024-08-21 21:49:17.624592","Plato para compartir.","42","1","2694"
"3189",True,"2025-01-03 19:20:52.571546","No incluir pan.","174","1","2695"
"3190",True,"2024-12-06 14:29:40.667471","Servir en dos platos.","118","1","2696"
"3191",True,"2023-07-07 21:49:58.057494","Plato para compartir.","160","1","2697"
"3192",True,"2024-09-13 20:50:08.178228","Dividir el plato.","88","1","2698"
"3193",True,"2024-09-13 21:06:47.069479","Con limón aparte.","226","1","2698"
"3194",True,"2024-04-17 15:54:23.613967","Preparar como la vez pasada.","258","1","2699"
"3195",True,"2023-10-16 14:54:18.051931","Agregar cubiertos adicionales.","237","1","2700"
"3196",True,"2024-08-09 20:59:11.321918","Cocinar bien la carne.","119","1","2701"
"3197",True,"2025-06-02 00:00:00","Evitar ingredientes crudos.","185","1","2702"
"3198",True,"2024-01-05 14:03:19.869477","Sin aderezo.","319","1","2703"
"3199",True,"2023-10-23 13:14:54.890874","Evitar ingredientes crudos.","47","1","2704"
"3200",True,"2023-08-11 14:53:11.764279","No añadir mayonesa.","144","1","2705"
"3201",True,"2023-08-11 17:14:09.893419","Agregar salsa extra.","75","1","2705"
"3202",True,"2025-03-21 21:00:00.983464","","85","1","2706"
"3203",True,"2023-06-30 20:54:33.806765","","56","1","2707"
"3204",True,"2024-01-01 15:31:16.532462","Sin aderezo.","119","1","2708"
"3205",True,"2023-10-27 14:19:48.007116","Servir bien caliente.","43","1","2709"
"3206",True,"2024-12-15 22:35:28.175319","Servir bien caliente.","212","1","2710"
"3207",True,"2023-12-03 21:41:01.705831","Dividir el plato.","299","1","2711"
"3208",True,"2023-07-17 21:32:27.912024","No añadir mayonesa.","155","1","2712"
"3209",True,"2024-11-15 14:34:33.621651","Servir en dos platos.","336","1","2713"
"3210",True,"2023-09-01 15:24:01.040126","Agregar salsa extra.","96","1","2714"
"3211",True,"2023-11-23 14:11:57.304211","Servir bien caliente.","90","1","2715"
"3212",True,"2025-02-20 15:34:58.82504","Sin cebolla, por favor.","294","1","2716"
"3213",True,"2024-07-22 12:41:45.67779","Agregar cubiertos adicionales.","362","1","2717"
"3214",True,"2024-02-07 14:31:16.023335","Preparar como la vez pasada.","234","1","2718"
"3215",True,"2023-07-07 14:31:08.008067","Dividir el plato.","81","1","2719"
"3216",True,"2025-04-25 14:16:45.336907","Usar queso sin lactosa.","253","1","2720"
"3217",True,"2024-07-26 12:27:38.124803","Entrega rápida.","265","1","2721"
"3218",True,"2024-07-19 22:35:41.574965","Agregar salsa extra.","153","1","2722"
"3219",True,"2023-07-04 20:22:18.926155","No incluir pan.","189","1","2723"
"3220",True,"2025-04-04 22:25:53.548238","Agregar salsa extra.","139","1","2724"
"3221",True,"2024-12-23 12:25:08.688108","Plato para compartir.","87","1","2725"
"3222",True,"2023-12-29 21:07:27.188886","Preparar como la vez pasada.","263","1","2726"
"3223",True,"2024-05-10 21:01:46.974213","Plato para compartir.","274","1","2727"
"3224",True,"2024-08-13 21:37:15.218892","Sin cebolla, por favor.","122","1","2728"
"3225",True,"2025-06-02 00:00:00","No añadir mayonesa.","85","1","2729"
"3226",True,"2025-06-02 00:00:00","Entrega rápida.","69","1","2729"
"3227",True,"2024-03-11 21:37:57.796861","Plato para compartir.","78","1","2730"
"3228",True,"2023-08-08 19:36:15.763273","Dividir el plato.","100","1","2731"
"3229",True,"2023-08-08 19:24:58.604822","Con limón aparte.","244","1","2731"
"3230",True,"2024-07-05 14:27:36.02542","","86","1","2732"
"3231",True,"2023-09-22 15:10:42.969704","Agregar salsa extra.","240","1","2733"
"3232",True,"2023-11-17 17:05:34.14047","Sin cebolla, por favor.","133","1","2734"
"3233",True,"2024-05-18 00:29:18.850705","Plato para compartir.","401","1","2735"
"3234",True,"2024-12-16 20:30:18.802768","Con limón aparte.","225","1","2736"
"3235",True,"2023-08-25 23:24:09.676988","Dividir el plato.","267","1","2737"
"3236",True,"2024-05-03 14:58:30.299618","Servir bien caliente.","133","1","2738"
"3237",True,"2024-07-28 21:44:18.067932","Usar queso sin lactosa.","131","1","2739"
"3238",True,"2024-08-02 21:50:08.592501","Evitar ingredientes crudos.","35","1","2740"
"3239",True,"2025-06-02 00:00:00","","79","1","2741"
"3240",True,"2023-12-06 19:54:25.856637","Sin cebolla, por favor.","70","1","2742"
"3241",True,"2023-12-06 20:34:51.704327","Agregar salsa extra.","309","1","2742"
"3242",True,"2024-07-01 13:22:56.221839","Con limón aparte.","175","1","2743"
"3243",True,"2024-07-01 14:24:17.571031","Sin aderezo.","136","1","2743"
"3244",True,"2025-01-28 20:02:01.689657","Cocinar bien la carne.","304","1","2744"
"3245",True,"2024-07-03 20:22:17.985702","Entrega rápida.","336","1","2745"
"3246",True,"2024-07-03 19:58:54.766327","Agregar cubiertos adicionales.","198","1","2745"
"3247",True,"2025-01-21 14:21:20.912807","Entrega rápida.","248","1","2746"
"3248",True,"2025-04-18 22:03:55.125875","Con limón aparte.","247","1","2747"
"3249",True,"2024-12-06 20:47:43.308327","Poco picante.","251","1","2748"
"3250",True,"2024-07-05 20:10:32.124036","Sin aderezo.","212","1","2749"
"3251",True,"2025-01-24 13:59:40.671617","Usar queso sin lactosa.","74","1","2750"
"3252",True,"2025-04-18 14:21:29.189084","Agregar salsa extra.","54","1","2751"
"3253",True,"2025-01-03 13:26:20.481064","Agregar cubiertos adicionales.","110","1","2752"
"3254",True,"2023-07-14 21:14:35.324724","Agregar salsa extra.","149","1","2753"
"3255",True,"2023-06-30 16:45:51.771908","Preparar como la vez pasada.","214","1","2754"
"3256",True,"2024-08-02 21:18:47.933394","","203","1","2755"
"3257",True,"2023-10-27 13:59:36.993637","Sin aderezo.","293","1","2756"
"3258",True,"2023-10-27 13:41:21.206155","No añadir mayonesa.","165","1","2756"
"3259",True,"2024-12-20 13:49:55.402183","Sin aderezo.","122","1","2757"
"3260",True,"2025-06-02 00:00:00","Plato para compartir.","47","1","2758"
"3261",True,"2025-06-02 00:00:00","Sin aderezo.","200","1","2758"
"3262",True,"2023-09-11 19:27:42.458937","Cocinar bien la carne.","254","1","2759"
"3263",True,"2023-09-11 20:11:55.316089","Agregar cubiertos adicionales.","210","1","2759"
"3264",True,"2023-06-18 20:54:06.186368","No incluir pan.","132","1","2760"
"3265",True,"2024-12-29 21:07:44.42479","Sin cebolla, por favor.","76","1","2761"
"3266",True,"2025-02-14 20:29:42.95947","Evitar ingredientes crudos.","231","1","2762"
"3267",True,"2024-02-02 14:07:21.818232","Dividir el plato.","145","1","2763"
"3268",True,"2023-10-05 14:03:29.705145","Usar queso sin lactosa.","298","1","2764"
"3269",True,"2023-10-05 15:18:46.543691","Agregar cubiertos adicionales.","261","1","2764"
"3270",True,"2023-08-18 15:29:27.550348","Sin aderezo.","104","1","2765"
"3271",True,"2024-07-05 15:00:23.193696","Entrega rápida.","157","1","2766"
"3272",True,"2023-08-18 15:04:12.712864","Preparar como la vez pasada.","356","1","2767"
"3273",True,"2024-11-22 20:34:54.604752","No añadir mayonesa.","232","1","2768"
"3274",True,"2024-06-14 23:02:13.470522","Entrega rápida.","318","1","2769"
"3275",True,"2024-07-08 13:35:00.851291","Sin cebolla, por favor.","274","1","2770"
"3276",True,"2023-10-16 14:04:54.784905","Agregar salsa extra.","301","1","2771"
"3277",True,"2023-10-16 14:51:42.232822","Sin cebolla, por favor.","224","1","2771"
"3278",True,"2025-06-02 00:00:00","No incluir pan.","54","1","2772"
"3279",True,"2023-12-08 21:36:24.524472","Cocinar bien la carne.","231","1","2773"
"3280",True,"2024-07-26 16:36:55.975327","Dividir el plato.","248","1","2774"
"3281",True,"2024-07-26 16:07:08.931875","Con limón aparte.","178","1","2774"
"3282",True,"2024-07-26 16:59:47.866708","Sin cebolla, por favor.","290","1","2774"
"3283",True,"2024-12-27 12:33:26.925135","Servir en dos platos.","227","1","2775"
"3284",True,"2024-07-26 20:33:05.225483","Dividir el plato.","95","1","2776"
"3285",True,"2024-11-22 21:14:36.221656","Poco picante.","239","1","2777"
"3286",True,"2024-08-07 13:23:31.696337","Entrega rápida.","48","1","2778"
"3287",True,"2023-12-22 21:10:06.317329","Agregar salsa extra.","270","1","2779"
"3288",True,"2023-12-22 20:25:39.216758","Evitar ingredientes crudos.","109","1","2779"
"3289",True,"2023-06-09 13:44:35.926655","Plato para compartir.","377","1","2780"
"3290",True,"2025-02-04 13:02:21.16305","Con limón aparte.","185","1","2781"
"3291",True,"2023-09-14 22:27:35.893316","Dividir el plato.","114","1","2782"
"3292",True,"2024-12-05 14:53:57.21675","Cocinar bien la carne.","134","1","2783"
"3293",True,"2024-12-20 21:56:20.996101","Con limón aparte.","280","1","2784"
"3294",True,"2024-05-24 22:39:55.340263","Sin aderezo.","140","1","2785"
"3295",True,"2024-05-24 21:54:50.149882","Dividir el plato.","181","1","2785"
"3296",True,"2024-05-24 22:34:07.597284","Sin cebolla, por favor.","314","1","2785"
"3297",True,"2025-06-02 00:00:00","Servir en dos platos.","184","1","2786"
"3298",True,"2025-06-02 00:00:00","Poco picante.","238","1","2786"
"3299",True,"2025-02-07 15:43:04.134688","Usar queso sin lactosa.","73","1","2787"
"3300",True,"2025-01-31 13:44:38.072457","Sin aderezo.","147","1","2788"
"3301",True,"2025-02-08 13:25:00.477475","No incluir pan.","130","1","2789"
"3302",True,"2023-06-23 19:27:15.562498","Sin aderezo.","92","1","2790"
"3303",True,"2024-08-21 15:29:31.252048","","211","1","2791"
"3304",True,"2024-04-05 14:04:18.484962","No añadir mayonesa.","102","1","2792"
"3305",True,"2024-07-14 21:43:20.022332","Entrega rápida.","308","1","2793"
"3306",True,"2023-12-08 14:03:26.296741","Poco picante.","89","1","2794"
"3307",True,"2023-12-01 12:48:11.951695","Agregar salsa extra.","294","1","2795"
"3308",True,"2024-05-17 20:51:15.594713","Dividir el plato.","225","1","2796"
"3309",True,"2024-07-05 19:13:14.422581","Plato para compartir.","307","1","2797"
"3310",True,"2024-08-12 22:39:25.40496","Servir en dos platos.","199","1","2798"
"3311",True,"2024-04-26 13:35:19.154066","Dividir el plato.","63","1","2799"
"3312",True,"2024-04-26 15:09:39.850326","Preparar como la vez pasada.","235","1","2799"
"3313",True,"2025-06-02 00:00:00","Agregar salsa extra.","165","1","2800"
"3314",True,"2025-06-02 00:00:00","Sin aderezo.","64","1","2800"
"3315",True,"2025-06-02 00:00:00","Entrega rápida.","219","1","2801"
"3316",True,"2024-06-03 20:30:21.518389","No añadir mayonesa.","163","1","2802"
"3317",True,"2023-10-09 14:36:41.153578","Preparar como la vez pasada.","257","1","2803"
"3318",True,"2023-10-09 14:14:42.867823","","165","1","2803"
"3319",True,"2023-10-09 15:24:34.027424","Servir bien caliente.","431","1","2803"
"3320",True,"2024-11-27 13:03:50.889256","","134","1","2804"
"3321",True,"2025-03-21 13:48:18.789438","Evitar ingredientes crudos.","68","1","2805"
"3322",True,"2025-03-28 23:10:53.11249","No añadir mayonesa.","109","1","2806"
"3323",True,"2024-06-21 22:11:32.964432","Poco picante.","308","1","2807"
"3324",True,"2023-06-04 22:16:52.516442","Evitar ingredientes crudos.","201","1","2808"
"3325",True,"2024-08-12 22:52:22.143092","Dividir el plato.","180","1","2809"
"3326",True,"2024-12-22 15:35:49.38218","Cocinar bien la carne.","184","1","2810"
"3327",True,"2024-05-31 13:40:46.654321","Entrega rápida.","97","1","2811"
"3328",True,"2025-06-02 00:00:00","Poco picante.","142","1","2812"
"3329",True,"2023-07-29 22:38:14.611204","No incluir pan.","121","1","2813"
"3330",True,"2025-06-02 00:00:00","Con limón aparte.","137","1","2814"
"3331",True,"2025-03-07 13:31:03.791618","Evitar ingredientes crudos.","183","1","2815"
"3332",True,"2025-01-24 21:45:53.541615","Usar queso sin lactosa.","406","1","2816"
"3333",True,"2024-08-13 14:18:55.602272","Poco picante.","241","1","2817"
"3334",True,"2024-09-08 14:45:37.134426","Sin aderezo.","334","1","2818"
"3335",True,"2025-06-02 00:00:00","Usar queso sin lactosa.","177","1","2819"
"3336",True,"2023-10-09 20:46:18.796316","Entrega rápida.","173","1","2820"
"3337",True,"2024-08-02 16:19:37.84687","Servir bien caliente.","103","1","2821"
"3338",True,"2024-08-09 16:13:44.255859","Sin aderezo.","129","1","2822"
"3339",True,"2024-01-13 14:35:25.267743","Agregar salsa extra.","174","1","2823"
"3340",True,"2024-01-13 13:43:21.809691","Entrega rápida.","199","1","2823"
"3341",True,"2024-10-14 20:33:57.73173","Con limón aparte.","238","1","2824"
"3342",True,"2024-08-29 13:41:04.808204","No incluir pan.","93","1","2825"
"3343",True,"2023-10-06 14:13:09.849783","No añadir mayonesa.","371","1","2826"
"3344",True,"2024-05-03 13:03:17.277941","Usar queso sin lactosa.","200","1","2827"
"3345",True,"2024-05-03 13:36:47.497324","Poco picante.","93","1","2827"
"3346",True,"2024-09-02 13:53:16.012284","Sin aderezo.","379","1","2828"
"3347",True,"2025-06-02 00:00:00","No añadir mayonesa.","268","1","2829"
"3348",True,"2025-06-02 00:00:00","No incluir pan.","31","1","2829"
"3349",True,"2023-06-09 15:42:21.90079","No incluir pan.","183","1","2830"
"3350",True,"2024-10-18 13:46:46.586125","No incluir pan.","132","1","2831"
"3351",True,"2023-12-29 13:33:58.132531","Sin cebolla, por favor.","92","1","2832"
"3352",True,"2023-12-29 14:24:47.323772","","118","1","2832"
"3353",True,"2023-12-29 14:34:27.746043","Servir en dos platos.","202","1","2832"
"3354",True,"2023-12-22 14:29:55.787035","","216","1","2833"
"3355",True,"2024-07-12 20:12:23.662799","Evitar ingredientes crudos.","121","1","2834"
"3356",True,"2024-07-15 14:21:54.393678","No incluir pan.","367","1","2835"
"3357",True,"2024-07-15 16:02:24.524151","Poco picante.","281","1","2835"
"3358",True,"2024-08-29 20:44:01.909643","Plato para compartir.","115","1","2836"
"3359",True,"2024-08-29 20:29:47.875205","Entrega rápida.","218","1","2836"
"3360",True,"2025-06-02 00:00:00","Cocinar bien la carne.","71","1","2837"
"3361",True,"2024-06-28 21:33:01.794813","Cocinar bien la carne.","327","1","2838"
"3362",True,"2024-06-28 21:57:58.13437","","338","1","2838"
"3363",True,"2023-06-30 19:26:38.090655","Servir en dos platos.","94","1","2839"
"3364",True,"2023-11-03 14:30:29.469154","","66","1","2840"
"3365",True,"2023-08-25 19:37:09.379193","Dividir el plato.","123","1","2841"
"3366",True,"2023-08-25 20:39:03.334339","Servir bien caliente.","164","1","2841"
"3367",True,"2023-08-25 19:32:54.314304","Sin cebolla, por favor.","245","1","2841"
"3368",True,"2024-12-06 21:18:25.407839","No añadir mayonesa.","202","1","2842"
"3369",True,"2025-06-02 00:00:00","Poco picante.","93","1","2843"
"3370",True,"2025-05-09 20:51:36.876008","Preparar como la vez pasada.","113","1","2844"
"3371",True,"2024-09-13 15:00:06.143127","Usar queso sin lactosa.","106","1","2845"
"3372",True,"2024-08-28 21:13:32.171756","Entrega rápida.","140","1","2846"
"3373",True,"2023-11-07 22:44:03.26929","No añadir mayonesa.","154","1","2847"
"3374",True,"2024-10-09 14:14:55.051163","Cocinar bien la carne.","340","1","2848"
"3375",True,"2023-09-01 20:38:20.426408","Con limón aparte.","165","1","2849"
"3376",True,"2023-11-17 13:12:32.372252","Evitar ingredientes crudos.","105","1","2850"
"3377",True,"2023-12-15 14:07:50.776174","Sin cebolla, por favor.","79","1","2851"
"3378",True,"2024-07-09 21:58:49.761177","Usar queso sin lactosa.","175","1","2852"
"3379",True,"2024-07-09 21:41:18.781069","Con limón aparte.","162","1","2852"
"3380",True,"2023-11-17 13:16:48.242065","Evitar ingredientes crudos.","168","1","2853"
"3381",True,"2023-08-09 15:40:20.091451","No incluir pan.","223","1","2854"
"3382",True,"2023-06-09 15:45:52.049739","Agregar salsa extra.","246","1","2855"
"3383",True,"2023-06-09 13:26:55.860321","Poco picante.","340","1","2855"
"3384",True,"2024-08-16 14:08:08.208885","Poco picante.","379","1","2856"
"3385",True,"2023-10-08 15:27:16.637436","Plato para compartir.","159","1","2857"
"3386",True,"2023-06-09 20:42:29.764901","Preparar como la vez pasada.","206","1","2858"
"3387",True,"2024-01-19 14:25:58.75382","","126","1","2859"
"3388",True,"2023-10-27 21:19:39.633205","Plato para compartir.","207","1","2860"
"3389",True,"2023-10-27 20:23:56.319554","Usar queso sin lactosa.","218","1","2860"
"3390",True,"2023-07-16 14:06:29.783714","Usar queso sin lactosa.","55","1","2861"
"3391",True,"2023-07-16 13:05:20.793658","Plato para compartir.","141","1","2861"
"3392",True,"2023-07-16 13:17:34.030573","Plato para compartir.","203","1","2861"
"3393",True,"2024-03-30 21:35:13.714181","Evitar ingredientes crudos.","212","1","2862"
"3394",True,"2025-02-24 20:34:29.885765","Servir en dos platos.","336","1","2863"
"3395",True,"2024-06-09 21:38:56.862003","Evitar ingredientes crudos.","352","1","2864"
"3396",True,"2024-08-19 12:43:05.786557","Con limón aparte.","117","1","2865"
"3397",True,"2023-10-21 21:55:15.04255","Poco picante.","323","1","2866"
"3398",True,"2023-10-10 16:53:58.778228","Preparar como la vez pasada.","159","1","2867"
"3399",True,"2023-10-10 16:07:22.800714","Servir en dos platos.","234","1","2867"
"3400",True,"2025-05-16 19:55:43.72752","Agregar salsa extra.","195","1","2868"
"3401",True,"2023-07-10 12:27:05.235118","Cocinar bien la carne.","243","1","2869"
"3402",True,"2023-07-07 16:34:38.759025","No añadir mayonesa.","97","1","2870"
"3403",True,"2024-05-17 14:30:04.443326","Agregar salsa extra.","236","1","2871"
"3404",True,"2023-12-01 19:58:27.256367","Evitar ingredientes crudos.","263","1","2872"
"3405",True,"2025-05-30 22:14:53.456583","Cocinar bien la carne.","43","1","2873"
"3406",True,"2023-08-25 23:40:43.765954","Servir bien caliente.","140","1","2874"
"3407",True,"2024-04-19 21:56:25.906684","Sin aderezo.","170","1","2875"
"3408",True,"2023-07-12 21:45:30.583083","Poco picante.","241","1","2876"
"3409",True,"2023-07-12 23:10:17.468094","Cocinar bien la carne.","53","1","2876"
"3410",True,"2023-09-01 13:05:04.748773","Sin cebolla, por favor.","115","1","2877"
"3411",True,"2023-12-27 14:22:53.657257","Sin aderezo.","161","1","2878"
"3412",True,"2024-08-05 20:13:32.71908","Agregar salsa extra.","271","1","2879"
"3413",True,"2024-08-05 21:52:16.929528","Preparar como la vez pasada.","157","1","2879"
"3414",True,"2023-07-01 21:52:04.939086","Sin aderezo.","190","1","2880"
"3415",True,"2024-08-22 20:41:00.297888","Servir en dos platos.","232","1","2881"
"3416",True,"2023-08-11 20:50:39.716101","","97","1","2882"
"3417",True,"2023-08-11 21:45:26.810608","Entrega rápida.","194","1","2882"
"3418",True,"2025-05-30 20:32:58.273654","Sin aderezo.","64","1","2883"
"3419",True,"2025-05-30 20:05:04.043105","Servir bien caliente.","325","1","2883"
"3420",True,"2024-07-07 23:29:28.639985","Con limón aparte.","183","1","2884"
"3421",True,"2024-07-07 23:11:13.292856","Con limón aparte.","170","1","2884"
"3422",True,"2025-05-16 14:30:00.969299","Usar queso sin lactosa.","169","1","2885"
"3423",True,"2023-07-09 14:32:28.388213","Agregar cubiertos adicionales.","302","1","2886"
"3424",True,"2025-02-14 13:11:58.28087","Plato para compartir.","152","1","2887"
"3425",True,"2023-10-23 21:49:57.330463","Agregar cubiertos adicionales.","209","1","2888"
"3426",True,"2024-07-21 22:26:17.837806","No incluir pan.","188","1","2889"
"3427",True,"2025-04-11 15:03:56.840568","No incluir pan.","129","1","2890"
"3428",True,"2023-06-30 21:15:54.857702","Usar queso sin lactosa.","272","1","2891"
"3429",True,"2024-08-23 21:33:10.758925","Servir bien caliente.","200","1","2892"
"3430",True,"2024-08-23 21:48:56.561396","Agregar salsa extra.","302","1","2892"
"3431",True,"2023-08-28 15:10:55.092734","Sin aderezo.","63","1","2893"
"3432",True,"2024-09-20 16:02:28.149764","Preparar como la vez pasada.","188","1","2894"
"3433",True,"2024-10-11 22:12:14.906316","Poco picante.","162","1","2895"
"3434",True,"2024-12-27 12:27:31.310808","Plato para compartir.","133","1","2896"
"3435",True,"2023-09-21 15:03:05.966063","Agregar cubiertos adicionales.","272","1","2897"
"3436",True,"2025-01-26 20:22:45.049827","Con limón aparte.","209","1","2898"
"3437",True,"2024-12-12 15:00:35.039196","Evitar ingredientes crudos.","121","1","2899"
"3438",True,"2025-06-02 00:00:00","Dividir el plato.","321","1","2900"
"3439",True,"2025-06-02 00:00:00","Sin cebolla, por favor.","226","1","2901"
"3440",True,"2023-08-06 22:06:37.49982","Plato para compartir.","206","1","2902"
"3441",True,"2023-07-01 20:02:05.309991","No incluir pan.","249","1","2903"
"3442",True,"2023-08-21 21:42:31.840085","Usar queso sin lactosa.","316","1","2904"
"3443",True,"2024-06-30 16:09:32.174405","Servir bien caliente.","173","1","2905"
"3444",True,"2023-06-27 21:47:43.474804","Usar queso sin lactosa.","262","1","2906"
"3445",True,"2025-04-11 21:50:09.363256","Evitar ingredientes crudos.","98","1","2907"
"3446",True,"2024-12-08 15:44:21.660815","Usar queso sin lactosa.","102","1","2908"
"3447",True,"2024-12-05 21:26:36.020885","Agregar salsa extra.","258","1","2909"
"3448",True,"2025-06-02 00:00:00","No añadir mayonesa.","107","1","2910"
"3449",True,"2025-03-14 19:27:29.137235","Sin aderezo.","313","1","2911"
"3450",True,"2024-02-09 20:55:43.092384","Cocinar bien la carne.","313","1","2912"
"3451",True,"2024-02-09 22:12:45.511274","Servir bien caliente.","192","1","2913"
"3452",True,"2024-08-15 20:21:15.96607","Sin aderezo.","94","1","2914"
"3453",True,"2024-04-23 21:30:21.158959","Agregar cubiertos adicionales.","257","1","2915"
"3454",True,"2023-07-16 22:00:01.634542","Poco picante.","248","1","2916"
"3455",True,"2024-10-15 20:59:02.856679","Agregar salsa extra.","167","1","2917"
"3456",True,"2024-08-09 13:32:30.070292","Dividir el plato.","131","1","2918"
"3457",True,"2025-06-02 00:00:00","No incluir pan.","52","1","2919"
"3458",True,"2024-08-20 21:28:37.795777","Evitar ingredientes crudos.","43","1","2920"
"3459",True,"2024-10-17 14:47:51.426472","No añadir mayonesa.","87","1","2921"
"3460",True,"2024-02-01 15:24:43.098096","Entrega rápida.","108","1","2922"
"3461",True,"2024-02-01 15:10:43.9918","Cocinar bien la carne.","70","1","2922"
"3462",True,"2023-11-03 20:47:32.207474","No incluir pan.","125","1","2923"
"3463",True,"2024-07-22 22:10:08.531839","Preparar como la vez pasada.","244","1","2924"
"3464",True,"2024-07-22 21:28:51.655055","No añadir mayonesa.","220","1","2924"
"3465",True,"2025-03-10 20:55:38.977871","No añadir mayonesa.","63","1","2925"
"3466",True,"2023-08-25 16:47:48.8774","Poco picante.","311","1","2926"
"3467",True,"2023-08-25 14:27:10.739704","Dividir el plato.","212","1","2926"
"3468",True,"2025-05-23 14:31:37.769109","Dividir el plato.","212","1","2927"
"3469",True,"2023-12-29 14:06:32.727629","Con limón aparte.","170","1","2928"
"3470",True,"2024-06-19 22:13:12.205681","Plato para compartir.","250","1","2929"
"3471",True,"2023-07-07 21:25:17.094503","Agregar cubiertos adicionales.","122","1","2930"
"3472",True,"2024-08-09 19:26:35.355603","Con limón aparte.","58","1","2931"
"3473",True,"2024-08-09 19:30:01.372245","Plato para compartir.","245","1","2931"
"3474",True,"2024-08-09 19:24:06.548239","Entrega rápida.","245","1","2931"
"3475",True,"2023-08-18 12:29:45.944333","Poco picante.","92","1","2932"
"3476",True,"2025-04-25 13:46:33.660929","No añadir mayonesa.","251","1","2933"
"3477",True,"2024-03-15 21:42:39.541246","Servir en dos platos.","112","1","2934"
"3478",True,"2023-09-02 12:42:21.962309","Poco picante.","76","1","2935"
"3479",True,"2024-06-14 22:35:07.351247","Evitar ingredientes crudos.","193","1","2936"
"3480",True,"2024-09-27 20:16:00.626528","Usar queso sin lactosa.","318","1","2937"
"3481",True,"2024-03-29 21:28:14.156488","No añadir mayonesa.","215","1","2938"
"3482",True,"2024-03-29 21:34:38.423498","","278","1","2938"
"3483",True,"2024-02-16 16:22:11.257038","Cocinar bien la carne.","171","1","2939"
"3484",True,"2025-04-12 14:27:15.706739","Plato para compartir.","90","1","2940"
"3485",True,"2025-04-21 21:38:02.532018","Entrega rápida.","255","1","2941"
"3486",True,"2024-01-06 20:50:59.583706","Plato para compartir.","86","1","2942"
"3487",True,"2024-01-06 20:00:19.859533","Sin aderezo.","281","1","2942"
"3488",True,"2024-07-22 20:41:09.721744","Con limón aparte.","304","1","2943"
"3489",True,"2024-08-30 20:53:39.849242","Sin aderezo.","73","1","2944"
"3490",True,"2024-08-30 20:55:21.130936","Usar queso sin lactosa.","237","1","2944"
"3491",True,"2024-10-18 15:43:47.742718","No añadir mayonesa.","61","1","2945"
"3492",True,"2023-08-04 13:04:26.622288","Preparar como la vez pasada.","205","1","2946"
"3493",True,"2024-12-27 15:22:59.991482","Cocinar bien la carne.","227","1","2947"
"3494",True,"2024-11-01 12:41:16.535929","Sin cebolla, por favor.","154","1","2948"
"3495",True,"2024-03-08 22:17:49.659012","Evitar ingredientes crudos.","272","1","2949"
"3496",True,"2024-03-08 21:30:29.92641","Sin cebolla, por favor.","198","1","2949"
"3497",True,"2024-12-13 14:15:07.482788","Agregar cubiertos adicionales.","227","1","2950"
"3498",True,"2024-08-19 13:28:41.172572","No incluir pan.","239","1","2951"
"3499",True,"2024-08-19 12:37:31.026278","Agregar salsa extra.","281","1","2951"
"3500",True,"2024-12-01 14:09:34.346607","Entrega rápida.","268","1","2952"
"3501",True,"2024-12-01 14:10:16.056299","Dividir el plato.","188","1","2952"
"3502",True,"2025-06-02 00:00:00","Preparar como la vez pasada.","284","1","2953"
"3503",True,"2025-06-02 00:00:00","Agregar salsa extra.","213","1","2953"
"3504",True,"2025-03-27 14:38:31.225472","Evitar ingredientes crudos.","355","1","2954"
"3505",True,"2025-03-28 12:44:11.58414","Usar queso sin lactosa.","161","1","2955"
"3506",True,"2023-07-23 19:25:04.91987","Entrega rápida.","142","1","2956"
"3507",True,"2025-04-01 14:25:34.928384","Preparar como la vez pasada.","161","1","2957"
"3508",True,"2023-09-22 13:02:13.486881","Servir en dos platos.","180","1","2958"
"3509",True,"2024-08-05 20:55:40.890081","Evitar ingredientes crudos.","374","1","2959"
"3510",True,"2024-08-13 20:07:54.920918","Servir bien caliente.","247","1","2960"
"3511",True,"2023-08-24 19:44:42.740203","No añadir mayonesa.","184","1","2961"
"3512",True,"2024-12-13 14:46:06.372071","Servir en dos platos.","133","1","2962"
"3513",True,"2024-12-21 13:56:33.243556","Dividir el plato.","177","1","2963"
"3514",True,"2025-06-02 00:00:00","Preparar como la vez pasada.","176","1","2964"
"3515",True,"2023-06-02 14:38:23.316388","Sin aderezo.","161","1","2965"
"3516",True,"2023-06-02 13:01:14.42769","Evitar ingredientes crudos.","67","1","2965"
"3517",True,"2023-07-27 15:26:27.302399","No incluir pan.","188","1","2966"
"3518",True,"2023-12-31 21:37:14.152967","Evitar ingredientes crudos.","245","1","2967"
"3519",True,"2025-01-31 12:40:39.407008","Entrega rápida.","247","1","2968"
"3520",True,"2024-03-15 23:06:15.655575","Sin cebolla, por favor.","156","1","2969"
"3521",True,"2024-03-15 21:42:26.79609","Preparar como la vez pasada.","277","1","2969"
"3522",True,"2024-07-24 22:22:11.064233","Sin aderezo.","109","1","2970"
"3523",True,"2024-07-24 21:50:55.010264","Servir bien caliente.","226","1","2970"
"3524",True,"2024-07-28 13:28:03.851342","Poco picante.","127","1","2971"
"3525",True,"2023-08-25 21:36:51.708651","Evitar ingredientes crudos.","148","1","2972"
"3526",True,"2024-12-06 20:32:59.032829","Servir bien caliente.","253","1","2973"
"3527",True,"2024-11-21 21:49:55.175174","Dividir el plato.","74","1","2974"
"3528",True,"2025-01-17 12:58:02.087979","No añadir mayonesa.","59","1","2975"
"3529",True,"2023-10-13 21:05:58.072187","Servir bien caliente.","71","1","2976"
"3530",True,"2024-12-19 13:00:28.234599","Agregar salsa extra.","263","1","2977"
"3531",True,"2023-07-06 15:22:55.638646","No incluir pan.","209","1","2978"
"3532",True,"2024-09-03 19:22:59.444688","Entrega rápida.","97","1","2979"
"3533",True,"2024-12-27 15:18:20.624352","Dividir el plato.","323","1","2980"
"3534",True,"2024-07-12 21:49:33.167799","Usar queso sin lactosa.","290","1","2981"
"3535",True,"2024-08-11 22:03:19.200901","Agregar cubiertos adicionales.","188","1","2982"
"3536",True,"2024-08-11 22:52:44.814874","Usar queso sin lactosa.","293","1","2982"
"3537",True,"2024-02-09 20:26:28.198584","Servir en dos platos.","346","1","2983"
"3538",True,"2024-02-09 20:40:46.805886","","62","1","2983"
"3539",True,"2024-08-09 22:19:50.391344","Entrega rápida.","244","1","2984"
"3540",True,"2024-08-09 21:26:28.647795","No incluir pan.","272","1","2984"
"3541",True,"2024-08-09 22:12:33.780865","Entrega rápida.","214","1","2984"
"3542",True,"2024-05-16 14:26:48.56535","Plato para compartir.","148","1","2985"
"3543",True,"2024-12-13 15:01:12.612637","Sin cebolla, por favor.","456","1","2986"
"3544",True,"2024-12-13 15:27:32.162945","Evitar ingredientes crudos.","306","1","2986"
"3545",True,"2023-12-22 22:51:16.889992","","78","1","2987"
"3546",True,"2024-10-19 13:38:27.500129","Sin cebolla, por favor.","93","1","2988"
"3547",True,"2023-10-04 21:47:16.463519","Usar queso sin lactosa.","42","1","2989"
"3548",True,"2023-10-04 21:37:18.698932","Dividir el plato.","115","1","2989"
"3549",True,"2024-04-26 13:49:17.315951","Preparar como la vez pasada.","242","1","2990"
"3550",True,"2024-11-16 20:58:28.096918","Agregar cubiertos adicionales.","85","1","2991"
"3551",True,"2023-10-18 15:29:10.229615","Agregar salsa extra.","197","1","2992"
"3552",True,"2024-09-20 14:24:24.422327","","56","1","2993"
"3553",True,"2024-09-20 15:06:27.185053","","89","1","2993"
"3554",True,"2024-07-19 13:42:58.750587","Cocinar bien la carne.","205","1","2994"
"3555",True,"2024-12-03 14:02:21.612073","Con limón aparte.","150","1","2995"
"3556",True,"2025-06-02 00:00:00","Agregar salsa extra.","125","1","2996"
"3557",True,"2023-08-04 14:55:09.159448","Servir en dos platos.","100","1","2997"
"3558",True,"2025-06-02 00:00:00","","351","1","2998"
"3559",True,"2025-06-02 00:00:00","Agregar cubiertos adicionales.","320","1","2998"
"3560",True,"2025-06-02 00:00:00","Sin aderezo.","72","1","2999"
"3561",True,"2024-08-30 12:16:41.520441","Entrega rápida.","252","1","3000"
"3562",True,"2024-03-08 15:20:56.193826","No incluir pan.","248","1","3001"
"3563",True,"2024-03-08 14:28:21.003924","Plato para compartir.","165","1","3001"
"3564",True,"2023-12-22 21:57:27.083335","Servir en dos platos.","135","1","3002"
"3565",True,"2024-07-03 22:19:09.644066","Agregar salsa extra.","249","1","3003"
"3566",True,"2024-07-03 22:56:40.469999","No incluir pan.","35","1","3003"
"3567",True,"2024-12-24 20:47:06.232219","Entrega rápida.","100","1","3004"
"3568",True,"2024-06-27 23:26:32.930434","Agregar cubiertos adicionales.","217","1","3005"
"3569",True,"2024-02-02 20:59:50.228475","Evitar ingredientes crudos.","146","1","3006"
"3570",True,"2024-02-02 20:29:14.757713","Agregar cubiertos adicionales.","208","1","3006"
"3571",True,"2025-02-14 14:20:34.067821","Usar queso sin lactosa.","52","1","3007"
"3572",True,"2024-12-28 15:00:44.417892","Entrega rápida.","146","1","3008"
"3573",True,"2024-02-02 13:01:18.713077","Sin cebolla, por favor.","147","1","3009"
"3574",True,"2024-11-08 14:30:58.000939","Evitar ingredientes crudos.","93","1","3010"
"3575",True,"2024-12-20 15:47:24.508203","Servir en dos platos.","144","1","3011"
"3576",True,"2024-12-20 15:23:15.035069","No incluir pan.","111","1","3011"
"3577",True,"2023-11-17 00:23:18.74019","Sin cebolla, por favor.","63","1","3012"
"3578",True,"2024-10-05 13:59:32.628562","Sin aderezo.","273","1","3013"
"3579",True,"2024-03-22 13:34:16.733628","Agregar cubiertos adicionales.","311","1","3014"
"3580",True,"2023-10-07 12:43:37.469076","Entrega rápida.","162","1","3015"
"3581",True,"2023-10-07 12:09:09.833469","Servir en dos platos.","262","1","3015"
"3582",True,"2023-10-20 14:25:57.227545","Poco picante.","193","1","3016"
"3583",True,"2024-11-11 20:46:03.665715","Sin cebolla, por favor.","223","1","3017"
"3584",True,"2024-09-12 15:16:53.841241","Dividir el plato.","208","1","3018"
"3585",True,"2024-09-12 13:21:23.294622","Servir bien caliente.","211","1","3018"
"3586",True,"2023-08-28 12:43:21.56745","Usar queso sin lactosa.","123","1","3019"
"3587",True,"2024-09-06 16:06:09.438278","Usar queso sin lactosa.","55","1","3020"
"3588",True,"2023-06-22 21:29:09.467524","Sin cebolla, por favor.","143","1","3021"
"3589",True,"2023-12-29 15:20:07.431718","Sin cebolla, por favor.","166","1","3022"
"3590",True,"2023-06-21 15:15:43.831754","","29","1","3023"
"3591",True,"2024-07-24 14:27:25.761919","Preparar como la vez pasada.","110","1","3024"
"3592",True,"2024-12-27 22:57:50.436381","Plato para compartir.","147","1","3025"
"3593",True,"2023-07-13 16:30:11.049208","Evitar ingredientes crudos.","107","1","3026"
"3594",True,"2025-05-24 14:57:58.334575","No añadir mayonesa.","125","1","3027"
"3595",True,"2025-03-07 20:50:40.218098","Dividir el plato.","328","1","3028"
"3596",True,"2025-04-25 15:06:30.560049","Con limón aparte.","248","1","3029"
"3597",True,"2023-10-27 20:53:00.459493","Agregar salsa extra.","228","1","3030"
"3598",True,"2023-06-03 22:10:23.022874","Servir bien caliente.","140","1","3031"
"3599",True,"2024-09-20 21:01:07.42899","Entrega rápida.","218","1","3032"
"3600",True,"2023-12-17 16:10:16.935536","Sin aderezo.","210","1","3033"
"3601",True,"2024-02-09 21:22:39.937955","Preparar como la vez pasada.","114","1","3034"
"3602",True,"2025-06-02 00:00:00","Dividir el plato.","100","1","3035"
"3603",True,"2024-06-07 13:51:07.629706","Agregar cubiertos adicionales.","54","1","3036"
"3604",True,"2024-12-06 21:14:04.774473","Dividir el plato.","185","1","3037"
"3605",True,"2024-10-25 15:09:45.972001","Con limón aparte.","119","1","3038"
"3606",True,"2023-10-27 21:33:36.715466","Entrega rápida.","149","1","3039"
"3607",True,"2024-10-04 20:20:01.241771","Agregar cubiertos adicionales.","223","1","3040"
"3608",True,"2024-10-04 20:00:05.440758","Servir bien caliente.","118","1","3040"
"3609",True,"2024-08-09 20:52:58.706588","No incluir pan.","132","1","3041"
"3610",True,"2023-12-31 21:18:27.787771","Agregar salsa extra.","170","1","3042"
"3611",True,"2023-07-06 15:40:52.797575","Sin cebolla, por favor.","96","1","3043"
"3612",True,"2023-07-06 14:46:23.525696","No incluir pan.","213","1","3043"
"3613",True,"2024-05-24 15:18:00.281649","Sin aderezo.","178","1","3044"
"3614",True,"2025-04-25 13:41:48.990233","Agregar salsa extra.","238","1","3045"
"3615",True,"2023-07-14 21:45:54.266215","Poco picante.","162","1","3046"
"3616",True,"2025-01-20 19:16:16.057805","No añadir mayonesa.","112","1","3047"
"3617",True,"2024-07-18 22:35:50.235038","Plato para compartir.","196","1","3048"
"3618",True,"2024-07-19 16:12:55.644758","Con limón aparte.","285","1","3049"
"3619",True,"2024-12-08 21:09:49.081467","","159","1","3050"
"3620",True,"2025-05-27 22:39:11.131749","Con limón aparte.","243","1","3051"
"3621",True,"2024-03-10 21:26:50.466926","Servir bien caliente.","141","1","3052"
"3622",True,"2024-03-20 20:09:33.742215","Con limón aparte.","283","1","3053"
"3623",True,"2023-08-11 14:25:08.802336","Servir en dos platos.","368","1","3054"
"3624",True,"2023-08-11 14:27:38.876422","","274","1","3054"
"3625",True,"2024-12-12 22:01:50.603603","No añadir mayonesa.","92","1","3055"
"3626",True,"2024-12-12 21:34:47.985252","Sin aderezo.","186","1","3055"
"3627",True,"2024-03-01 13:17:10.303493","Sin aderezo.","317","1","3056"
"3628",True,"2025-04-25 20:48:23.995663","Plato para compartir.","213","1","3057"
"3629",True,"2024-08-02 20:19:27.818986","Usar queso sin lactosa.","199","1","3058"
"3630",True,"2023-08-25 15:05:50.557438","Usar queso sin lactosa.","253","1","3059"
"3631",True,"2024-11-30 21:32:08.09115","No añadir mayonesa.","260","1","3060"
"3632",True,"2024-10-18 22:53:18.165572","Sin aderezo.","274","1","3061"
"3633",True,"2025-05-24 13:35:47.97838","Cocinar bien la carne.","190","1","3062"
"3634",True,"2024-06-05 12:28:43.886029","","86","1","3063"
"3635",True,"2024-12-06 21:22:33.458434","Poco picante.","106","1","3064"
"3636",True,"2024-12-13 23:22:58.920978","Sin cebolla, por favor.","258","1","3065"
"3637",True,"2024-07-05 21:04:39.007486","Sin aderezo.","53","1","3066"
"3638",True,"2025-01-10 14:36:58.562294","Dividir el plato.","205","1","3067"
"3639",True,"2024-11-15 14:20:28.621355","Poco picante.","164","1","3068"
"3640",True,"2024-02-16 15:24:53.608319","Plato para compartir.","190","1","3069"
"3641",True,"2023-07-14 15:49:53.760775","Dividir el plato.","173","1","3070"
"3642",True,"2025-02-22 15:55:23.939606","Con limón aparte.","98","1","3071"
"3643",True,"2025-02-22 14:55:31.97879","Preparar como la vez pasada.","123","1","3071"
"3644",True,"2024-07-22 15:25:40.768323","Con limón aparte.","224","1","3072"
"3645",True,"2025-06-02 00:00:00","Cocinar bien la carne.","101","1","3073"
"3646",True,"2025-02-23 15:09:39.41473","Cocinar bien la carne.","115","1","3074"
"3647",True,"2025-03-21 14:37:22.781576","Sin aderezo.","300","1","3075"
"3648",True,"2023-12-12 13:46:04.242186","Entrega rápida.","187","1","3076"
"3649",True,"2023-11-04 21:32:44.393148","","313","1","3077"
"3650",True,"2023-08-03 21:00:09.718021","Servir bien caliente.","179","1","3078"
"3651",True,"2025-01-10 22:00:54.350324","","213","1","3079"
"3652",True,"2023-10-12 19:34:27.324882","No incluir pan.","301","1","3080"
"3653",True,"2024-03-01 21:43:27.431168","Sin aderezo.","98","1","3081"
"3654",True,"2025-06-02 00:00:00","Agregar cubiertos adicionales.","43","1","3082"
"3655",True,"2025-05-25 20:27:30.118117","Plato para compartir.","136","1","3083"
"3656",True,"2023-11-26 15:15:02.308876","Agregar cubiertos adicionales.","168","1","3084"
"3657",True,"2024-03-01 23:00:21.047445","Plato para compartir.","208","1","3085"
"3658",True,"2023-08-26 21:36:18.439974","Sin cebolla, por favor.","86","1","3086"
"3659",True,"2023-09-06 15:00:24.957019","Sin cebolla, por favor.","208","1","3087"
"3660",True,"2024-06-28 21:28:06.460535","","226","1","3088"
"3661",True,"2024-08-01 14:20:35.831297","Plato para compartir.","67","1","3089"
"3662",True,"2024-12-27 20:32:33.831315","","235","1","3090"
"3663",True,"2025-06-02 00:00:00","No incluir pan.","162","1","3091"
"3664",True,"2024-02-09 21:44:56.038604","No incluir pan.","223","1","3092"
"3665",True,"2024-12-29 13:26:32.161129","Preparar como la vez pasada.","180","1","3093"
"3666",True,"2024-12-29 14:14:33.109153","Evitar ingredientes crudos.","363","1","3093"
"3667",True,"2024-07-26 22:25:58.369173","Servir en dos platos.","100","1","3094"
"3668",True,"2024-12-27 21:41:45.681156","Sin cebolla, por favor.","221","1","3095"
"3669",True,"2024-07-25 16:16:41.62969","Servir en dos platos.","82","1","3096"
"3670",True,"2024-11-21 14:59:03.781806","Cocinar bien la carne.","314","1","3097"
"3671",True,"2024-11-21 13:22:57.313335","Preparar como la vez pasada.","58","1","3097"
"3672",True,"2024-01-05 21:32:57.791678","Servir en dos platos.","250","1","3098"
"3673",True,"2024-01-05 20:58:46.308637","Poco picante.","264","1","3098"
"3674",True,"2025-06-02 00:00:00","Cocinar bien la carne.","100","1","3099"
"3675",True,"2025-01-10 14:42:32.528058","Servir bien caliente.","182","1","3100"
"3676",True,"2024-04-27 21:46:01.504134","Plato para compartir.","103","1","3101"
"3677",True,"2024-03-15 14:26:02.817095","Servir bien caliente.","103","1","3102"
"3678",True,"2025-05-02 20:05:13.308669","Plato para compartir.","102","1","3103"
"3679",True,"2024-08-09 21:26:30.363109","Cocinar bien la carne.","93","1","3104"
"3680",True,"2024-04-15 20:22:22.025085","Servir bien caliente.","182","1","3105"
"3681",True,"2025-01-01 21:19:07.213576","Sin cebolla, por favor.","115","1","3106"
"3682",True,"2025-01-01 21:11:59.00061","Agregar salsa extra.","55","1","3106"
"3683",True,"2025-01-01 21:41:44.795334","Poco picante.","265","1","3106"
"3684",True,"2023-07-14 21:00:53.914059","Plato para compartir.","366","1","3107"
"3685",True,"2024-11-22 21:18:07.763038","Preparar como la vez pasada.","151","1","3108"
"3686",True,"2024-07-26 22:04:16.534817","Usar queso sin lactosa.","93","1","3109"
"3687",True,"2024-08-15 20:17:39.130852","Agregar cubiertos adicionales.","307","1","3110"
"3688",True,"2024-08-24 21:21:44.706102","Sin cebolla, por favor.","88","1","3111"
"3689",True,"2024-05-03 13:13:06.680685","Entrega rápida.","304","1","3112"
"3690",True,"2024-10-10 21:31:35.327618","Con limón aparte.","183","1","3113"
"3691",True,"2024-01-05 15:55:33.248948","Usar queso sin lactosa.","309","1","3114"
"3692",True,"2024-01-05 16:11:38.466055","Evitar ingredientes crudos.","198","1","3114"
"3693",True,"2024-01-05 16:45:20.589601","Servir en dos platos.","123","1","3114"
"3694",True,"2024-07-26 22:07:39.535722","Dividir el plato.","271","1","3115"
"3695",True,"2024-07-26 23:26:11.062498","Agregar cubiertos adicionales.","100","1","3115"
"3696",True,"2024-06-01 22:21:10.460216","Sin cebolla, por favor.","213","1","3116"
"3697",True,"2024-09-13 13:52:17.826498","Cocinar bien la carne.","173","1","3117"
"3698",True,"2024-09-13 13:47:44.275113","Evitar ingredientes crudos.","252","1","3117"
"3699",True,"2025-02-14 21:28:10.167023","Con limón aparte.","68","1","3118"
"3700",True,"2024-12-06 22:48:33.778848","Agregar cubiertos adicionales.","57","1","3119"
"3701",True,"2024-12-21 21:59:22.117018","Agregar salsa extra.","123","1","3120"
"3702",True,"2024-12-21 22:39:48.278677","Entrega rápida.","314","1","3120"
"3703",True,"2024-08-17 20:47:43.872428","Agregar cubiertos adicionales.","179","1","3121"
"3704",True,"2024-11-12 20:45:05.214933","Agregar salsa extra.","265","1","3122"
"3705",True,"2025-01-18 15:55:35.003487","Sin cebolla, por favor.","33","1","3123"
"3706",True,"2024-01-15 19:43:28.56647","Servir en dos platos.","183","1","3124"
"3707",True,"2024-01-15 21:28:38.131403","Usar queso sin lactosa.","149","1","3124"
"3708",True,"2023-10-24 15:00:20.872949","Entrega rápida.","113","1","3125"
"3709",True,"2025-05-16 15:53:33.532788","No añadir mayonesa.","60","1","3126"
"3710",True,"2023-09-22 15:31:58.38089","No incluir pan.","237","1","3127"
"3711",True,"2024-02-03 23:24:33.625459","Evitar ingredientes crudos.","181","1","3128"
"3712",True,"2024-09-23 15:01:24.649101","Usar queso sin lactosa.","205","1","3129"
"3713",True,"2024-09-23 15:21:22.396262","No incluir pan.","152","1","3129"
"3714",True,"2024-07-12 15:41:36.139323","Sin cebolla, por favor.","136","1","3130"
"3715",True,"2024-12-06 20:56:36.116391","Preparar como la vez pasada.","190","1","3131"
"3716",True,"2024-10-11 20:16:06.687858","Cocinar bien la carne.","243","1","3132"
"3717",True,"2023-11-08 14:49:13.752239","Cocinar bien la carne.","278","1","3133"
"3718",True,"2024-02-02 22:03:26.828682","Evitar ingredientes crudos.","215","1","3134"
"3719",True,"2024-07-16 20:21:26.194006","Evitar ingredientes crudos.","183","1","3135"
"3720",True,"2025-06-02 00:00:00","Sin aderezo.","193","1","3136"
"3721",True,"2024-10-25 19:45:17.095678","Agregar salsa extra.","188","1","3137"
"3722",True,"2024-10-25 20:07:54.836598","Sin cebolla, por favor.","322","1","3137"
"3723",True,"2024-10-25 19:10:36.74074","Cocinar bien la carne.","105","1","3137"
"3724",True,"2023-08-25 15:12:58.83688","Dividir el plato.","141","1","3138"
"3725",True,"2024-06-28 14:42:26.119087","Poco picante.","255","1","3139"
"3726",True,"2024-04-18 21:25:40.252889","No añadir mayonesa.","180","1","3140"
"3727",True,"2025-04-18 20:37:18.918221","Servir en dos platos.","296","1","3141"
"3728",True,"2024-10-12 22:45:32.686747","Sin aderezo.","167","1","3142"
"3729",True,"2023-08-04 20:37:04.54069","Servir bien caliente.","241","1","3143"
"3730",True,"2023-09-19 12:24:16.562407","Evitar ingredientes crudos.","137","1","3144"
"3731",True,"2025-03-14 21:04:20.652388","Entrega rápida.","99","1","3145"
"3732",True,"2025-05-31 22:23:17.020444","Servir en dos platos.","112","1","3146"
"3733",True,"2023-12-19 22:06:45.638771","Servir bien caliente.","56","1","3147"
"3734",True,"2024-06-08 16:31:09.436654","","394","1","3148"
"3735",True,"2024-05-17 20:26:34.975668","Servir en dos platos.","83","1","3149"
"3736",True,"2024-05-17 21:04:21.23274","Dividir el plato.","169","1","3149"
"3737",True,"2024-05-17 21:59:43.51154","Poco picante.","96","1","3149"
"3738",True,"2023-10-24 22:13:01.370997","","99","1","3150"
"3739",True,"2025-06-02 00:00:00","Sin cebolla, por favor.","135","1","3151"
"3740",True,"2025-06-02 00:00:00","Servir bien caliente.","67","1","3151"
"3741",True,"2023-08-25 21:46:26.499341","Poco picante.","204","1","3152"
"3742",True,"2023-08-25 22:40:19.383092","Sin cebolla, por favor.","131","1","3152"
"3743",True,"2025-02-24 16:31:02.837596","Servir en dos platos.","97","1","3153"
"3744",True,"2025-05-23 14:50:16.76487","Servir en dos platos.","167","1","3154"
"3745",True,"2023-09-01 15:40:04.691294","Servir en dos platos.","293","1","3155"
"3746",True,"2024-12-18 14:28:12.842558","Entrega rápida.","126","1","3156"
"3747",True,"2024-12-18 14:48:54.941747","Dividir el plato.","289","1","3156"
"3748",True,"2023-09-15 19:41:41.223325","Plato para compartir.","236","1","3157"
"3749",True,"2024-07-24 16:48:34.875214","Agregar salsa extra.","160","1","3158"
"3750",True,"2024-07-24 15:23:18.875149","Agregar salsa extra.","157","1","3158"
"3751",True,"2024-08-30 19:44:00.386701","Sin aderezo.","159","1","3159"
"3752",True,"2024-12-23 12:44:05.908104","Poco picante.","150","1","3160"
"3753",True,"2024-09-20 15:54:02.244116","Poco picante.","197","1","3161"
"3754",True,"2024-09-20 15:19:39.288952","Sin cebolla, por favor.","200","1","3161"
"3755",True,"2023-12-08 13:16:11.007372","No añadir mayonesa.","128","1","3162"
"3756",True,"2023-12-08 14:01:44.099758","Con limón aparte.","234","1","3162"
"3757",True,"2025-04-04 20:33:30.292167","Con limón aparte.","202","1","3163"
"3758",True,"2024-07-02 19:23:55.109379","Servir en dos platos.","132","1","3164"
"3759",True,"2024-07-19 22:49:33.296224","No añadir mayonesa.","256","1","3165"
"3760",True,"2024-07-19 22:54:25.682539","Con limón aparte.","321","1","3165"
"3761",True,"2025-01-10 22:46:16.094443","Entrega rápida.","78","1","3166"
"3762",True,"2025-04-09 21:20:06.70513","Entrega rápida.","245","1","3167"
"3763",True,"2024-12-27 21:33:27.419603","Servir bien caliente.","157","1","3168"
"3764",True,"2024-12-27 20:17:32.971521","Agregar cubiertos adicionales.","43","1","3168"
"3765",True,"2023-12-01 14:19:30.495329","Agregar cubiertos adicionales.","193","1","3169"
"3766",True,"2023-12-01 13:05:30.293269","No incluir pan.","170","1","3169"
"3767",True,"2024-05-16 12:59:07.381087","Con limón aparte.","230","1","3170"
"3768",True,"2024-06-11 14:47:21.530443","Usar queso sin lactosa.","91","1","3171"
"3769",True,"2024-06-11 15:29:21.078568","Sin aderezo.","220","1","3171"
"3770",True,"2024-06-11 14:02:19.141018","Servir en dos platos.","47","1","3171"
"3771",True,"2024-12-13 14:51:46.640737","Servir bien caliente.","133","1","3172"
"3772",True,"2024-06-07 15:30:24.772572","Sin aderezo.","95","1","3173"
"3773",True,"2025-06-02 00:00:00","Usar queso sin lactosa.","285","1","3174"
"3774",True,"2023-07-03 21:29:38.231814","Cocinar bien la carne.","108","1","3175"
"3775",True,"2025-01-03 14:59:35.526269","Con limón aparte.","193","1","3176"
"3776",True,"2023-08-24 13:55:00.922816","Dividir el plato.","52","1","3177"
"3777",True,"2023-08-18 21:58:32.109636","","84","1","3178"
"3778",True,"2025-03-12 13:37:44.888437","Poco picante.","167","1","3179"
"3779",True,"2024-07-19 20:19:53.358054","Dividir el plato.","127","1","3180"
"3780",True,"2024-07-19 19:57:06.836141","No incluir pan.","128","1","3180"
"3781",True,"2025-04-03 23:24:54.04788","Plato para compartir.","286","1","3181"
"3782",True,"2025-04-03 23:45:29.012178","Servir en dos platos.","309","1","3181"
"3783",True,"2025-03-17 13:17:39.923622","Cocinar bien la carne.","75","1","3182"
"3784",True,"2024-05-08 15:54:11.215756","Servir en dos platos.","249","1","3183"
"3785",True,"2024-11-29 23:06:27.589642","Sin aderezo.","130","1","3184"
"3786",True,"2024-12-13 14:31:06.348107","Cocinar bien la carne.","158","1","3185"
"3787",True,"2024-12-13 13:02:57.357568","Agregar salsa extra.","239","1","3185"
"3788",True,"2025-01-30 15:05:16.811076","Evitar ingredientes crudos.","150","1","3186"
"3789",True,"2024-07-29 14:17:04.795857","Preparar como la vez pasada.","44","1","3187"
"3790",True,"2024-06-07 19:55:04.446571","Dividir el plato.","188","1","3188"
"3791",True,"2024-07-02 21:37:54.566585","No añadir mayonesa.","92","1","3189"
"3792",True,"2025-01-17 22:32:05.243871","Entrega rápida.","132","1","3190"
"3793",True,"2024-06-24 14:00:32.883448","Entrega rápida.","55","1","3191"
"3794",True,"2024-11-15 20:40:46.393249","Sin aderezo.","295","1","3192"
"3795",True,"2024-09-13 14:29:10.601408","Sin aderezo.","42","1","3193"
"3796",True,"2024-01-19 22:49:56.056806","Preparar como la vez pasada.","134","1","3194"
"3797",True,"2024-12-01 20:43:03.783708","Usar queso sin lactosa.","77","1","3195"
"3798",True,"2024-12-22 15:26:12.68753","Poco picante.","250","1","3196"
"3799",True,"2024-12-22 14:24:42.313772","Evitar ingredientes crudos.","194","1","3196"
"3800",True,"2024-06-28 22:46:39.778087","Entrega rápida.","100","1","3197"
"3801",True,"2025-05-30 21:04:59.908686","No incluir pan.","57","1","3198"
"3802",True,"2024-04-27 13:14:43.766909","No incluir pan.","77","1","3199"
"3803",True,"2024-03-01 21:37:30.226707","Con limón aparte.","58","1","3200"
"3804",True,"2023-09-29 20:52:57.532284","Poco picante.","116","1","3201"
"3805",True,"2024-11-25 19:27:26.572576","Sin aderezo.","33","1","3202"
"3806",True,"2023-07-07 20:16:05.143796","Evitar ingredientes crudos.","168","1","3203"
"3807",True,"2023-12-30 20:24:21.699365","Dividir el plato.","163","1","3204"
"3808",True,"2023-07-07 22:09:34.719264","Sin cebolla, por favor.","96","1","3205"
"3809",True,"2023-07-07 22:59:03.035734","Poco picante.","295","1","3205"
"3810",True,"2025-01-28 21:03:27.700303","Agregar salsa extra.","276","1","3206"
"3811",True,"2023-12-26 15:19:19.919989","Servir en dos platos.","275","1","3207"
"3812",True,"2023-12-01 22:46:00.943601","Preparar como la vez pasada.","130","1","3208"
"3813",True,"2023-12-18 20:10:46.623803","Servir en dos platos.","260","1","3209"
"3814",True,"2023-12-08 21:36:38.954189","Dividir el plato.","181","1","3210"
"3815",True,"2023-08-25 16:30:31.811214","Agregar salsa extra.","74","1","3211"
"3816",True,"2023-08-25 15:38:36.395197","Usar queso sin lactosa.","244","1","3211"
"3817",True,"2025-02-28 12:57:34.993795","Entrega rápida.","91","1","3212"
"3818",True,"2024-07-24 15:08:21.260159","Servir bien caliente.","226","1","3213"
"3819",True,"2023-12-23 19:08:56.73625","Poco picante.","59","1","3214"
"3820",True,"2024-12-08 14:12:36.390821","Usar queso sin lactosa.","67","1","3215"
"3821",True,"2025-05-09 22:14:05.088695","Con limón aparte.","62","1","3216"
"3822",True,"2024-05-10 14:31:57.540912","Servir bien caliente.","125","1","3217"
"3823",True,"2025-06-02 00:00:00","Entrega rápida.","329","1","3218"
"3824",True,"2023-06-30 20:16:34.941092","Servir bien caliente.","291","1","3219"
"3825",True,"2023-10-13 21:32:30.41187","Evitar ingredientes crudos.","128","1","3220"
"3826",True,"2024-10-04 21:05:38.397284","Agregar cubiertos adicionales.","167","1","3221"
"3827",True,"2023-10-13 21:51:01.460322","Poco picante.","159","1","3222"
"3828",True,"2024-05-09 22:00:12.096548","Con limón aparte.","353","1","3223"
"3829",True,"2024-04-05 15:09:37.613604","Agregar cubiertos adicionales.","175","1","3224"
"3830",True,"2024-07-12 13:57:27.111754","Entrega rápida.","90","1","3225"
"3831",True,"2024-09-06 20:46:39.712469","Cocinar bien la carne.","286","1","3226"
"3832",True,"2025-03-14 16:19:05.683219","Plato para compartir.","175","1","3227"
"3833",True,"2023-11-17 14:31:38.893192","Agregar cubiertos adicionales.","82","1","3228"
"3834",True,"2024-01-16 23:32:21.931377","Dividir el plato.","262","1","3229"
"3835",True,"2024-03-04 21:34:08.20705","","68","1","3230"
"3836",True,"2023-07-28 13:22:12.874061","Sin aderezo.","286","1","3231"
"3837",True,"2024-03-22 22:29:50.644297","No añadir mayonesa.","141","1","3232"
"3838",True,"2024-03-01 14:28:27.160427","Sin aderezo.","207","1","3233"
"3839",True,"2025-03-07 22:11:46.835349","Entrega rápida.","130","1","3234"
"3840",True,"2025-03-07 22:02:58.924406","Sin aderezo.","294","1","3234"
"3841",True,"2023-12-07 12:53:12.967566","Poco picante.","164","1","3235"
"3842",True,"2023-12-07 12:30:33.537242","","192","1","3235"
"3843",True,"2023-06-13 14:12:51.476361","No incluir pan.","109","1","3236"
"3844",True,"2024-12-03 21:26:26.28602","No incluir pan.","328","1","3237"
"3845",True,"2025-02-28 21:48:47.331109","","177","1","3238"
"3846",True,"2024-07-12 13:50:21.553783","","163","1","3239"
"3847",True,"2024-07-19 14:24:57.522217","Servir bien caliente.","46","1","3240"
"3848",True,"2024-08-23 12:55:57.756067","No añadir mayonesa.","147","1","3241"
"3849",True,"2024-02-12 15:32:25.690794","Preparar como la vez pasada.","196","1","3242"
"3850",True,"2024-02-12 14:46:55.461645","Poco picante.","145","1","3242"
"3851",True,"2023-10-13 15:59:56.901941","Evitar ingredientes crudos.","210","1","3243"
"3852",True,"2024-07-02 14:25:56.394256","Sin aderezo.","345","1","3244"
"3853",True,"2024-01-05 14:13:59.52061","Servir bien caliente.","80","1","3245"
"3854",True,"2024-01-05 14:17:14.529078","Poco picante.","129","1","3245"
"3855",True,"2024-01-05 13:53:39.232856","Poco picante.","68","1","3245"
"3856",True,"2024-12-10 13:12:07.207693","Servir en dos platos.","170","1","3246"
"3857",True,"2024-05-17 21:22:09.60086","Con limón aparte.","136","1","3247"
"3858",True,"2023-08-13 16:16:36.179808","Poco picante.","120","1","3248"
"3859",True,"2023-07-10 15:32:51.589621","Con limón aparte.","148","1","3249"
"3860",True,"2024-12-03 14:20:11.290152","Plato para compartir.","136","1","3250"
"3861",True,"2025-06-02 00:00:00","Usar queso sin lactosa.","95","1","3251"
"3862",True,"2024-04-12 14:58:05.436577","Cocinar bien la carne.","370","1","3252"
"3863",True,"2024-01-26 21:10:56.264206","Preparar como la vez pasada.","150","1","3253"
"3864",True,"2023-06-23 22:04:23.244882","Sin aderezo.","383","1","3254"
"3865",True,"2025-02-22 14:58:41.558095","Agregar cubiertos adicionales.","86","1","3255"
"3866",True,"2023-10-04 15:17:36.431156","No añadir mayonesa.","90","1","3256"
"3867",True,"2024-02-09 13:09:04.190966","Sin cebolla, por favor.","42","1","3257"
"3868",True,"2024-02-09 14:31:15.919629","Usar queso sin lactosa.","251","1","3257"
"3869",True,"2024-08-23 13:16:39.832859","Servir en dos platos.","320","1","3258"
"3870",True,"2023-07-28 20:03:33.151892","Sin aderezo.","155","1","3259"
"3871",True,"2023-07-28 19:33:02.723666","Usar queso sin lactosa.","166","1","3259"
"3872",True,"2024-09-15 21:14:54.998716","Servir en dos platos.","107","1","3260"
"3873",True,"2023-09-22 20:10:21.840599","Sin aderezo.","207","1","3261"
"3874",True,"2024-10-11 22:05:15.410766","Dividir el plato.","212","1","3262"
"3875",True,"2024-10-11 20:46:35.469036","Agregar salsa extra.","162","1","3262"
"3876",True,"2025-04-04 20:44:08.407995","Agregar cubiertos adicionales.","261","1","3263"
"3877",True,"2023-09-01 22:05:13.732132","Plato para compartir.","140","1","3264"
"3878",True,"2025-04-11 21:05:23.321647","Plato para compartir.","310","1","3265"
"3879",True,"2023-12-01 15:29:38.160301","Agregar salsa extra.","195","1","3266"
"3880",True,"2025-04-21 19:20:53.635143","No incluir pan.","292","1","3267"
"3881",True,"2023-12-23 22:01:09.10646","Servir bien caliente.","305","1","3268"
"3882",True,"2025-02-14 22:39:46.668705","Sin cebolla, por favor.","134","1","3269"
"3883",True,"2025-02-14 21:05:23.353014","Sin aderezo.","106","1","3269"
"3884",True,"2025-02-14 21:12:09.344045","Evitar ingredientes crudos.","296","1","3269"
"3885",True,"2024-05-21 15:00:47.533905","Sin aderezo.","205","1","3270"
"3886",True,"2024-05-21 14:36:41.249464","","150","1","3270"
"3887",True,"2025-01-03 21:17:14.806258","Agregar salsa extra.","139","1","3271"
"3888",True,"2024-08-17 15:28:43.971101","Preparar como la vez pasada.","199","1","3272"
"3889",True,"2024-08-17 15:26:33.71509","Servir bien caliente.","170","1","3272"
"3890",True,"2023-12-31 13:14:10.518245","Dividir el plato.","146","1","3273"
"3891",True,"2023-12-18 15:33:01.632314","Dividir el plato.","106","1","3274"
"3892",True,"2025-05-23 12:44:36.250281","Agregar salsa extra.","213","1","3275"
"3893",True,"2025-01-28 13:33:28.241623","Servir en dos platos.","352","1","3276"
"3894",True,"2023-08-27 15:56:19.875594","Preparar como la vez pasada.","235","1","3277"
"3895",True,"2023-08-27 14:54:01.832239","Usar queso sin lactosa.","110","1","3277"
"3896",True,"2024-11-02 22:59:40.696361","Servir bien caliente.","156","1","3278"
"3897",True,"2024-07-17 21:31:09.025834","No incluir pan.","128","1","3279"
"3898",True,"2023-12-26 13:53:34.009349","Sin cebolla, por favor.","162","1","3280"
"3899",True,"2024-08-29 21:57:11.174709","Sin cebolla, por favor.","167","1","3281"
"3900",True,"2025-01-03 15:38:12.527236","Preparar como la vez pasada.","298","1","3282"
"3901",True,"2025-06-02 00:00:00","Preparar como la vez pasada.","118","1","3283"
"3902",True,"2023-08-04 12:59:08.89586","","167","1","3284"
"3903",True,"2024-06-27 12:49:09.512951","Agregar salsa extra.","198","1","3285"
"3904",True,"2024-03-01 21:11:01.311498","Con limón aparte.","175","1","3286"
"3905",True,"2024-08-02 21:09:51.71624","Servir bien caliente.","80","1","3287"
"3906",True,"2024-08-02 21:30:29.057995","Cocinar bien la carne.","59","1","3287"
"3907",True,"2024-08-02 21:13:48.219019","Plato para compartir.","112","1","3287"
"3908",True,"2024-11-22 21:13:44.094625","Servir en dos platos.","166","1","3288"
"3909",True,"2024-08-02 19:47:07.688312","Sin cebolla, por favor.","260","1","3289"
"3910",True,"2023-08-10 22:47:12.88767","Agregar salsa extra.","239","1","3290"
"3911",True,"2024-07-07 14:26:15.204575","Agregar salsa extra.","252","1","3291"
"3912",True,"2024-12-29 21:01:40.317898","Sin aderezo.","128","1","3292"
"3913",True,"2025-02-09 20:13:29.522614","Servir en dos platos.","174","1","3293"
"3914",True,"2024-11-01 12:57:36.208016","Dividir el plato.","204","1","3294"
"3915",True,"2024-06-23 15:20:52.443623","Preparar como la vez pasada.","90","1","3295"
"3916",True,"2024-08-29 12:58:42.418714","Servir bien caliente.","302","1","3296"
"3917",True,"2023-09-23 21:09:32.598886","Sin aderezo.","259","1","3297"
"3918",True,"2025-06-02 00:00:00","Con limón aparte.","198","1","3298"
"3919",True,"2023-07-14 21:51:23.21085","Entrega rápida.","179","1","3299"
"3920",True,"2024-03-31 20:54:28.085283","Sin cebolla, por favor.","215","1","3300"
"3921",True,"2024-07-05 13:34:41.006034","Con limón aparte.","256","1","3301"
"3922",True,"2023-07-28 14:48:55.291223","Servir en dos platos.","63","1","3302"
"3923",True,"2025-02-24 21:09:44.487402","Sin cebolla, por favor.","75","1","3303"
"3924",True,"2025-05-30 21:24:02.059508","Sin aderezo.","102","1","3304"
"3925",True,"2023-08-18 13:17:29.277181","Cocinar bien la carne.","93","1","3305"
"3926",True,"2023-08-07 17:08:06.707763","Plato para compartir.","98","1","3306"
"3927",True,"2023-08-25 21:11:00.952888","Agregar cubiertos adicionales.","78","1","3307"
"3928",True,"2023-08-25 20:08:50.765316","Dividir el plato.","258","1","3307"
"3929",True,"2024-01-19 14:06:24.224782","Entrega rápida.","174","1","3308"
"3930",True,"2025-02-07 23:14:09.482336","Sin aderezo.","231","1","3309"
"3931",True,"2024-12-15 14:47:20.28008","Sin cebolla, por favor.","110","1","3310"
"3932",True,"2024-08-27 13:46:01.259131","Servir en dos platos.","272","1","3311"
"3933",True,"2024-08-27 13:58:09.202514","Dividir el plato.","153","1","3311"
"3934",True,"2023-12-25 20:02:12.455825","Agregar cubiertos adicionales.","254","1","3312"
"3935",True,"2023-09-22 12:32:48.505087","Preparar como la vez pasada.","242","1","3313"
"3936",True,"2024-03-29 16:18:38.796909","Sin aderezo.","109","1","3314"
"3937",True,"2024-01-26 23:05:55.344821","Sin aderezo.","80","1","3315"
"3938",True,"2024-07-19 21:41:33.956853","Servir bien caliente.","292","1","3316"
"3939",True,"2024-07-07 16:53:44.601306","Servir en dos platos.","202","1","3317"
"3940",True,"2024-05-24 14:32:16.718782","Servir en dos platos.","260","1","3318"
"3941",True,"2024-05-24 14:09:59.404866","Agregar salsa extra.","183","1","3318"
"3942",True,"2024-09-13 15:52:21.350138","No añadir mayonesa.","177","1","3319"
"3943",True,"2023-12-04 22:09:25.903279","Agregar cubiertos adicionales.","345","1","3320"
"3944",True,"2025-02-28 20:07:08.974088","Servir bien caliente.","320","1","3321"
"3945",True,"2024-03-08 21:33:50.697595","Preparar como la vez pasada.","150","1","3322"
"3946",True,"2024-06-14 20:10:11.067609","No añadir mayonesa.","259","1","3323"
"3947",True,"2024-07-05 22:16:20.986348","Servir bien caliente.","70","1","3324"
"3948",True,"2024-07-05 23:20:08.525746","Agregar cubiertos adicionales.","85","1","3324"
"3949",True,"2024-07-12 20:54:47.938613","Plato para compartir.","224","1","3325"
"3950",True,"2024-06-07 14:38:10.732551","Servir en dos platos.","85","1","3326"
"3951",True,"2024-06-07 15:21:41.057082","Agregar cubiertos adicionales.","219","1","3326"
"3952",True,"2024-12-06 22:26:47.141359","Agregar cubiertos adicionales.","123","1","3327"
"3953",True,"2024-05-10 19:43:37.418634","","239","1","3328"
"3954",True,"2023-08-26 20:53:19.72861","Dividir el plato.","72","1","3329"
"3955",True,"2025-06-02 00:00:00","Sin aderezo.","171","1","3330"
"3956",True,"2024-11-26 21:52:54.538904","Agregar cubiertos adicionales.","84","1","3331"
"3957",True,"2024-10-04 13:34:05.061335","Servir en dos platos.","210","1","3332"
"3958",True,"2025-04-24 21:33:03.469901","Entrega rápida.","159","1","3333"
"3959",True,"2023-08-12 14:11:45.741714","Sin cebolla, por favor.","221","1","3334"
"3960",True,"2024-01-06 20:24:05.990795","Con limón aparte.","77","1","3335"
"3961",True,"2024-01-06 20:09:15.008495","Sin cebolla, por favor.","192","1","3335"
"3962",True,"2023-07-07 13:07:21.113931","","87","1","3336"
"3963",True,"2023-07-07 13:11:33.450694","Plato para compartir.","181","1","3336"
"3964",True,"2024-04-21 14:29:53.996127","Preparar como la vez pasada.","233","1","3337"
"3965",True,"2023-11-03 13:54:13.016434","Sin cebolla, por favor.","242","1","3338"
"3966",True,"2023-11-03 13:35:41.900453","Evitar ingredientes crudos.","158","1","3338"
"3967",True,"2024-11-29 20:44:54.542376","Plato para compartir.","295","1","3339"
"3968",True,"2024-11-29 21:15:28.366467","Plato para compartir.","237","1","3339"
"3969",True,"2024-09-20 21:53:59.545341","Agregar salsa extra.","155","1","3340"
"3970",True,"2024-04-19 15:17:55.863769","No incluir pan.","292","1","3341"
"3971",True,"2025-05-22 15:10:25.129165","Cocinar bien la carne.","286","1","3342"
"3972",True,"2024-12-19 21:35:40.957216","Sin aderezo.","56","1","3343"
"3973",True,"2024-04-21 22:18:21.638017","","152","1","3344"
"3974",True,"2025-05-17 20:34:07.510376","Agregar cubiertos adicionales.","90","1","3345"
"3975",True,"2025-05-09 15:15:31.456731","Sin cebolla, por favor.","207","1","3346"
"3976",True,"2024-07-12 13:35:39.77191","Dividir el plato.","132","1","3347"
"3977",True,"2023-11-28 20:41:39.066208","Usar queso sin lactosa.","327","1","3348"
"3978",True,"2025-01-10 20:00:17.192883","No añadir mayonesa.","320","1","3349"
"3979",True,"2024-07-17 13:41:58.978641","Sin cebolla, por favor.","188","1","3350"
"3980",True,"2023-06-16 13:24:25.560062","Sin aderezo.","161","1","3351"
"3981",True,"2023-11-17 22:02:24.542291","Agregar cubiertos adicionales.","284","1","3352"
"3982",True,"2024-12-07 21:44:38.366871","Plato para compartir.","194","1","3353"
"3983",True,"2024-12-07 21:11:04.343344","Poco picante.","148","1","3353"
"3984",True,"2025-03-21 15:08:53.755245","No incluir pan.","270","1","3354"
"3985",True,"2025-05-01 13:34:26.330427","Servir en dos platos.","84","1","3355"
"3986",True,"2025-05-01 12:47:27.849367","Sin cebolla, por favor.","158","1","3355"
"3987",True,"2024-12-13 19:45:50.373547","","51","1","3356"
"3988",True,"2023-12-27 14:25:59.999055","Sin cebolla, por favor.","272","1","3357"
"3989",True,"2023-12-27 14:19:20.809999","Agregar salsa extra.","202","1","3357"
"3990",True,"2025-06-02 00:00:00","Preparar como la vez pasada.","170","1","3358"
"3991",True,"2023-08-25 15:43:59.351591","Cocinar bien la carne.","30","1","3359"
"3992",True,"2023-08-25 16:34:47.487821","Servir en dos platos.","180","1","3359"
"3993",True,"2023-08-25 16:09:41.282822","Agregar cubiertos adicionales.","164","1","3359"
"3994",True,"2023-12-01 14:18:54.374449","Servir en dos platos.","220","1","3360"
"3995",True,"2023-12-01 13:51:39.611269","Servir bien caliente.","271","1","3360"
"3996",True,"2023-07-14 13:16:17.724416","Con limón aparte.","47","1","3361"
"3997",True,"2023-07-14 13:17:44.378859","Servir en dos platos.","348","1","3361"
"3998",True,"2025-03-21 15:42:34.268301","Usar queso sin lactosa.","121","1","3362"
"3999",True,"2024-12-27 20:43:40.320128","Agregar cubiertos adicionales.","290","1","3363"
"4000",True,"2024-12-27 12:29:29.012322","Sin cebolla, por favor.","282","1","3364"
"4001",True,"2023-08-06 20:41:59.641625","Plato para compartir.","153","1","3365"
"4002",True,"2024-03-25 13:38:37.008829","Preparar como la vez pasada.","43","1","3366"
"4003",True,"2023-10-27 21:59:19.171346","Poco picante.","181","1","3367"
"4004",True,"2024-06-07 23:55:47.260703","Sin cebolla, por favor.","146","1","3368"
"4005",True,"2023-09-11 13:00:40.488311","Cocinar bien la carne.","56","1","3369"
"4006",True,"2025-05-16 22:04:23.089573","Agregar cubiertos adicionales.","289","1","3370"
"4007",True,"2025-03-28 16:11:03.288008","Con limón aparte.","218","1","3371"
"4008",True,"2023-11-27 23:04:28.409315","Sin cebolla, por favor.","134","1","3372"
"4009",True,"2024-05-04 15:01:34.906775","No incluir pan.","102","1","3373"
"4010",True,"2025-05-23 19:59:06.408628","Plato para compartir.","66","1","3374"
"4011",True,"2024-02-02 17:39:05.536462","Sin aderezo.","218","1","3375"
"4012",True,"2025-05-25 21:20:36.185651","Con limón aparte.","279","1","3376"
"4013",True,"2023-10-20 15:00:30.620465","Poco picante.","320","1","3377"
"4014",True,"2025-06-02 00:00:00","Servir bien caliente.","166","1","3378"
"4015",True,"2023-09-19 22:22:55.04946","Plato para compartir.","99","1","3379"
"4016",True,"2024-08-27 17:18:20.377245","Poco picante.","143","1","3380"
"4017",True,"2024-11-29 15:10:19.608503","No incluir pan.","222","1","3381"
"4018",True,"2023-12-08 21:31:16.096358","Sin cebolla, por favor.","159","1","3382"
"4019",True,"2024-11-15 22:30:07.781256","Usar queso sin lactosa.","186","1","3383"
"4020",True,"2023-06-09 15:45:17.129025","Plato para compartir.","117","1","3384"
"4021",True,"2025-01-07 22:03:07.211841","Servir bien caliente.","230","1","3385"
"4022",True,"2025-06-02 00:00:00","Usar queso sin lactosa.","196","1","3386"
"4023",True,"2023-11-03 21:24:35.050216","Entrega rápida.","282","1","3387"
"4024",True,"2024-01-28 22:19:29.172506","","285","1","3388"
"4025",True,"2024-01-28 21:28:30.297163","Agregar salsa extra.","161","1","3388"
"4026",True,"2025-06-02 00:00:00","Poco picante.","110","1","3389"
"4027",True,"2024-04-19 21:59:00.391342","Servir en dos platos.","118","1","3390"
"4028",True,"2024-09-06 14:07:44.760516","Servir bien caliente.","40","1","3391"
"4029",True,"2024-09-06 13:51:15.256314","","180","1","3391"
"4030",True,"2024-04-01 22:17:55.012196","Sin cebolla, por favor.","167","1","3392"
"4031",True,"2025-01-15 20:44:51.243927","Agregar cubiertos adicionales.","203","1","3393"
"4032",True,"2024-09-17 21:09:46.656463","Agregar salsa extra.","197","1","3394"
"4033",True,"2025-04-25 21:34:52.35908","Sin cebolla, por favor.","190","1","3395"
"4034",True,"2024-10-14 14:18:56.330931","Preparar como la vez pasada.","138","1","3396"
"4035",True,"2023-09-06 15:08:35.115537","No añadir mayonesa.","195","1","3397"
"4036",True,"2024-07-05 14:06:30.28769","Agregar cubiertos adicionales.","171","1","3398"
"4037",True,"2024-07-05 15:58:18.897532","Agregar salsa extra.","327","1","3398"
"4038",True,"2024-07-05 15:50:36.977574","Servir bien caliente.","215","1","3398"
"4039",True,"2024-07-26 14:25:40.024127","Agregar salsa extra.","76","1","3399"
"4040",True,"2024-07-26 13:44:23.91437","","230","1","3399"
"4041",True,"2024-07-26 15:07:55.440707","","243","1","3399"
"4042",True,"2024-01-19 14:45:39.162856","No añadir mayonesa.","141","1","3400"
"4043",True,"2023-11-17 22:14:04.798992","Agregar cubiertos adicionales.","260","1","3401"
"4044",True,"2025-06-02 00:00:00","Agregar cubiertos adicionales.","171","1","3402"
"4045",True,"2023-07-07 15:19:00.749274","Preparar como la vez pasada.","246","1","3403"
"4046",True,"2023-07-14 15:05:16.119879","Evitar ingredientes crudos.","184","1","3404"
"4047",True,"2023-07-14 14:55:24.470217","","101","1","3404"
"4048",True,"2025-01-03 20:54:58.487637","Sin cebolla, por favor.","92","1","3405"
"4049",True,"2025-03-14 13:07:22.397139","Sin aderezo.","258","1","3406"
"4050",True,"2023-11-21 22:05:39.443526","Preparar como la vez pasada.","103","1","3407"
"4051",True,"2024-04-05 15:49:38.266836","Preparar como la vez pasada.","162","1","3408"
"4052",True,"2024-04-05 16:20:42.176878","Sin cebolla, por favor.","303","1","3408"
"4053",True,"2024-04-28 15:07:18.07389","Sin cebolla, por favor.","252","1","3409"
"4054",True,"2024-10-25 22:26:15.56914","Entrega rápida.","224","1","3410"
"4055",True,"2025-03-28 15:43:55.620776","No incluir pan.","168","1","3411"
"4056",True,"2024-11-15 13:55:25.567507","Servir en dos platos.","302","1","3412"
"4057",True,"2023-12-07 12:53:34.317123","Agregar cubiertos adicionales.","373","1","3413"
"4058",True,"2024-07-19 13:07:13.640283","Sin aderezo.","129","1","3414"
"4059",True,"2024-07-15 14:20:12.207321","Servir en dos platos.","224","1","3415"
"4060",True,"2025-06-02 00:00:00","Servir bien caliente.","225","1","3416"
"4061",True,"2025-05-05 00:30:21.499922","Poco picante.","169","1","3417"
"4062",True,"2025-05-04 22:15:50.110308","Cocinar bien la carne.","76","1","3417"
"4063",True,"2025-06-02 00:00:00","Evitar ingredientes crudos.","71","1","3418"
"4064",True,"2024-12-27 14:25:26.857164","Servir bien caliente.","155","1","3419"
"4065",True,"2023-07-28 15:41:15.301086","Poco picante.","94","1","3420"
"4066",True,"2024-12-13 13:36:08.921715","Agregar cubiertos adicionales.","171","1","3421"
"4067",True,"2024-08-06 15:03:19.953097","Preparar como la vez pasada.","326","1","3422"
"4068",True,"2024-08-06 15:22:43.297236","Usar queso sin lactosa.","257","1","3422"
"4069",True,"2023-08-20 13:21:51.471704","","177","1","3423"
"4070",True,"2025-03-28 14:54:17.941533","Cocinar bien la carne.","53","1","3424"
"4071",True,"2024-09-20 23:10:48.369563","Servir bien caliente.","68","1","3425"
"4072",True,"2024-08-30 20:18:10.188914","","90","1","3426"
"4073",True,"2024-08-23 22:11:58.046712","Sin cebolla, por favor.","159","1","3427"
"4074",True,"2023-12-10 15:24:01.379491","Poco picante.","204","1","3428"
"4075",True,"2025-05-26 13:00:23.757096","No incluir pan.","259","1","3429"
"4076",True,"2023-07-07 21:17:36.772632","Agregar salsa extra.","497","1","3430"
"4077",True,"2024-06-28 21:39:09.28981","Cocinar bien la carne.","363","1","3431"
"4078",True,"2023-10-06 14:16:54.983092","No incluir pan.","94","1","3432"
"4079",True,"2023-08-26 14:24:49.373109","Entrega rápida.","157","1","3433"
"4080",True,"2024-12-27 21:54:13.524255","Agregar cubiertos adicionales.","49","1","3434"
"4081",True,"2024-06-14 22:16:20.818013","Servir en dos platos.","232","1","3435"
"4082",True,"2024-01-19 21:48:23.000042","Evitar ingredientes crudos.","129","1","3436"
"4083",True,"2025-03-26 21:04:30.333201","Agregar salsa extra.","158","1","3437"
"4084",True,"2023-07-24 12:37:32.013081","No añadir mayonesa.","92","1","3438"
"4085",True,"2023-07-24 13:47:33.721356","Cocinar bien la carne.","150","1","3438"
"4086",True,"2023-07-24 14:07:05.534441","Plato para compartir.","227","1","3438"
"4087",True,"2023-07-21 21:15:32.564298","","280","1","3439"
"4088",True,"2023-07-21 21:31:25.785014","Evitar ingredientes crudos.","200","1","3439"
"4089",True,"2025-06-02 00:00:00","No incluir pan.","159","1","3440"
"4090",True,"2025-03-02 21:38:30.83572","Sin aderezo.","276","1","3441"
"4091",True,"2025-02-07 22:28:56.752312","No incluir pan.","153","1","3442"
"4092",True,"2024-06-28 22:37:20.872746","No añadir mayonesa.","56","1","3443"
"4093",True,"2024-06-28 22:38:48.719142","Sin aderezo.","220","1","3443"
"4094",True,"2024-03-22 15:02:23.872789","","158","1","3444"
"4095",True,"2023-09-05 15:52:13.909591","Servir en dos platos.","228","1","3445"
"4096",True,"2024-08-29 20:09:35.851294","Sin cebolla, por favor.","49","1","3446"
"4097",True,"2024-06-28 22:00:01.073957","No añadir mayonesa.","135","1","3447"
"4098",True,"2024-10-22 19:47:20.649535","Preparar como la vez pasada.","257","1","3448"
"4099",True,"2025-02-21 13:44:21.64809","","218","1","3449"
"4100",True,"2024-12-17 14:06:55.405559","Dividir el plato.","213","1","3450"
"4101",True,"2024-01-05 14:26:04.459509","Poco picante.","46","1","3451"
"4102",True,"2023-12-02 22:46:19.03076","Sin cebolla, por favor.","55","1","3452"
"4103",True,"2023-12-02 20:50:08.714765","Servir bien caliente.","238","1","3452"
"4104",True,"2024-07-26 21:33:15.38045","Evitar ingredientes crudos.","82","1","3453"
"4105",True,"2023-08-25 19:24:40.445705","Cocinar bien la carne.","277","1","3454"
"4106",True,"2025-04-04 21:33:08.596217","Preparar como la vez pasada.","100","1","3455"
"4107",True,"2024-03-01 21:04:56.122047","Dividir el plato.","240","1","3456"
"4108",True,"2025-01-10 20:29:54.897532","Dividir el plato.","138","1","3457"
"4109",True,"2023-08-06 20:59:43.284143","Evitar ingredientes crudos.","169","1","3458"
"4110",True,"2024-07-05 15:48:30.82168","Poco picante.","110","1","3459"
"4111",True,"2025-05-02 14:05:38.838797","Poco picante.","142","1","3460"
"4112",True,"2024-12-06 13:58:24.894585","Dividir el plato.","169","1","3461"
"4113",True,"2025-02-25 20:43:52.880529","Plato para compartir.","273","1","3462"
"4114",True,"2024-03-29 20:48:47.103157","Con limón aparte.","136","1","3463"
"4115",True,"2025-06-02 00:00:00","Agregar salsa extra.","104","1","3464"
"4116",True,"2025-02-07 15:14:42.569572","Entrega rápida.","269","1","3465"
"4117",True,"2024-12-16 12:44:18.934017","Usar queso sin lactosa.","176","1","3466"
"4118",True,"2024-10-04 21:56:35.59925","Servir bien caliente.","313","1","3467"
"4119",True,"2024-07-26 21:09:19.094317","Plato para compartir.","94","1","3468"
"4120",True,"2023-06-30 14:48:25.694587","Dividir el plato.","229","1","3469"
"4121",True,"2023-06-30 14:58:01.479882","Sin cebolla, por favor.","127","1","3469"
"4122",True,"2023-07-07 22:37:03.816766","Servir bien caliente.","220","1","3470"
"4123",True,"2025-04-25 22:55:19.954541","Sin aderezo.","92","1","3471"
"4124",True,"2024-03-22 14:31:25.119558","Sin aderezo.","110","1","3472"
"4125",True,"2024-12-05 16:23:18.450694","Sin aderezo.","67","1","3473"
"4126",True,"2024-12-05 14:02:46.736256","Agregar cubiertos adicionales.","262","1","3473"
"4127",True,"2024-08-02 15:00:24.971515","Preparar como la vez pasada.","182","1","3474"
"4128",True,"2024-01-26 15:22:21.662598","Sin aderezo.","282","1","3475"
"4129",True,"2024-05-17 22:51:10.406993","Plato para compartir.","308","1","3476"
"4130",True,"2025-02-21 21:51:39.936401","No añadir mayonesa.","52","1","3477"
"4131",True,"2025-02-21 21:45:09.443137","Preparar como la vez pasada.","176","1","3477"
"4132",True,"2025-05-11 20:03:55.229842","Dividir el plato.","102","1","3478"
"4133",True,"2025-04-25 22:58:56.733765","Agregar salsa extra.","96","1","3479"
"4134",True,"2023-06-23 21:00:03.513143","Dividir el plato.","353","1","3480"
"4135",True,"2023-06-23 20:06:04.651527","Agregar cubiertos adicionales.","150","1","3480"
"4136",True,"2024-12-13 22:39:12.402943","Sin aderezo.","342","1","3481"
"4137",True,"2024-06-23 14:24:58.338059","Agregar salsa extra.","154","1","3482"
"4138",True,"2024-12-08 13:39:48.189083","Usar queso sin lactosa.","175","1","3483"
"4139",True,"2025-03-14 16:10:16.840623","Servir bien caliente.","199","1","3484"
"4140",True,"2025-03-14 16:35:19.484283","Plato para compartir.","41","1","3484"
"4141",True,"2024-10-25 12:23:37.10438","Servir en dos platos.","48","1","3485"
"4142",True,"2024-10-25 13:25:26.426949","Agregar salsa extra.","93","1","3485"
"4143",True,"2024-08-12 14:54:44.829574","Cocinar bien la carne.","178","1","3486"
"4144",True,"2024-12-02 15:02:02.033112","Agregar salsa extra.","103","1","3487"
"4145",True,"2024-05-17 21:30:32.181388","Entrega rápida.","147","1","3488"
"4146",True,"2024-07-13 20:11:25.657596","Preparar como la vez pasada.","245","1","3489"
"4147",True,"2024-07-13 22:04:22.164851","Agregar salsa extra.","322","1","3489"
"4148",True,"2025-06-02 00:00:00","Entrega rápida.","164","1","3490"
"4149",True,"2025-06-02 00:00:00","Plato para compartir.","291","1","3490"
"4150",True,"2024-08-25 20:44:50.524643","","112","1","3491"
"4151",True,"2024-07-05 21:35:15.536639","Evitar ingredientes crudos.","124","1","3492"
"4152",True,"2025-06-02 00:00:00","Dividir el plato.","101","1","3493"
"4153",True,"2023-08-17 13:07:54.384671","Servir bien caliente.","81","1","3494"
"4154",True,"2023-07-21 21:17:32.647651","Cocinar bien la carne.","184","1","3495"
"4155",True,"2023-07-21 21:33:23.344141","Cocinar bien la carne.","116","1","3495"
"4156",True,"2024-08-21 21:33:03.599027","Preparar como la vez pasada.","261","1","3496"
"4157",True,"2023-07-14 14:07:26.077669","Usar queso sin lactosa.","209","1","3497"
"4158",True,"2024-12-03 23:12:26.149579","Preparar como la vez pasada.","68","1","3498"
"4159",True,"2024-06-28 20:51:27.344263","No incluir pan.","36","1","3499"
"4160",True,"2024-05-28 15:09:16.307477","Servir bien caliente.","108","1","3500"
"4161",True,"2024-12-28 20:36:06.842959","Con limón aparte.","86","1","3501"
"4162",True,"2024-11-15 15:16:16.252231","Sin cebolla, por favor.","156","1","3502"
"4163",True,"2023-10-14 15:33:30.272047","Con limón aparte.","156","1","3503"
"4164",True,"2023-08-18 14:51:17.186566","Entrega rápida.","113","1","3504"
"4165",True,"2024-07-18 14:05:38.712713","Cocinar bien la carne.","54","1","3505"
"4166",True,"2024-09-28 15:17:47.748721","Plato para compartir.","50","1","3506"
"4167",True,"2023-08-04 22:38:49.715888","Evitar ingredientes crudos.","163","1","3507"
"4168",True,"2024-12-19 22:54:57.621441","Sin cebolla, por favor.","116","1","3508"
"4169",True,"2024-12-19 23:19:10.881801","Poco picante.","259","1","3508"
"4170",True,"2024-03-24 12:39:47.676081","Servir bien caliente.","254","1","3509"
"4171",True,"2024-06-06 15:02:26.687252","Dividir el plato.","56","1","3510"
"4172",True,"2024-06-06 15:50:37.860464","Cocinar bien la carne.","148","1","3510"
"4173",True,"2024-03-17 15:14:29.654617","Usar queso sin lactosa.","371","1","3511"
"4174",True,"2024-12-03 21:51:49.74529","Servir en dos platos.","162","1","3512"
"4175",True,"2024-01-26 14:51:56.235802","Servir bien caliente.","376","1","3513"
"4176",True,"2024-09-20 14:44:26.607793","Servir bien caliente.","55","1","3514"
"4177",True,"2023-07-03 23:05:06.092737","Plato para compartir.","203","1","3515"
"4178",True,"2024-03-29 13:15:20.278234","No añadir mayonesa.","221","1","3516"
"4179",True,"2025-01-17 15:06:22.732998","Agregar salsa extra.","49","1","3517"
"4180",True,"2024-11-08 13:54:46.804701","Agregar cubiertos adicionales.","151","1","3518"
"4181",True,"2023-11-10 23:16:30.423254","Poco picante.","235","1","3519"
"4182",True,"2024-10-11 15:18:44.301621","Preparar como la vez pasada.","139","1","3520"
"4183",True,"2024-03-29 13:00:13.830667","Dividir el plato.","248","1","3521"
"4184",True,"2024-03-29 12:58:50.860519","Sin aderezo.","266","1","3521"
"4185",True,"2024-08-06 20:45:01.083782","Sin cebolla, por favor.","123","1","3522"
"4186",True,"2024-05-24 20:16:34.637697","Evitar ingredientes crudos.","169","1","3523"
"4187",True,"2023-08-18 13:15:25.724088","Plato para compartir.","290","1","3524"
"4188",True,"2025-06-02 00:00:00","Servir bien caliente.","266","1","3525"
"4189",True,"2023-12-11 22:13:01.970636","Dividir el plato.","116","1","3526"
"4190",True,"2023-06-30 15:44:52.487128","Con limón aparte.","140","1","3527"
"4191",True,"2025-05-04 14:00:26.695112","","32","1","3528"
"4192",True,"2023-09-20 13:24:23.015209","No incluir pan.","78","1","3529"
"4193",True,"2023-09-20 13:48:34.817384","","176","1","3529"
"4194",True,"2024-12-27 13:30:13.175029","No incluir pan.","357","1","3530"
"4195",True,"2024-12-27 13:34:03.582633","Sin aderezo.","159","1","3530"
"4196",True,"2024-03-29 22:22:58.846557","Entrega rápida.","129","1","3531"
"4197",True,"2024-12-10 19:21:04.432147","Evitar ingredientes crudos.","309","1","3532"
"4198",True,"2024-12-10 20:07:43.805776","Sin aderezo.","170","1","3532"
"4199",True,"2025-05-09 22:02:18.446855","Cocinar bien la carne.","42","1","3533"
"4200",True,"2025-02-26 20:14:36.268379","Preparar como la vez pasada.","95","1","3534"
"4201",True,"2024-02-02 13:35:46.770946","Dividir el plato.","84","1","3535"
"4202",True,"2023-10-28 13:06:51.560221","Dividir el plato.","263","1","3536"
"4203",True,"2024-08-02 20:55:37.395526","","172","1","3537"
"4204",True,"2024-07-12 13:09:25.080908","Dividir el plato.","169","1","3538"
"4205",True,"2025-01-10 12:40:11.603432","Preparar como la vez pasada.","204","1","3539"
"4206",True,"2024-08-08 14:24:05.103398","Agregar salsa extra.","299","1","3540"
"4207",True,"2023-08-11 13:09:45.782592","Agregar cubiertos adicionales.","282","1","3541"
"4208",True,"2023-08-11 13:36:16.254365","Entrega rápida.","136","1","3541"
"4209",True,"2024-06-21 14:41:24.360102","","67","1","3542"
"4210",True,"2025-05-28 15:17:08.588919","","84","1","3543"
"4211",True,"2024-07-28 20:27:41.320793","Agregar salsa extra.","106","1","3544"
"4212",True,"2025-04-25 15:51:00.337582","Cocinar bien la carne.","56","1","3545"
"4213",True,"2025-04-25 14:53:49.62096","Servir bien caliente.","206","1","3545"
"4214",True,"2023-07-07 13:56:38.686526","","113","1","3546"
"4215",True,"2023-11-02 20:56:16.267073","Usar queso sin lactosa.","129","1","3547"
"4216",True,"2023-11-02 21:27:12.597852","Agregar cubiertos adicionales.","199","1","3547"
"4217",True,"2025-05-09 22:12:51.103305","Entrega rápida.","85","1","3548"
"4218",True,"2025-06-02 00:00:00","Plato para compartir.","289","1","3549"
"4219",True,"2025-02-14 14:59:25.185736","No incluir pan.","179","1","3550"
"4220",True,"2025-02-14 15:11:41.760069","Evitar ingredientes crudos.","142","1","3550"
"4221",True,"2023-06-23 22:11:56.549531","Poco picante.","365","1","3551"
"4222",True,"2023-07-07 21:01:52.761927","Agregar salsa extra.","142","1","3552"
"4223",True,"2024-04-09 15:02:27.388842","","149","1","3553"
"4224",True,"2024-12-29 21:49:00.520412","Poco picante.","239","1","3554"
"4225",True,"2023-07-13 13:36:34.894166","Evitar ingredientes crudos.","137","1","3555"
"4226",True,"2025-06-02 00:00:00","Preparar como la vez pasada.","86","1","3556"
"4227",True,"2024-08-02 22:48:58.161306","Usar queso sin lactosa.","204","1","3557"
"4228",True,"2024-11-09 22:46:05.831509","Evitar ingredientes crudos.","138","1","3558"
"4229",True,"2024-12-22 21:49:59.715428","Usar queso sin lactosa.","96","1","3559"
"4230",True,"2023-08-17 16:36:44.069268","Usar queso sin lactosa.","96","1","3560"
"4231",True,"2024-12-27 14:11:43.237239","Entrega rápida.","162","1","3561"
"4232",True,"2024-04-17 20:24:23.808581","Entrega rápida.","126","1","3562"
"4233",True,"2025-06-02 00:00:00","Cocinar bien la carne.","111","1","3563"
"4234",True,"2024-07-30 23:34:27.002893","Plato para compartir.","184","1","3564"
"4235",True,"2024-07-30 23:38:03.284828","Usar queso sin lactosa.","157","1","3564"
"4236",True,"2023-08-07 19:28:07.04437","No incluir pan.","124","1","3565"
"4237",True,"2024-08-13 13:06:54.964872","Cocinar bien la carne.","79","1","3566"
"4238",True,"2023-09-15 14:49:03.284096","Usar queso sin lactosa.","356","1","3567"
"4239",True,"2024-10-18 22:34:30.994605","Sin aderezo.","102","1","3568"
"4240",True,"2025-05-30 23:11:34.873659","Servir en dos platos.","287","1","3569"
"4241",True,"2023-08-04 13:01:35.642907","Agregar salsa extra.","240","1","3570"
"4242",True,"2023-11-10 21:32:43.10161","Servir en dos platos.","72","1","3571"
"4243",True,"2024-07-26 12:49:23.333666","Usar queso sin lactosa.","139","1","3572"
"4244",True,"2024-06-05 22:16:18.303239","Sin cebolla, por favor.","125","1","3573"
"4245",True,"2024-07-26 22:26:47.243905","Evitar ingredientes crudos.","179","1","3574"
"4246",True,"2023-12-12 15:07:05.571933","Sin cebolla, por favor.","192","1","3575"
"4247",True,"2023-12-12 14:23:31.578243","Preparar como la vez pasada.","49","1","3575"
"4248",True,"2023-12-12 13:45:48.201021","No incluir pan.","75","1","3575"
"4249",True,"2024-02-09 20:48:50.480132","Cocinar bien la carne.","386","1","3576"
"4250",True,"2023-11-17 21:57:06.675564","Poco picante.","287","1","3577"
"4251",True,"2024-03-08 23:15:03.659837","Agregar cubiertos adicionales.","125","1","3578"
"4252",True,"2024-07-25 20:20:01.41694","Usar queso sin lactosa.","150","1","3579"
"4253",True,"2024-05-17 20:58:57.222753","No añadir mayonesa.","195","1","3580"
"4254",True,"2024-11-01 14:56:28.610763","Dividir el plato.","139","1","3581"
"4255",True,"2024-05-08 12:26:45.207919","Agregar salsa extra.","311","1","3582"
"4256",True,"2024-05-08 13:29:17.428795","Servir bien caliente.","218","1","3582"
"4257",True,"2024-05-08 13:12:00.208044","Con limón aparte.","183","1","3582"
"4258",True,"2023-10-08 15:15:49.927866","Evitar ingredientes crudos.","230","1","3583"
"4259",True,"2024-02-09 14:54:53.787551","Entrega rápida.","106","1","3584"
"4260",True,"2024-12-28 15:19:01.055544","Sin cebolla, por favor.","80","1","3585"
"4261",True,"2024-06-14 20:50:02.741866","Servir bien caliente.","108","1","3586"
"4262",True,"2024-01-05 22:28:34.088583","Sin aderezo.","96","1","3587"
"4263",True,"2024-01-05 21:36:21.659898","Sin cebolla, por favor.","153","1","3587"
"4264",True,"2024-12-10 16:06:45.487337","Dividir el plato.","320","1","3588"
"4265",True,"2024-09-20 14:37:43.16533","Servir bien caliente.","98","1","3589"
"4266",True,"2023-07-14 21:25:08.849269","Agregar cubiertos adicionales.","306","1","3590"
"4267",True,"2023-07-25 14:48:02.530942","Preparar como la vez pasada.","86","1","3591"
"4268",True,"2023-07-25 14:56:53.728662","Agregar cubiertos adicionales.","192","1","3591"
"4269",True,"2023-07-25 14:18:17.315088","Sin cebolla, por favor.","100","1","3591"
"4270",True,"2025-05-02 21:47:37.869369","Dividir el plato.","245","1","3592"
"4271",True,"2025-05-02 20:42:53.426786","No añadir mayonesa.","299","1","3592"
"4272",True,"2025-03-28 12:33:27.380767","Dividir el plato.","120","1","3593"
"4273",True,"2025-03-28 12:44:02.16139","Cocinar bien la carne.","203","1","3593"
"4274",True,"2025-05-05 21:11:14.976378","Usar queso sin lactosa.","120","1","3594"
"4275",True,"2025-05-30 21:09:19.839939","Servir bien caliente.","200","1","3595"
"4276",True,"2024-08-18 13:19:17.889455","Servir bien caliente.","107","1","3596"
"4277",True,"2024-11-22 15:31:30.301089","Evitar ingredientes crudos.","223","1","3597"
"4278",True,"2024-01-14 20:53:25.785044","No añadir mayonesa.","311","1","3598"
"4279",True,"2025-04-25 12:32:38.567139","Preparar como la vez pasada.","259","1","3599"
"4280",True,"2024-05-20 23:23:52.912033","Servir bien caliente.","355","1","3600"
"4281",True,"2024-08-19 20:55:17.699559","Usar queso sin lactosa.","338","1","3601"
"4282",True,"2024-08-19 22:03:15.763463","Servir bien caliente.","269","1","3601"
"4283",True,"2024-01-16 21:43:12.764809","Entrega rápida.","61","1","3602"
"4284",True,"2024-02-09 22:44:06.352404","Cocinar bien la carne.","172","1","3603"
"4285",True,"2023-12-08 20:09:59.728069","Plato para compartir.","140","1","3604"
"4286",True,"2024-02-04 15:25:38.001539","Plato para compartir.","75","1","3605"
"4287",True,"2025-06-02 00:00:00","Con limón aparte.","346","1","3606"
"4288",True,"2023-12-22 20:06:47.204654","Con limón aparte.","182","1","3607"
"4289",True,"2024-09-22 20:03:27.706358","Sin cebolla, por favor.","345","1","3608"
"4290",True,"2024-09-22 20:47:14.310383","Entrega rápida.","330","1","3608"
"4291",True,"2025-06-02 00:00:00","Sin aderezo.","404","1","3609"
"4292",True,"2025-01-03 21:08:41.5079","Servir bien caliente.","66","1","3610"
"4293",True,"2023-07-06 21:27:26.140517","Evitar ingredientes crudos.","339","1","3611"
"4294",True,"2023-12-31 20:01:01.192524","Usar queso sin lactosa.","293","1","3612"
"4295",True,"2025-04-18 17:02:46.909117","Plato para compartir.","114","1","3613"
"4296",True,"2025-02-22 19:36:01.150163","Con limón aparte.","201","1","3614"
"4297",True,"2023-06-16 14:06:34.390442","Sin aderezo.","219","1","3615"
"4298",True,"2024-02-18 22:04:00.841785","Servir en dos platos.","307","1","3616"
"4299",True,"2025-05-30 22:16:01.678795","No añadir mayonesa.","152","1","3617"
"4300",True,"2024-12-20 15:58:01.445564","Entrega rápida.","329","1","3618"
"4301",True,"2024-08-30 15:00:12.235365","Dividir el plato.","225","1","3619"
"4302",True,"2024-08-01 13:05:14.27269","Preparar como la vez pasada.","99","1","3620"
"4303",True,"2024-03-15 21:49:09.515454","Dividir el plato.","168","1","3621"
"4304",True,"2024-11-29 12:51:42.670066","Usar queso sin lactosa.","61","1","3622"
"4305",True,"2024-11-29 12:53:43.843055","Cocinar bien la carne.","52","1","3622"
"4306",True,"2024-12-01 13:02:07.423671","Sin aderezo.","359","1","3623"
"4307",True,"2023-06-02 12:47:21.81417","Con limón aparte.","264","1","3624"
"4308",True,"2025-01-24 13:09:21.138347","No incluir pan.","231","1","3625"
"4309",True,"2025-01-10 15:44:25.742923","Sin aderezo.","153","1","3626"
"4310",True,"2025-03-21 13:43:12.500465","No incluir pan.","344","1","3627"
"4311",True,"2024-12-12 21:59:11.889037","Preparar como la vez pasada.","218","1","3628"
"4312",True,"2024-11-15 13:25:48.67862","No incluir pan.","128","1","3629"
"4313",True,"2024-11-15 12:43:47.259045","Agregar cubiertos adicionales.","92","1","3629"
"4314",True,"2024-11-15 12:49:19.226658","Entrega rápida.","136","1","3630"
"4315",True,"2023-08-06 21:13:06.14142","","106","1","3631"
"4316",True,"2025-02-07 20:08:37.95584","No añadir mayonesa.","209","1","3632"
"4317",True,"2024-12-17 21:23:13.688525","Sin cebolla, por favor.","342","1","3633"
"4318",True,"2024-11-01 12:40:52.93673","Entrega rápida.","408","1","3634"
"4319",True,"2025-02-02 22:17:33.763841","Plato para compartir.","331","1","3635"
"4320",True,"2023-06-23 13:57:24.531013","Preparar como la vez pasada.","81","1","3636"
"4321",True,"2023-08-17 16:39:02.886928","No incluir pan.","63","1","3637"
"4322",True,"2024-01-12 20:54:38.044268","Entrega rápida.","185","1","3638"
"4323",True,"2024-02-23 12:37:21.051098","Servir en dos platos.","113","1","3639"
"4324",True,"2023-10-14 13:24:20.708967","Entrega rápida.","274","1","3640"
"4325",True,"2024-07-26 13:43:03.432968","Preparar como la vez pasada.","276","1","3641"
"4326",True,"2023-12-04 22:40:15.737403","Dividir el plato.","246","1","3642"
"4327",True,"2023-12-22 23:12:45.381451","Agregar cubiertos adicionales.","158","1","3643"
"4328",True,"2023-08-04 13:36:11.030549","Sin aderezo.","94","1","3644"
"4329",True,"2023-06-22 21:50:30.176923","No incluir pan.","164","1","3645"
"4330",True,"2024-07-07 14:26:02.547158","","124","1","3646"
"4331",True,"2024-07-20 23:44:11.078099","No incluir pan.","270","1","3647"
"4332",True,"2023-07-15 22:49:47.376178","","224","1","3648"
"4333",True,"2024-03-08 15:11:45.949333","Cocinar bien la carne.","198","1","3649"
"4334",True,"2024-03-08 16:26:16.084788","Cocinar bien la carne.","171","1","3649"
"4335",True,"2024-11-01 22:03:52.3459","Plato para compartir.","221","1","3650"
"4336",True,"2025-01-07 14:13:07.392574","Sin aderezo.","265","1","3651"
"4337",True,"2024-03-25 22:14:36.188582","Agregar cubiertos adicionales.","149","1","3652"
"4338",True,"2024-09-13 14:21:52.391567","Cocinar bien la carne.","75","1","3653"
"4339",True,"2024-09-13 13:41:39.28427","Agregar cubiertos adicionales.","216","1","3653"
"4340",True,"2024-03-22 22:34:17.354682","Dividir el plato.","95","1","3654"
"4341",True,"2024-03-22 21:31:39.225919","Dividir el plato.","217","1","3654"
"4342",True,"2024-03-22 22:35:50.559238","No añadir mayonesa.","101","1","3654"
"4343",True,"2024-11-15 16:42:44.110766","Sin aderezo.","96","1","3655"
"4344",True,"2023-10-03 21:43:17.163097","Sin cebolla, por favor.","217","1","3656"
"4345",True,"2024-03-04 21:49:33.125189","Agregar cubiertos adicionales.","110","1","3657"
"4346",True,"2024-08-08 21:10:21.402419","No incluir pan.","399","1","3658"
"4347",True,"2023-07-21 20:22:45.808163","Evitar ingredientes crudos.","97","1","3659"
"4348",True,"2024-07-08 14:52:42.287214","Usar queso sin lactosa.","73","1","3660"
"4349",True,"2024-07-08 16:41:27.574645","Servir en dos platos.","49","1","3660"
"4350",True,"2024-11-18 19:58:01.346836","Servir bien caliente.","268","1","3661"
"4351",True,"2024-08-14 22:43:41.963996","No incluir pan.","227","1","3662"
"4352",True,"2024-11-15 12:26:20.385064","No añadir mayonesa.","219","1","3663"
"4353",True,"2025-06-02 00:00:00","Usar queso sin lactosa.","45","1","3664"
"4354",True,"2024-07-21 15:22:35.931922","Evitar ingredientes crudos.","252","1","3665"
"4355",True,"2024-12-04 15:12:46.748971","No incluir pan.","291","1","3666"
"4356",True,"2024-10-11 22:30:26.208489","Entrega rápida.","200","1","3667"
"4357",True,"2024-08-12 13:05:24.133657","Con limón aparte.","141","1","3668"
"4358",True,"2024-07-01 22:22:51.864576","Evitar ingredientes crudos.","237","1","3669"
"4359",True,"2024-05-19 21:29:48.367479","Usar queso sin lactosa.","94","1","3670"
"4360",True,"2024-06-07 15:38:29.049113","Preparar como la vez pasada.","211","1","3671"
"4361",True,"2025-05-23 20:25:59.896126","No añadir mayonesa.","147","1","3672"
"4362",True,"2025-05-23 20:39:23.129442","Plato para compartir.","115","1","3672"
"4363",True,"2024-04-19 14:37:02.479689","Agregar salsa extra.","360","1","3673"
"4364",True,"2024-11-22 20:08:16.153342","Preparar como la vez pasada.","176","1","3674"
"4365",True,"2024-06-14 14:44:55.682603","Cocinar bien la carne.","295","1","3675"
"4366",True,"2024-10-04 22:38:50.129566","Plato para compartir.","139","1","3676"
"4367",True,"2025-05-25 14:02:47.430328","Sin cebolla, por favor.","184","1","3677"
"4368",True,"2023-08-14 23:20:36.515579","Sin aderezo.","146","1","3678"
"4369",True,"2025-06-02 00:00:00","Servir bien caliente.","206","1","3679"
"4370",True,"2024-01-19 13:08:11.170421","Sin aderezo.","54","1","3680"
"4371",True,"2024-01-19 13:27:54.613321","Evitar ingredientes crudos.","185","1","3680"
"4372",True,"2025-01-27 16:43:53.002964","Agregar cubiertos adicionales.","355","1","3681"
"4373",True,"2025-01-31 12:51:29.642711","Plato para compartir.","315","1","3682"
"4374",True,"2024-02-05 21:03:30.327293","Usar queso sin lactosa.","235","1","3683"
"4375",True,"2023-07-08 22:18:39.286107","Dividir el plato.","302","1","3684"
"4376",True,"2024-12-17 23:35:12.71578","Dividir el plato.","92","1","3685"
"4377",True,"2023-07-26 14:15:13.787387","Poco picante.","104","1","3686"
"4378",True,"2024-01-12 14:41:42.88151","Entrega rápida.","144","1","3687"
"4379",True,"2024-07-05 15:27:12.387391","Servir bien caliente.","71","1","3688"
"4380",True,"2023-07-16 17:15:25.381337","Agregar cubiertos adicionales.","228","1","3689"
"4381",True,"2023-07-16 15:39:05.529601","Con limón aparte.","103","1","3689"
"4382",True,"2023-07-16 15:48:32.117081","Evitar ingredientes crudos.","112","1","3689"
"4383",True,"2024-12-27 22:29:57.317937","Dividir el plato.","194","1","3690"
"4384",True,"2024-07-05 15:24:01.321996","Cocinar bien la carne.","250","1","3691"
"4385",True,"2024-07-05 15:21:53.638824","Evitar ingredientes crudos.","98","1","3691"
"4386",True,"2024-07-05 15:16:13.689573","Poco picante.","193","1","3691"
"4387",True,"2023-11-14 15:30:31.339297","Entrega rápida.","157","1","3692"
"4388",True,"2025-06-02 00:00:00","Entrega rápida.","81","1","3693"
"4389",True,"2024-08-30 14:19:07.920842","Servir en dos platos.","155","1","3694"
"4390",True,"2024-06-04 20:01:47.060869","Cocinar bien la carne.","170","1","3695"
"4391",True,"2024-07-16 14:48:49.446603","","218","1","3696"
"4392",True,"2025-06-02 00:00:00","Con limón aparte.","147","1","3697"
"4393",True,"2025-06-02 00:00:00","Sin aderezo.","118","1","3697"
"4394",True,"2024-11-16 19:49:14.175548","Agregar salsa extra.","222","1","3698"
"4395",True,"2023-07-01 20:55:03.876678","Con limón aparte.","296","1","3699"
"4396",True,"2024-06-21 13:30:28.509662","Entrega rápida.","214","1","3700"
"4397",True,"2024-12-18 22:20:40.176884","Entrega rápida.","107","1","3701"
"4398",True,"2023-09-22 14:48:26.690012","","157","1","3702"
"4399",True,"2024-07-19 19:49:22.693816","","57","1","3703"
"4400",True,"2024-01-01 19:57:46.61384","Con limón aparte.","53","1","3704"
"4401",True,"2024-12-13 14:51:16.689042","Cocinar bien la carne.","163","1","3705"
"4402",True,"2025-02-13 21:21:42.929527","Usar queso sin lactosa.","220","1","3706"
"4403",True,"2023-08-18 14:33:03.098842","Poco picante.","115","1","3707"
"4404",True,"2023-08-18 15:01:09.673827","Agregar salsa extra.","204","1","3707"
"4405",True,"2024-07-28 14:35:31.843741","Usar queso sin lactosa.","309","1","3708"
"4406",True,"2023-09-01 20:51:58.514298","Agregar cubiertos adicionales.","99","1","3709"
"4407",True,"2025-05-22 23:59:29.659982","Cocinar bien la carne.","164","1","3710"
"4408",True,"2024-01-19 21:28:09.836158","Sin aderezo.","193","1","3711"
"4409",True,"2024-07-05 22:28:27.943774","No incluir pan.","62","1","3712"
"4410",True,"2024-09-13 21:18:14.366445","Preparar como la vez pasada.","285","1","3713"
"4411",True,"2024-09-13 22:12:58.016756","Preparar como la vez pasada.","154","1","3713"
"4412",True,"2023-11-11 21:36:16.912504","Servir bien caliente.","206","1","3714"
"4413",True,"2024-06-06 14:42:37.132616","No añadir mayonesa.","179","1","3715"
"4414",True,"2025-05-02 14:41:24.23211","Servir en dos platos.","147","1","3716"
"4415",True,"2025-05-02 14:50:44.718707","Sin aderezo.","264","1","3716"
"4416",True,"2024-08-02 19:33:29.110193","Usar queso sin lactosa.","51","1","3717"
"4417",True,"2024-08-02 21:09:19.832459","","60","1","3717"
"4418",True,"2023-08-11 15:05:18.769624","Poco picante.","249","1","3718"
"4419",True,"2024-10-04 22:44:31.977946","Servir en dos platos.","278","1","3719"
"4420",True,"2024-07-26 12:53:08.915418","No añadir mayonesa.","130","1","3720"
"4421",True,"2025-04-11 15:43:20.78697","Plato para compartir.","126","1","3721"
"4422",True,"2024-11-15 20:11:32.9327","Agregar cubiertos adicionales.","122","1","3722"
"4423",True,"2024-05-24 22:20:45.665408","Servir en dos platos.","284","1","3723"
"4424",True,"2025-03-28 14:53:48.559907","Entrega rápida.","239","1","3724"
"4425",True,"2024-12-25 22:55:49.29975","No añadir mayonesa.","100","1","3725"
"4426",True,"2024-08-07 15:04:18.359042","No incluir pan.","150","1","3726"
"4427",True,"2024-12-21 20:44:26.630506","","204","1","3727"
"4428",True,"2024-02-16 22:24:43.416897","Sin cebolla, por favor.","164","1","3728"
"4429",True,"2024-08-04 12:53:31.875539","No añadir mayonesa.","149","1","3729"
"4430",True,"2025-06-02 00:00:00","Poco picante.","196","1","3730"
"4431",True,"2024-11-29 15:38:08.786869","Servir bien caliente.","74","1","3731"
"4432",True,"2025-03-28 20:16:30.457979","Agregar cubiertos adicionales.","186","1","3732"
"4433",True,"2024-10-11 21:49:33.877414","Poco picante.","367","1","3733"
"4434",True,"2024-10-11 20:37:19.604552","Poco picante.","124","1","3733"
"4435",True,"2025-05-27 14:07:14.068423","Entrega rápida.","277","1","3734"
"4436",True,"2025-05-27 12:17:00.279376","Usar queso sin lactosa.","116","1","3734"
"4437",True,"2024-12-08 14:47:13.229715","Agregar cubiertos adicionales.","271","1","3735"
"4438",True,"2024-10-04 22:16:00.972522","Poco picante.","141","1","3736"
"4439",True,"2023-08-01 21:50:08.023809","Servir bien caliente.","129","1","3737"
"4440",True,"2024-05-17 14:52:37.055443","","182","1","3738"
"4441",True,"2023-12-09 20:50:47.485594","Plato para compartir.","83","1","3739"
"4442",True,"2023-08-28 21:28:06.27421","Preparar como la vez pasada.","96","1","3740"
"4443",True,"2024-02-01 13:33:43.683261","Agregar cubiertos adicionales.","55","1","3741"
"4444",True,"2024-02-16 20:42:27.504642","Dividir el plato.","160","1","3742"
"4445",True,"2024-10-25 13:20:09.960645","Servir en dos platos.","233","1","3743"
"4446",True,"2024-10-25 12:51:27.016512","Con limón aparte.","362","1","3743"
"4447",True,"2023-07-17 21:56:16.393939","Cocinar bien la carne.","134","1","3744"
"4448",True,"2023-07-17 22:09:05.61686","Usar queso sin lactosa.","252","1","3744"
"4449",True,"2023-07-17 22:34:52.535801","Sin aderezo.","181","1","3744"
"4450",True,"2024-10-25 14:19:11.06018","Dividir el plato.","126","1","3745"
"4451",True,"2024-11-07 14:36:31.4331","No incluir pan.","28","1","3746"
"4452",True,"2024-08-18 15:32:37.787521","Sin cebolla, por favor.","259","1","3747"
"4453",True,"2025-06-02 00:00:00","No incluir pan.","92","1","3748"
"4454",True,"2025-04-11 14:20:28.763971","Con limón aparte.","94","1","3749"
"4455",True,"2025-06-02 00:00:00","Agregar salsa extra.","200","1","3750"
"4456",True,"2025-06-02 00:00:00","Servir bien caliente.","96","1","3751"
"4457",True,"2025-06-02 00:00:00","Cocinar bien la carne.","216","1","3752"
"4458",True,"2025-06-02 00:00:00","Sin aderezo.","105","1","3753"
"4459",True,"2024-02-09 15:10:11.031904","Poco picante.","100","1","3754"
"4460",True,"2025-06-02 00:00:00","No incluir pan.","49","1","3755"
"4461",True,"2024-07-01 22:19:12.097061","Plato para compartir.","102","1","3756"
"4462",True,"2024-12-29 13:55:26.078124","Con limón aparte.","122","1","3757"
"4463",True,"2024-11-15 16:05:41.661349","Poco picante.","243","1","3758"
"4464",True,"2023-07-29 21:37:58.250838","No añadir mayonesa.","271","1","3759"
"4465",True,"2024-10-11 21:20:35.976011","Con limón aparte.","224","1","3760"
"4466",True,"2025-06-02 00:00:00","Dividir el plato.","112","1","3761"
"4467",True,"2024-11-10 15:32:03.756345","Cocinar bien la carne.","239","1","3762"
"4468",True,"2024-11-10 15:55:19.563765","Cocinar bien la carne.","101","1","3762"
"4469",True,"2023-12-08 20:12:54.00105","Servir bien caliente.","92","1","3763"
"4470",True,"2023-12-08 20:40:13.334379","Agregar cubiertos adicionales.","49","1","3763"
"4471",True,"2024-05-11 14:58:59.645307","Poco picante.","188","1","3764"
"4472",True,"2024-04-12 21:08:50.865066","Servir en dos platos.","41","1","3765"
"4473",True,"2025-01-21 15:47:42.671011","Usar queso sin lactosa.","93","1","3766"
"4474",True,"2025-06-02 00:00:00","Evitar ingredientes crudos.","122","1","3767"
"4475",True,"2025-02-06 13:45:55.256028","Plato para compartir.","200","1","3768"
"4476",True,"2024-07-02 21:05:04.709469","No añadir mayonesa.","91","1","3769"
"4477",True,"2024-10-18 13:27:29.210115","Servir bien caliente.","80","1","3770"
"4478",True,"2023-10-31 14:20:45.863698","Entrega rápida.","45","1","3771"
"4479",True,"2025-05-30 15:12:59.241495","No añadir mayonesa.","50","1","3772"
"4480",True,"2025-05-30 14:40:52.732903","Preparar como la vez pasada.","220","1","3772"
"4481",True,"2025-05-30 15:07:15.143314","Evitar ingredientes crudos.","193","1","3772"
"4482",True,"2024-09-16 12:50:53.437793","Sin aderezo.","90","1","3773"
"4483",True,"2025-06-02 00:00:00","Entrega rápida.","143","1","3774"
"4484",True,"2024-12-06 13:50:28.870819","","136","1","3775"
"4485",True,"2024-10-18 15:27:03.081276","Cocinar bien la carne.","86","1","3776"
"4486",True,"2023-07-25 20:20:41.514693","Usar queso sin lactosa.","285","1","3777"
"4487",True,"2024-03-17 13:50:47.631646","No incluir pan.","287","1","3778"
"4488",True,"2024-08-20 19:43:40.101793","No incluir pan.","79","1","3779"
"4489",True,"2025-05-18 20:06:56.072036","Sin cebolla, por favor.","233","1","3780"
"4490",True,"2023-06-09 20:40:28.617295","No añadir mayonesa.","180","1","3781"
"4491",True,"2023-08-25 15:57:11.288684","Usar queso sin lactosa.","185","1","3782"
"4492",True,"2023-08-25 16:01:55.74149","Sin cebolla, por favor.","185","1","3782"
"4493",True,"2025-01-24 20:41:32.966843","Preparar como la vez pasada.","215","1","3783"
"4494",True,"2025-01-24 20:26:25.232549","Usar queso sin lactosa.","152","1","3783"
"4495",True,"2023-08-11 21:09:07.837923","","164","1","3784"
"4496",True,"2025-03-24 13:05:00.972396","Servir bien caliente.","78","1","3785"
"4497",True,"2023-09-08 13:02:08.320877","Con limón aparte.","58","1","3786"
"4498",True,"2025-06-02 00:00:00","Agregar salsa extra.","196","1","3787"
"4499",True,"2025-06-02 00:00:00","Servir bien caliente.","229","1","3788"
"4500",True,"2025-06-02 00:00:00","Plato para compartir.","216","1","3788"
"4501",True,"2024-11-29 20:26:31.004978","Sin cebolla, por favor.","46","1","3789"
"4502",True,"2024-08-23 15:53:33.711219","No añadir mayonesa.","93","1","3790"
"4503",True,"2024-08-05 14:23:57.244796","Servir bien caliente.","148","1","3791"
"4504",True,"2024-08-05 14:28:52.098749","Agregar salsa extra.","211","1","3791"
"4505",True,"2024-08-02 16:24:53.568575","","54","1","3792"
"4506",True,"2025-02-04 20:30:14.181055","Sin cebolla, por favor.","360","1","3793"
"4507",True,"2024-08-29 21:43:09.146924","Agregar salsa extra.","318","1","3794"
"4508",True,"2024-12-10 14:26:47.634768","Poco picante.","260","1","3795"
"4509",True,"2024-05-05 21:21:25.22137","Preparar como la vez pasada.","58","1","3796"
"4510",True,"2025-01-19 21:18:59.943665","Servir en dos platos.","96","1","3797"
"4511",True,"2024-07-05 22:39:43.401905","Servir en dos platos.","70","1","3798"
"4512",True,"2025-06-02 00:00:00","Poco picante.","182","1","3799"
"4513",True,"2023-08-20 15:07:24.187943","Evitar ingredientes crudos.","132","1","3800"
"4514",True,"2025-06-02 00:00:00","Evitar ingredientes crudos.","136","1","3801"
"4515",True,"2024-08-25 15:04:40.711036","Poco picante.","211","1","3802"
"4516",True,"2025-04-11 17:15:59.711046","Plato para compartir.","43","1","3803"
"4517",True,"2023-07-27 22:09:27.209319","Sin aderezo.","131","1","3804"
"4518",True,"2024-02-24 15:09:28.098182","Preparar como la vez pasada.","199","1","3805"
"4519",True,"2023-07-14 20:14:24.867228","Dividir el plato.","103","1","3806"
"4520",True,"2023-08-04 22:50:29.897526","Preparar como la vez pasada.","199","1","3807"
"4521",True,"2023-10-20 22:13:59.046155","Servir bien caliente.","75","1","3808"
"4522",True,"2023-10-20 22:12:16.650127","Dividir el plato.","207","1","3808"
"4523",True,"2024-05-17 14:20:01.285213","Usar queso sin lactosa.","171","1","3809"
"4524",True,"2024-12-13 14:51:17.738746","Con limón aparte.","80","1","3810"
"4525",True,"2024-08-09 15:33:25.439826","","222","1","3811"
"4526",True,"2023-10-13 12:57:22.731994","Con limón aparte.","219","1","3812"
"4527",True,"2024-10-18 14:44:01.067425","","423","1","3813"
"4528",True,"2025-01-16 21:23:13.019993","Servir bien caliente.","267","1","3814"
"4529",True,"2025-05-23 19:30:55.93419","Cocinar bien la carne.","149","1","3815"
"4530",True,"2024-07-29 21:38:24.403238","Sin aderezo.","172","1","3816"
"4531",True,"2023-10-06 14:57:23.393359","","195","1","3817"
"4532",True,"2024-07-19 15:41:35.458458","Dividir el plato.","103","1","3818"
"4533",True,"2024-09-06 13:33:36.589337","Agregar salsa extra.","212","1","3819"
"4534",True,"2023-09-01 14:29:48.085984","Agregar cubiertos adicionales.","265","1","3820"
"4535",True,"2024-07-29 14:53:17.078559","Con limón aparte.","284","1","3821"
"4536",True,"2024-07-29 13:14:33.037032","","248","1","3821"
"4537",True,"2023-11-03 13:49:34.209238","Con limón aparte.","139","1","3822"
"4538",True,"2023-10-27 13:15:13.763797","Agregar salsa extra.","184","1","3823"
"4539",True,"2023-07-14 19:25:46.104313","Con limón aparte.","109","1","3824"
"4540",True,"2024-06-28 14:15:31.836133","No añadir mayonesa.","55","1","3825"
"4541",True,"2025-06-02 00:00:00","No añadir mayonesa.","157","1","3826"
"4542",True,"2025-06-02 00:00:00","","91","1","3826"
"4543",True,"2024-08-10 21:32:32.220977","No incluir pan.","155","1","3827"
"4544",True,"2023-07-07 22:46:33.38189","Poco picante.","135","1","3828"
"4545",True,"2023-07-29 15:08:10.463764","Poco picante.","224","1","3829"
"4546",True,"2024-12-13 13:02:19.125808","","122","1","3830"
"4547",True,"2024-02-16 13:31:33.585401","Con limón aparte.","84","1","3831"
"4548",True,"2023-12-22 14:05:18.34301","Sin cebolla, por favor.","107","1","3832"
"4549",True,"2024-03-01 14:40:14.436605","Usar queso sin lactosa.","81","1","3833"
"4550",True,"2024-08-30 15:32:51.050041","Con limón aparte.","102","1","3834"
"4551",True,"2024-01-05 21:22:31.700841","Sin cebolla, por favor.","160","1","3835"
"4552",True,"2024-11-29 20:20:39.728457","Sin aderezo.","207","1","3836"
"4553",True,"2025-06-02 00:00:00","Dividir el plato.","200","1","3837"
"4554",True,"2025-06-02 00:00:00","Con limón aparte.","153","1","3838"
"4555",True,"2023-06-30 16:03:29.729695","Servir en dos platos.","286","1","3839"
"4556",True,"2023-11-01 14:19:36.943615","Poco picante.","60","1","3840"
"4557",True,"2024-07-14 12:46:13.649937","Con limón aparte.","210","1","3841"
"4558",True,"2024-09-06 14:14:13.770906","Plato para compartir.","248","1","3842"
"4559",True,"2023-10-06 13:25:06.431465","Usar queso sin lactosa.","229","1","3843"
"4560",True,"2024-08-21 12:59:13.953603","Cocinar bien la carne.","227","1","3844"
"4561",True,"2023-07-28 13:58:41.231683","Preparar como la vez pasada.","80","1","3845"
"4562",True,"2025-04-16 21:06:37.247304","Plato para compartir.","76","1","3846"
"4563",True,"2025-06-02 00:00:00","Con limón aparte.","372","1","3847"
"4564",True,"2025-06-02 00:00:00","Sin cebolla, por favor.","273","1","3847"
"4565",True,"2025-03-26 20:55:20.080261","","44","1","3848"
"4566",True,"2025-03-14 22:13:34.246258","Dividir el plato.","149","1","3849"
"4567",True,"2024-05-29 12:17:49.972591","Entrega rápida.","100","1","3850"
"4568",True,"2024-05-29 13:52:04.956976","No añadir mayonesa.","296","1","3850"
"4569",True,"2024-03-17 20:23:27.949492","No incluir pan.","168","1","3851"
"4570",True,"2024-09-22 22:01:52.978457","Sin aderezo.","190","1","3852"
"4571",True,"2024-12-20 21:35:16.914591","Cocinar bien la carne.","86","1","3853"
"4572",True,"2025-02-14 22:09:11.176287","No añadir mayonesa.","316","1","3854"
"4573",True,"2024-01-12 22:42:52.185689","Servir bien caliente.","164","1","3855"
"4574",True,"2023-10-28 20:41:18.450552","Servir bien caliente.","224","1","3856"
"4575",True,"2023-11-03 21:26:53.514993","Dividir el plato.","200","1","3857"
"4576",True,"2024-01-05 13:48:49.037032","Dividir el plato.","251","1","3858"
"4577",True,"2023-07-14 15:49:10.808949","Servir bien caliente.","265","1","3859"
"4578",True,"2024-02-02 20:43:51.843172","Sin cebolla, por favor.","375","1","3860"
"4579",True,"2024-07-16 21:53:58.959871","Servir bien caliente.","225","1","3861"
"4580",True,"2024-07-25 20:30:51.074143","No incluir pan.","144","1","3862"
"4581",True,"2025-03-28 13:32:16.419328","Preparar como la vez pasada.","216","1","3863"
"4582",True,"2024-04-26 23:43:44.768395","Sin aderezo.","192","1","3864"
"4583",True,"2024-07-13 22:23:45.863535","Agregar cubiertos adicionales.","111","1","3865"
"4584",True,"2024-12-28 14:32:17.782691","Usar queso sin lactosa.","311","1","3866"
"4585",True,"2024-12-28 15:26:58.714744","Preparar como la vez pasada.","43","1","3866"
"4586",True,"2023-07-10 22:28:47.343718","Servir bien caliente.","96","1","3867"
"4587",True,"2024-08-02 13:13:52.458822","Con limón aparte.","81","1","3868"
"4588",True,"2023-06-06 14:38:03.225022","Cocinar bien la carne.","140","1","3869"
"4589",True,"2024-12-29 12:35:48.363977","Con limón aparte.","146","1","3870"
"4590",True,"2024-02-23 21:19:05.634936","Usar queso sin lactosa.","173","1","3871"
"4591",True,"2024-11-01 22:22:29.150946","Servir en dos platos.","46","1","3872"
"4592",True,"2025-03-07 16:03:58.952307","Usar queso sin lactosa.","133","1","3873"
"4593",True,"2025-03-07 15:39:21.215544","Servir en dos platos.","149","1","3873"
"4594",True,"2023-09-15 13:06:54.079356","Poco picante.","203","1","3874"
"4595",True,"2024-08-02 22:40:24.504993","No incluir pan.","13","1","3875"
"4596",True,"2024-07-22 13:31:01.713107","Servir bien caliente.","162","1","3876"
"4597",True,"2023-10-27 12:56:12.420557","Sin aderezo.","126","1","3877"
"4598",True,"2024-01-26 13:12:14.15012","Sin cebolla, por favor.","228","1","3878"
"4599",True,"2024-09-27 12:47:19.441037","Con limón aparte.","165","1","3879"
"4600",True,"2023-07-28 14:58:27.629206","Entrega rápida.","78","1","3880"
"4601",True,"2023-12-01 15:13:22.851143","Agregar salsa extra.","78","1","3881"
"4602",True,"2025-06-02 00:00:00","Dividir el plato.","112","1","3882"
"4603",True,"2025-06-02 00:00:00","","158","1","3882"
"4604",True,"2025-04-25 22:13:51.449527","Usar queso sin lactosa.","110","1","3883"
"4605",True,"2025-04-25 21:52:53.95117","Servir bien caliente.","63","1","3883"
"4606",True,"2025-05-15 14:13:12.239858","Plato para compartir.","191","1","3884"
"4607",True,"2024-12-20 15:27:40.845021","Servir bien caliente.","211","1","3885"
"4608",True,"2025-01-20 13:14:31.603054","Servir bien caliente.","157","1","3886"
"4609",True,"2024-07-29 14:14:34.482301","Servir en dos platos.","217","1","3887"
"4610",True,"2025-01-17 20:30:44.237271","Sin aderezo.","137","1","3888"
"4611",True,"2025-05-30 13:11:27.827068","Evitar ingredientes crudos.","37","1","3889"
"4612",True,"2025-05-23 22:00:14.040602","Servir en dos platos.","173","1","3890"
"4613",True,"2024-12-13 19:37:46.508879","Sin aderezo.","258","1","3891"
"4614",True,"2024-09-12 21:49:46.833363","No incluir pan.","120","1","3892"
"4615",True,"2024-07-19 20:50:53.449327","Entrega rápida.","188","1","3893"
"4616",True,"2023-10-20 21:34:41.783247","Dividir el plato.","217","1","3894"
"4617",True,"2023-10-20 21:57:49.211454","Sin aderezo.","239","1","3894"
"4618",True,"2024-12-13 13:03:19.904268","Cocinar bien la carne.","345","1","3895"
"4619",True,"2024-07-12 13:43:31.821915","Preparar como la vez pasada.","358","1","3896"
"4620",True,"2024-04-19 14:14:49.069752","Usar queso sin lactosa.","116","1","3897"
"4621",True,"2024-10-04 16:18:44.843859","","88","1","3898"
"4622",True,"2025-05-30 13:03:33.406934","Dividir el plato.","80","1","3899"
"4623",True,"2023-10-20 16:37:45.492906","","240","1","3900"
"4624",True,"2024-02-03 15:40:31.226329","Poco picante.","224","1","3901"
"4625",True,"2024-03-18 14:06:42.518843","Agregar salsa extra.","190","1","3902"
"4626",True,"2024-08-22 20:40:21.19738","Con limón aparte.","122","1","3903"
"4627",True,"2025-05-28 15:14:39.944965","Sin aderezo.","172","1","3904"
"4628",True,"2024-11-08 21:49:18.082814","Agregar salsa extra.","65","1","3905"
"4629",True,"2024-11-15 22:13:51.552249","No incluir pan.","155","1","3906"
"4630",True,"2025-04-04 20:23:23.298581","Sin aderezo.","233","1","3907"
"4631",True,"2025-06-02 00:00:00","Cocinar bien la carne.","85","1","3908"
"4632",True,"2025-06-02 00:00:00","Servir en dos platos.","80","1","3908"
"4633",True,"2024-05-24 22:55:37.716147","Preparar como la vez pasada.","267","1","3909"
"4634",True,"2025-01-03 20:51:49.634437","Servir en dos platos.","164","1","3910"
"4635",True,"2024-11-01 13:55:02.349934","Usar queso sin lactosa.","242","1","3911"
"4636",True,"2025-01-17 14:49:46.323406","Sin cebolla, por favor.","219","1","3912"
"4637",True,"2025-06-02 00:00:00","Sin aderezo.","67","1","3913"
"4638",True,"2025-06-02 00:00:00","Preparar como la vez pasada.","72","1","3913"
"4639",True,"2025-01-17 14:33:56.300303","Sin aderezo.","144","1","3914"
"4640",True,"2024-07-25 20:02:05.318897","Servir en dos platos.","141","1","3915"
"4641",True,"2023-07-07 21:26:06.483821","Sin aderezo.","74","1","3916"
"4642",True,"2023-07-07 21:03:27.217645","Plato para compartir.","107","1","3916"
"4643",True,"2024-08-04 21:08:05.276589","No incluir pan.","144","1","3917"
"4644",True,"2025-05-02 21:05:17.894186","Entrega rápida.","151","1","3918"
"4645",True,"2024-05-28 20:34:37.216622","No añadir mayonesa.","215","1","3919"
"4646",True,"2024-05-28 20:51:05.811395","Evitar ingredientes crudos.","147","1","3919"
"4647",True,"2023-12-06 15:34:55.914035","Agregar cubiertos adicionales.","134","1","3920"
"4648",True,"2023-08-18 14:29:14.432875","No incluir pan.","420","1","3921"
"4649",True,"2023-08-14 22:53:50.171159","Evitar ingredientes crudos.","213","1","3922"
"4650",True,"2023-08-14 21:59:42.409646","Evitar ingredientes crudos.","232","1","3922"
"4651",True,"2025-06-02 00:00:00","Servir en dos platos.","155","1","3923"
"4652",True,"2023-09-04 13:06:24.777885","No añadir mayonesa.","196","1","3924"
"4653",True,"2024-09-06 19:35:05.973172","Con limón aparte.","259","1","3925"
"4654",True,"2023-12-07 21:29:14.789542","Preparar como la vez pasada.","50","1","3926"
"4655",True,"2025-06-02 00:00:00","No incluir pan.","188","1","3927"
"4656",True,"2023-10-13 13:06:38.122661","Entrega rápida.","147","1","3928"
"4657",True,"2023-07-14 14:15:43.107526","No añadir mayonesa.","188","1","3929"
"4658",True,"2023-10-20 15:35:42.206759","Con limón aparte.","240","1","3930"
"4659",True,"2023-10-13 12:45:24.17829","Evitar ingredientes crudos.","327","1","3931"
"4660",True,"2024-12-20 20:50:09.780818","Sin aderezo.","226","1","3932"
"4661",True,"2024-01-12 14:36:25.409829","Dividir el plato.","146","1","3933"
"4662",True,"2025-02-21 13:05:08.236131","Servir bien caliente.","177","1","3934"
"4663",True,"2023-09-29 22:56:12.745117","Servir en dos platos.","273","1","3935"
"4664",True,"2023-09-29 21:57:38.572049","Sin cebolla, por favor.","65","1","3935"
"4665",True,"2024-01-19 22:59:41.777877","Plato para compartir.","80","1","3936"
"4666",True,"2024-01-19 22:56:27.671122","Agregar cubiertos adicionales.","80","1","3936"
"4667",True,"2024-12-16 22:34:50.643782","No añadir mayonesa.","249","1","3937"
"4668",True,"2024-12-08 15:34:45.356328","Agregar cubiertos adicionales.","218","1","3938"
"4669",True,"2023-10-27 15:04:34.444697","Con limón aparte.","359","1","3939"
"4670",True,"2025-06-02 00:00:00","Servir bien caliente.","286","1","3940"
"4671",True,"2023-07-27 13:34:14.577815","","112","1","3941"
"4672",True,"2025-05-05 21:49:49.496724","Cocinar bien la carne.","105","1","3942"
"4673",True,"2024-03-01 13:02:20.655154","Preparar como la vez pasada.","255","1","3943"
"4674",True,"2024-09-13 20:37:01.362469","Poco picante.","293","1","3944"
"4675",True,"2023-07-18 19:58:17.809526","No incluir pan.","118","1","3945"
"4676",True,"2024-07-20 13:29:33.172323","Entrega rápida.","252","1","3946"
"4677",True,"2024-12-03 14:29:32.957078","Preparar como la vez pasada.","237","1","3947"
"4678",True,"2024-07-26 14:25:03.546914","Dividir el plato.","285","1","3948"
"4679",True,"2023-08-01 20:12:14.974923","","203","1","3949"
"4680",True,"2024-07-21 15:23:49.263297","Dividir el plato.","114","1","3950"
"4681",True,"2024-09-20 21:19:01.536076","Servir en dos platos.","270","1","3951"
"4682",True,"2025-02-06 15:16:41.967266","Usar queso sin lactosa.","154","1","3952"
"4683",True,"2024-09-20 22:02:08.668726","Servir en dos platos.","227","1","3953"
"4684",True,"2024-09-20 21:42:25.090959","Servir bien caliente.","241","1","3953"
"4685",True,"2024-12-22 14:38:20.655685","Cocinar bien la carne.","186","1","3954"
"4686",True,"2024-08-29 14:46:42.94611","Con limón aparte.","254","1","3955"
"4687",True,"2023-11-24 19:28:54.423524","No añadir mayonesa.","347","1","3956"
"4688",True,"2023-11-10 22:19:37.221085","Dividir el plato.","277","1","3957"
"4689",True,"2024-01-05 21:56:00.478208","Agregar cubiertos adicionales.","366","1","3958"
"4690",True,"2025-03-21 13:33:10.432896","Plato para compartir.","134","1","3959"
"4691",True,"2024-07-17 13:46:37.561944","Sin aderezo.","229","1","3960"
"4692",True,"2025-03-25 22:03:37.102092","Cocinar bien la carne.","137","1","3961"
"4693",True,"2024-12-27 19:08:15.739643","Agregar cubiertos adicionales.","219","1","3962"
"4694",True,"2024-03-04 22:01:34.919425","Con limón aparte.","42","1","3963"
"4695",True,"2024-01-05 17:29:25.535427","Entrega rápida.","84","1","3964"
"4696",True,"2023-08-04 23:06:31.84526","Poco picante.","283","1","3965"
"4697",True,"2023-10-20 21:27:37.295785","Sin cebolla, por favor.","89","1","3966"
"4698",True,"2023-10-20 20:43:03.563086","Evitar ingredientes crudos.","159","1","3966"
"4699",True,"2023-10-20 21:53:00.972946","Agregar cubiertos adicionales.","194","1","3966"
"4700",True,"2025-03-28 14:36:15.890838","Preparar como la vez pasada.","167","1","3967"
"4701",True,"2025-03-28 16:50:42.945056","Entrega rápida.","60","1","3967"
"4702",True,"2025-04-18 22:37:30.164375","No incluir pan.","289","1","3968"
"4703",True,"2023-12-20 20:31:39.114292","Sin cebolla, por favor.","48","1","3969"
"4704",True,"2024-08-27 19:32:00.363997","Servir bien caliente.","126","1","3970"
"4705",True,"2024-07-05 22:09:55.986786","Cocinar bien la carne.","70","1","3971"
"4706",True,"2024-12-25 16:20:02.742611","Dividir el plato.","273","1","3972"
"4707",True,"2023-10-27 14:51:40.368482","Servir bien caliente.","39","1","3973"
"4708",True,"2023-12-21 19:32:13.240668","Preparar como la vez pasada.","235","1","3974"
"4709",True,"2023-10-24 20:23:24.135919","Sin aderezo.","352","1","3975"
"4710",True,"2025-06-02 00:00:00","Agregar cubiertos adicionales.","88","1","3976"
"4711",True,"2025-04-28 14:15:52.0642","Usar queso sin lactosa.","89","1","3977"
"4712",True,"2025-04-28 15:12:28.993099","Preparar como la vez pasada.","113","1","3977"
"4713",True,"2023-11-10 14:17:21.720701","Evitar ingredientes crudos.","216","1","3978"
"4714",True,"2025-06-02 00:00:00","Sin aderezo.","237","1","3979"
"4715",True,"2024-12-02 14:18:07.920998","Con limón aparte.","58","1","3980"
"4716",True,"2024-08-24 14:59:11.275822","Dividir el plato.","142","1","3981"
"4717",True,"2025-02-05 23:12:18.954911","Evitar ingredientes crudos.","91","1","3982"
"4718",True,"2025-02-05 22:13:11.846553","Sin aderezo.","107","1","3982"
"4719",True,"2025-02-05 23:03:57.6927","No incluir pan.","208","1","3982"
"4720",True,"2025-05-30 12:59:44.312246","Servir en dos platos.","302","1","3983"
"4721",True,"2023-07-17 12:21:44.909728","Poco picante.","198","1","3984"
"4722",True,"2024-08-27 22:37:58.855138","Usar queso sin lactosa.","376","1","3985"
"4723",True,"2024-08-27 20:04:20.704653","Agregar cubiertos adicionales.","249","1","3986"
"4724",True,"2024-12-10 19:37:26.948204","No añadir mayonesa.","98","1","3987"
"4725",True,"2025-02-14 13:46:42.920976","Poco picante.","361","1","3988"
"4726",True,"2024-06-28 13:08:28.85887","Dividir el plato.","32","1","3989"
"4727",True,"2024-06-28 14:34:50.519242","","174","1","3989"
"4728",True,"2025-05-16 21:02:28.39728","Preparar como la vez pasada.","210","1","3990"
"4729",True,"2024-08-09 19:37:26.525733","Sin aderezo.","153","1","3991"
"4730",True,"2023-08-11 23:05:47.379517","Agregar salsa extra.","216","1","3992"
"4731",True,"2024-01-26 15:58:04.080507","No añadir mayonesa.","276","1","3993"
"4732",True,"2023-08-28 13:09:07.09678","Con limón aparte.","146","1","3994"
"4733",True,"2025-02-12 12:52:30.388258","Agregar salsa extra.","141","1","3995"
"4734",True,"2024-12-27 21:51:37.056836","","168","1","3996"
"4735",True,"2024-12-27 21:59:15.524204","Entrega rápida.","158","1","3996"
"4736",True,"2024-05-24 22:15:19.190152","Plato para compartir.","173","1","3997"
"4737",True,"2024-05-24 21:56:49.787298","Agregar cubiertos adicionales.","136","1","3997"
"4738",True,"2024-01-05 21:39:12.79972","Servir bien caliente.","234","1","3998"
"4739",True,"2024-01-05 23:19:21.078381","Entrega rápida.","269","1","3998"
"4740",True,"2024-09-20 13:01:35.369067","Agregar salsa extra.","69","1","3999"
"4741",True,"2024-08-19 14:42:13.207413","No incluir pan.","90","1","4000"
"4742",True,"2023-06-30 20:27:40.588456","Servir en dos platos.","222","1","4001"
"4743",True,"2025-05-02 12:51:44.757024","Plato para compartir.","192","1","4002"
"4744",True,"2023-07-21 19:40:51.73119","Agregar salsa extra.","274","1","4003"
"4745",True,"2023-10-13 15:47:48.300637","Preparar como la vez pasada.","260","1","4004"
"4746",True,"2024-12-19 15:47:29.730357","Plato para compartir.","224","1","4005"
"4747",True,"2023-11-03 15:01:54.817487","Servir en dos platos.","229","1","4006"
"4748",True,"2023-09-22 21:58:40.817909","","305","1","4007"
"4749",True,"2025-01-03 23:40:14.158867","Sin aderezo.","193","1","4008"
"4750",True,"2025-02-28 14:41:51.517055","Preparar como la vez pasada.","301","1","4009"
"4751",True,"2024-08-16 20:18:50.3449","Agregar cubiertos adicionales.","105","1","4010"
"4752",True,"2024-07-12 14:52:40.831463","Dividir el plato.","227","1","4011"
"4753",True,"2024-05-31 16:16:48.696227","Plato para compartir.","48","1","4012"
"4754",True,"2024-12-13 15:52:46.444635","No añadir mayonesa.","118","1","4013"
"4755",True,"2024-11-04 21:30:46.745904","Evitar ingredientes crudos.","120","1","4014"
"4756",True,"2023-07-23 16:19:49.043152","Evitar ingredientes crudos.","182","1","4015"
"4757",True,"2024-10-25 20:14:51.821299","Dividir el plato.","55","1","4016"
"4758",True,"2024-12-18 20:57:41.482061","Servir bien caliente.","128","1","4017"
"4759",True,"2024-02-02 16:26:13.988482","Servir en dos platos.","169","1","4018"
"4760",True,"2024-05-08 14:30:28.330097","Usar queso sin lactosa.","136","1","4019"
"4761",True,"2024-03-08 15:20:36.296935","Agregar salsa extra.","257","1","4020"
"4762",True,"2024-03-08 14:43:49.028098","No incluir pan.","85","1","4020"
"4763",True,"2024-08-19 21:17:21.716494","Evitar ingredientes crudos.","90","1","4021"
"4764",True,"2023-06-30 19:24:09.190302","Agregar salsa extra.","284","1","4022"
"4765",True,"2024-02-02 14:05:41.288414","Dividir el plato.","161","1","4023"
"4766",True,"2023-12-22 23:48:12.421901","Agregar cubiertos adicionales.","346","1","4024"
"4767",True,"2024-10-29 14:02:52.253499","Agregar salsa extra.","213","1","4025"
"4768",True,"2024-04-05 15:10:40.069368","Cocinar bien la carne.","88","1","4026"
"4769",True,"2024-03-25 15:04:25.298366","Agregar cubiertos adicionales.","239","1","4027"
"4770",True,"2025-06-02 00:00:00","Preparar como la vez pasada.","95","1","4028"
"4771",True,"2025-06-02 00:00:00","Evitar ingredientes crudos.","240","1","4029"
"4772",True,"2025-06-02 00:00:00","Preparar como la vez pasada.","76","1","4029"
"4773",True,"2023-10-06 14:15:33.62858","Evitar ingredientes crudos.","198","1","4030"
"4774",True,"2024-03-24 17:23:44.593612","Sin cebolla, por favor.","206","1","4031"
"4775",True,"2025-04-18 21:54:39.276745","Preparar como la vez pasada.","86","1","4032"
"4776",True,"2024-12-20 14:08:26.696733","Cocinar bien la carne.","119","1","4033"
"4777",True,"2025-04-04 22:15:50.295026","Poco picante.","291","1","4034"
"4778",True,"2024-08-23 19:59:29.680966","Plato para compartir.","248","1","4035"
"4779",True,"2025-03-21 14:59:28.813737","No incluir pan.","204","1","4036"
"4780",True,"2024-03-22 20:04:49.582967","No añadir mayonesa.","52","1","4037"
"4781",True,"2024-07-07 13:23:20.719217","","91","1","4038"
"4782",True,"2024-07-30 21:38:12.978995","Sin aderezo.","203","1","4039"
"4783",True,"2023-07-07 13:23:05.715582","No añadir mayonesa.","168","1","4040"
"4784",True,"2024-02-09 14:44:55.239927","Servir en dos platos.","184","1","4041"
"4785",True,"2024-02-04 13:11:02.582712","Dividir el plato.","320","1","4042"
"4786",True,"2024-07-19 14:55:47.275165","No añadir mayonesa.","178","1","4043"
"4787",True,"2024-05-31 14:41:16.084196","Sin aderezo.","149","1","4044"
"4788",True,"2024-05-24 13:31:29.42026","Sin aderezo.","65","1","4045"
"4789",True,"2025-03-28 13:27:58.45499","Preparar como la vez pasada.","52","1","4046"
"4790",True,"2024-12-10 23:18:22.204413","Poco picante.","122","1","4047"
"4791",True,"2023-08-11 13:57:21.938207","Poco picante.","262","1","4048"
"4792",True,"2025-02-05 14:08:25.652653","Preparar como la vez pasada.","137","1","4049"
"4793",True,"2025-02-05 14:49:53.71833","Preparar como la vez pasada.","248","1","4049"
"4794",True,"2025-02-05 14:26:11.428646","","289","1","4049"
"4795",True,"2025-02-14 22:29:47.243253","Agregar cubiertos adicionales.","343","1","4050"
"4796",True,"2025-02-14 23:08:59.317497","","210","1","4050"
"4797",True,"2024-08-16 14:50:04.535315","Agregar salsa extra.","193","1","4051"
"4798",True,"2023-12-02 20:46:26.523045","Evitar ingredientes crudos.","237","1","4052"
"4799",True,"2025-04-24 15:18:38.644707","Cocinar bien la carne.","150","1","4053"
"4800",True,"2023-10-07 22:08:47.549872","Agregar cubiertos adicionales.","77","1","4054"
"4801",True,"2023-11-24 22:56:29.355142","Usar queso sin lactosa.","306","1","4055"
"4802",True,"2024-07-17 22:51:40.012917","Con limón aparte.","282","1","4056"
"4803",True,"2023-12-12 14:32:50.75448","No incluir pan.","340","1","4057"
"4804",True,"2023-07-26 22:10:49.20636","Sin aderezo.","207","1","4058"
"4805",True,"2023-08-04 14:35:21.454258","Cocinar bien la carne.","157","1","4059"
"4806",True,"2023-06-16 16:09:35.697533","Con limón aparte.","288","1","4060"
"4807",True,"2025-01-20 22:16:53.216237","No incluir pan.","148","1","4061"
"4808",True,"2023-12-29 12:52:42.926149","Dividir el plato.","75","1","4062"
"4809",True,"2025-05-21 14:17:59.521455","Entrega rápida.","126","1","4063"
"4810",True,"2025-05-21 15:52:18.431112","No incluir pan.","62","1","4063"
"4811",True,"2024-05-31 13:17:21.598789","Evitar ingredientes crudos.","171","1","4064"
"4812",True,"2024-05-31 12:40:28.645087","No incluir pan.","148","1","4064"
"4813",True,"2024-08-19 13:20:19.20594","Cocinar bien la carne.","183","1","4065"
"4814",True,"2024-08-19 14:53:03.219746","Con limón aparte.","246","1","4065"
"4815",True,"2025-01-17 22:13:15.915445","Servir bien caliente.","108","1","4066"
"4816",True,"2025-01-17 21:59:57.594975","Preparar como la vez pasada.","150","1","4066"
"4817",True,"2023-10-22 22:27:07.007569","Sin aderezo.","284","1","4067"
"4818",True,"2025-06-02 00:00:00","Cocinar bien la carne.","338","1","4068"
"4819",True,"2024-03-22 13:48:53.045096","Usar queso sin lactosa.","76","1","4069"
"4820",True,"2024-12-19 13:18:29.876966","Agregar salsa extra.","140","1","4070"
"4821",True,"2024-12-19 12:15:19.067758","Sin aderezo.","288","1","4070"
"4822",True,"2024-04-19 15:47:22.351807","Preparar como la vez pasada.","179","1","4071"
"4823",True,"2025-06-02 00:00:00","Sin cebolla, por favor.","120","1","4072"
"4824",True,"2024-08-10 14:42:57.594533","Plato para compartir.","203","1","4073"
"4825",True,"2025-06-02 00:00:00","Agregar cubiertos adicionales.","177","1","4074"
"4826",True,"2025-06-02 00:00:00","Cocinar bien la carne.","90","1","4074"
"4827",True,"2024-07-13 14:59:01.619142","Preparar como la vez pasada.","284","1","4075"
"4828",True,"2024-12-13 15:03:06.674877","Cocinar bien la carne.","114","1","4076"
"4829",True,"2023-07-16 22:02:36.357126","Dividir el plato.","245","1","4077"
"4830",True,"2025-03-23 15:57:22.497081","Entrega rápida.","126","1","4078"
"4831",True,"2024-12-19 21:29:55.367024","Entrega rápida.","133","1","4079"
"4832",True,"2024-12-19 22:10:47.710298","No añadir mayonesa.","138","1","4079"
"4833",True,"2024-08-19 17:10:11.33265","Poco picante.","232","1","4080"
"4834",True,"2023-08-11 21:16:04.931171","Sin cebolla, por favor.","200","1","4081"
"4835",True,"2023-08-10 13:36:17.979444","Servir bien caliente.","216","1","4082"
"4836",True,"2024-06-03 20:57:03.078525","Con limón aparte.","113","1","4083"
"4837",True,"2025-05-30 15:18:47.893924","Servir en dos platos.","120","1","4084"
"4838",True,"2025-05-30 13:53:52.85304","Entrega rápida.","189","1","4084"
"4839",True,"2025-05-30 15:13:40.694692","Usar queso sin lactosa.","165","1","4084"
"4840",True,"2025-06-02 00:00:00","Agregar cubiertos adicionales.","183","1","4085"
"4841",True,"2024-10-05 22:47:14.64892","Agregar cubiertos adicionales.","55","1","4086"
"4842",True,"2023-07-21 20:17:31.042767","Servir en dos platos.","327","1","4087"
"4843",True,"2024-12-13 20:12:41.309491","","141","1","4088"
"4844",True,"2024-04-15 20:36:21.455948","","63","1","4089"
"4845",True,"2025-06-02 00:00:00","Poco picante.","216","1","4090"
"4846",True,"2024-12-13 22:39:53.886185","Cocinar bien la carne.","217","1","4091"
"4847",True,"2023-07-23 13:26:53.328524","Usar queso sin lactosa.","43","1","4092"
"4848",True,"2025-05-09 21:53:33.069825","","150","1","4093"
"4849",True,"2024-01-05 23:24:08.37534","No incluir pan.","94","1","4094"
"4850",True,"2025-01-17 20:29:13.528678","Servir bien caliente.","181","1","4095"
"4851",True,"2025-06-02 00:00:00","","277","1","4096"
"4852",True,"2024-07-28 21:53:09.396021","","148","1","4097"
"4853",True,"2024-09-27 21:59:16.509994","Evitar ingredientes crudos.","273","1","4098"
"4854",True,"2023-08-22 21:41:52.387204","Cocinar bien la carne.","343","1","4099"
"4855",True,"2023-11-24 23:01:05.453735","Cocinar bien la carne.","230","1","4100"
"4856",True,"2023-11-24 22:03:54.54409","","134","1","4100"
"4857",True,"2024-03-06 15:35:44.841615","Poco picante.","334","1","4101"
"4858",True,"2025-02-27 13:40:30.68484","Entrega rápida.","53","1","4102"
"4859",True,"2025-05-14 20:56:05.516171","Agregar salsa extra.","274","1","4103"
"4860",True,"2024-03-08 14:08:05.532371","No añadir mayonesa.","103","1","4104"
"4861",True,"2025-06-02 00:00:00","Dividir el plato.","82","1","4105"
"4862",True,"2023-08-12 14:37:14.928424","Sin cebolla, por favor.","136","1","4106"
"4863",True,"2024-02-09 15:14:55.23593","Evitar ingredientes crudos.","110","1","4107"
"4864",True,"2024-02-09 15:35:40.845149","Servir bien caliente.","46","1","4107"
"4865",True,"2024-02-09 13:14:43.483143","Poco picante.","140","1","4107"
"4866",True,"2025-05-02 21:48:02.282526","","247","1","4108"
"4867",True,"2023-10-06 19:27:07.071334","Dividir el plato.","224","1","4109"
"4868",True,"2023-10-06 19:51:25.511238","Agregar salsa extra.","275","1","4109"
"4869",True,"2024-02-09 19:53:35.227946","Usar queso sin lactosa.","260","1","4110"
"4870",True,"2023-06-09 23:19:17.879688","Servir bien caliente.","139","1","4111"
"4871",True,"2024-06-21 15:25:11.581671","Cocinar bien la carne.","88","1","4112"
"4872",True,"2024-11-29 23:29:44.14558","Entrega rápida.","172","1","4113"
"4873",True,"2024-10-18 14:57:20.96148","Dividir el plato.","110","1","4114"
"4874",True,"2023-10-20 14:46:34.09766","Agregar cubiertos adicionales.","84","1","4115"
"4875",True,"2025-04-04 12:56:14.719903","Servir bien caliente.","91","1","4116"
"4876",True,"2025-03-05 15:13:57.237346","Poco picante.","183","1","4117"
"4877",True,"2025-06-02 00:00:00","Agregar cubiertos adicionales.","342","1","4118"
"4878",True,"2025-06-02 00:00:00","Servir en dos platos.","252","1","4118"
"4879",True,"2025-06-02 00:00:00","Servir en dos platos.","83","1","4118"
"4880",True,"2024-07-05 13:32:45.099003","Poco picante.","138","1","4119"
"4881",True,"2025-06-02 00:00:00","Evitar ingredientes crudos.","186","1","4120"
"4882",True,"2024-07-19 20:40:13.28089","Servir bien caliente.","134","1","4121"
"4883",True,"2024-07-19 21:39:49.031488","No incluir pan.","402","1","4121"
"4884",True,"2024-07-19 21:52:04.092351","No añadir mayonesa.","232","1","4121"
"4885",True,"2023-08-18 13:11:52.988184","No incluir pan.","388","1","4122"
"4886",True,"2024-08-23 13:30:14.951784","","268","1","4123"
"4887",True,"2024-12-01 13:18:26.320939","Servir en dos platos.","141","1","4124"
"4888",True,"2024-12-01 14:22:18.7597","Servir en dos platos.","147","1","4124"
"4889",True,"2023-08-03 14:57:45.45284","Servir en dos platos.","208","1","4125"
"4890",True,"2024-12-13 19:32:22.423229","Servir en dos platos.","150","1","4126"
"4891",True,"2025-02-21 22:41:15.24838","","190","1","4127"
"4892",True,"2024-07-12 13:14:08.933","Cocinar bien la carne.","170","1","4128"
"4893",True,"2023-07-01 21:49:03.574667","Sin cebolla, por favor.","141","1","4129"
"4894",True,"2025-01-03 21:04:56.569602","Con limón aparte.","139","1","4130"
"4895",True,"2023-08-05 20:21:29.620766","Servir en dos platos.","266","1","4131"
"4896",True,"2023-08-05 20:32:26.548212","Plato para compartir.","72","1","4131"
"4897",True,"2024-06-14 19:55:44.748628","Servir bien caliente.","41","1","4132"
"4898",True,"2023-08-20 21:47:36.001625","Sin aderezo.","97","1","4133"
"4899",True,"2024-11-08 22:51:22.034372","Agregar cubiertos adicionales.","122","1","4134"
"4900",True,"2023-08-04 14:04:58.675137","","189","1","4135"
"4901",True,"2025-06-02 00:00:00","Usar queso sin lactosa.","81","1","4136"
"4902",True,"2025-06-02 00:00:00","","258","1","4136"
"4903",True,"2024-08-30 14:40:35.511407","Cocinar bien la carne.","227","1","4137"
"4904",True,"2023-07-14 20:11:50.458291","Servir bien caliente.","125","1","4138"
"4905",True,"2023-07-14 20:26:06.989542","Entrega rápida.","124","1","4138"
"4906",True,"2023-07-14 14:08:33.471503","Sin aderezo.","71","1","4139"
"4907",True,"2024-08-06 22:19:55.92257","Con limón aparte.","47","1","4140"
"4908",True,"2025-03-14 20:23:36.897912","Cocinar bien la carne.","341","1","4141"
"4909",True,"2023-11-27 22:25:37.428915","Sin aderezo.","232","1","4142"
"4910",True,"2025-06-02 00:00:00","No incluir pan.","144","1","4143"
"4911",True,"2023-12-19 15:56:54.142263","Dividir el plato.","243","1","4144"
"4912",True,"2024-12-16 21:15:52.370744","No añadir mayonesa.","195","1","4145"
"4913",True,"2024-12-19 19:25:12.114565","Servir bien caliente.","77","1","4146"
"4914",True,"2024-05-08 15:07:44.78031","Evitar ingredientes crudos.","245","1","4147"
"4915",True,"2023-07-29 14:25:23.139104","Usar queso sin lactosa.","112","1","4148"
"4916",True,"2023-09-08 15:38:37.404769","Usar queso sin lactosa.","246","1","4149"
"4917",True,"2023-11-24 19:53:17.902783","Cocinar bien la carne.","101","1","4150"
"4918",True,"2024-03-15 22:30:35.462114","Poco picante.","178","1","4151"
"4919",True,"2024-03-05 12:38:06.276177","Servir en dos platos.","72","1","4152"
"4920",True,"2025-01-03 16:23:55.436592","","357","1","4153"
"4921",True,"2023-12-02 19:19:31.226996","Poco picante.","133","1","4154"
"4922",True,"2025-03-07 21:10:27.550288","Con limón aparte.","43","1","4155"
"4923",True,"2025-06-02 00:00:00","Servir bien caliente.","199","1","4156"
"4924",True,"2025-03-30 19:59:07.737267","Cocinar bien la carne.","106","1","4157"
"4925",True,"2023-06-09 13:52:54.759676","Evitar ingredientes crudos.","292","1","4158"
"4926",True,"2023-06-09 12:20:51.212066","","153","1","4158"
"4927",True,"2024-03-15 22:22:32.224679","Servir en dos platos.","200","1","4159"
"4928",True,"2024-07-23 14:25:19.025539","Servir en dos platos.","177","1","4160"
"4929",True,"2024-10-04 19:40:43.316737","Agregar salsa extra.","195","1","4161"
"4930",True,"2024-08-03 22:16:27.442287","Servir en dos platos.","253","1","4162"
"4931",True,"2024-02-05 20:22:15.757853","Plato para compartir.","119","1","4163"
"4932",True,"2024-02-05 20:23:23.556479","Dividir el plato.","61","1","4163"
"4933",True,"2025-02-03 20:19:32.798674","Preparar como la vez pasada.","132","1","4164"
"4934",True,"2024-07-31 14:55:39.263642","Poco picante.","180","1","4165"
"4935",True,"2023-07-21 13:20:25.568433","Sin aderezo.","122","1","4166"
"4936",True,"2024-11-06 13:58:33.947843","Agregar salsa extra.","91","1","4167"
"4937",True,"2023-10-27 21:41:37.860265","Agregar cubiertos adicionales.","171","1","4168"
"4938",True,"2023-10-27 22:32:13.310248","Preparar como la vez pasada.","390","1","4168"
"4939",True,"2023-07-17 14:52:18.469808","Agregar salsa extra.","193","1","4169"
"4940",True,"2025-03-21 13:29:38.139509","Con limón aparte.","292","1","4170"
"4941",True,"2025-01-17 15:28:27.419129","Cocinar bien la carne.","284","1","4171"
"4942",True,"2024-04-28 15:16:12.19643","No añadir mayonesa.","132","1","4172"
"4943",True,"2023-07-07 22:16:55.419389","Preparar como la vez pasada.","161","1","4173"
"4944",True,"2024-07-05 16:51:07.695599","Sin aderezo.","86","1","4174"
"4945",True,"2025-04-25 16:10:27.772141","Dividir el plato.","220","1","4175"
"4946",True,"2023-06-28 21:15:01.230578","Evitar ingredientes crudos.","197","1","4176"
"4947",True,"2025-02-28 23:27:00.223059","Cocinar bien la carne.","314","1","4177"
"4948",True,"2023-08-24 13:33:31.719322","Evitar ingredientes crudos.","274","1","4178"
"4949",True,"2023-09-22 13:59:47.87523","Servir bien caliente.","217","1","4179"
"4950",True,"2025-02-12 15:49:47.274816","Evitar ingredientes crudos.","220","1","4180"
"4951",True,"2025-02-12 14:24:50.610844","Usar queso sin lactosa.","209","1","4180"
"4952",True,"2024-09-25 21:16:08.820082","Plato para compartir.","152","1","4181"
"4953",True,"2024-08-03 20:54:54.305415","Con limón aparte.","140","1","4182"
"4954",True,"2023-11-24 23:39:42.570372","Preparar como la vez pasada.","302","1","4183"
"4955",True,"2024-04-29 20:45:01.944955","Sin aderezo.","87","1","4184"
"4956",True,"2024-04-29 21:07:55.498603","No añadir mayonesa.","201","1","4184"
"4957",True,"2024-12-29 21:13:52.735538","Sin cebolla, por favor.","242","1","4185"
"4958",True,"2025-04-26 21:02:38.358237","Cocinar bien la carne.","71","1","4186"
"4959",True,"2024-12-08 15:38:58.709783","Poco picante.","31","1","4187"
"4960",True,"2023-10-27 21:27:33.18019","Dividir el plato.","191","1","4188"
"4961",True,"2023-10-27 20:08:37.400167","Evitar ingredientes crudos.","146","1","4188"
"4962",True,"2023-08-11 21:44:52.776533","Plato para compartir.","165","1","4189"
"4963",True,"2024-08-02 20:27:49.706678","Plato para compartir.","120","1","4190"
"4964",True,"2023-08-30 19:25:54.615386","Usar queso sin lactosa.","125","1","4191"
"4965",True,"2024-08-06 14:40:35.21561","Evitar ingredientes crudos.","64","1","4192"
"4966",True,"2024-03-22 13:28:40.903602","Cocinar bien la carne.","45","1","4193"
"4967",True,"2024-02-09 21:56:28.928403","Agregar salsa extra.","127","1","4194"
"4968",True,"2023-09-01 20:39:08.644004","Servir bien caliente.","122","1","4195"
"4969",True,"2025-06-02 00:00:00","Evitar ingredientes crudos.","273","1","4196"
"4970",True,"2025-06-02 00:00:00","Servir bien caliente.","114","1","4196"
"4971",True,"2023-07-07 20:10:14.727485","Evitar ingredientes crudos.","177","1","4197"
"4972",True,"2024-09-20 15:10:50.86491","Agregar salsa extra.","281","1","4198"
"4973",True,"2024-08-05 22:04:05.286528","Entrega rápida.","227","1","4199"
"4974",True,"2023-12-29 12:28:11.794618","Plato para compartir.","172","1","4200"
"4975",True,"2024-06-21 21:22:23.295422","Poco picante.","346","1","4201"
"4976",True,"2024-06-21 22:04:21.206604","Evitar ingredientes crudos.","82","1","4201"
"4977",True,"2023-12-29 12:25:17.164013","No añadir mayonesa.","119","1","4202"
"4978",True,"2024-09-20 12:53:28.441537","No incluir pan.","192","1","4203"
"4979",True,"2024-08-30 21:21:15.602255","Con limón aparte.","121","1","4204"
"4980",True,"2023-11-10 20:14:04.581101","Agregar cubiertos adicionales.","258","1","4205"
"4981",True,"2024-09-08 20:45:44.083298","Agregar cubiertos adicionales.","163","1","4206"
"4982",True,"2025-01-03 13:59:59.387809","Agregar cubiertos adicionales.","98","1","4207"
"4983",True,"2024-11-02 13:30:32.179001","Cocinar bien la carne.","159","1","4208"
"4984",True,"2024-11-02 13:21:19.373038","No incluir pan.","280","1","4208"
"4985",True,"2025-01-27 22:18:28.827608","Servir en dos platos.","227","1","4209"
"4986",True,"2025-03-07 22:39:35.90759","Agregar salsa extra.","156","1","4210"
"4987",True,"2025-03-07 23:07:10.103841","Agregar cubiertos adicionales.","120","1","4210"
"4988",True,"2024-04-05 13:43:36.336407","Agregar salsa extra.","132","1","4211"
"4989",True,"2023-12-24 21:03:00.853008","Entrega rápida.","276","1","4212"
"4990",True,"2023-08-11 21:31:59.912773","Plato para compartir.","294","1","4213"
"4991",True,"2024-12-21 22:43:10.054292","Sin cebolla, por favor.","40","1","4214"
"4992",True,"2023-10-11 13:43:57.590513","No añadir mayonesa.","188","1","4215"
"4993",True,"2025-06-02 00:00:00","Servir en dos platos.","120","1","4216"
"4994",True,"2023-06-14 14:43:17.946895","Entrega rápida.","258","1","4217"
"4995",True,"2024-04-28 15:40:11.470824","Con limón aparte.","214","1","4218"
"4996",True,"2024-12-28 22:28:00.031335","Sin cebolla, por favor.","298","1","4219"
"4997",True,"2024-08-08 20:29:23.452365","Servir bien caliente.","135","1","4220"
"4998",True,"2024-06-09 13:11:07.273896","Usar queso sin lactosa.","202","1","4221"
"4999",True,"2023-07-21 21:51:58.172228","Usar queso sin lactosa.","130","1","4222"
"5000",True,"2024-04-19 13:05:39.902287","Servir en dos platos.","106","1","4223"
"5001",True,"2024-04-19 13:12:32.094672","Evitar ingredientes crudos.","113","1","4223"
"5002",True,"2024-02-24 20:34:56.97195","Evitar ingredientes crudos.","169","1","4224"
"5003",True,"2024-02-24 20:22:32.463507","Entrega rápida.","85","1","4224"
"5004",True,"2023-08-24 21:29:38.649954","Evitar ingredientes crudos.","88","1","4225"
"5005",True,"2023-08-24 21:29:44.472007","Evitar ingredientes crudos.","72","1","4225"
"5006",True,"2024-12-24 21:24:59.804792","Sin aderezo.","221","1","4226"
"5007",True,"2023-12-22 13:10:49.359365","Agregar cubiertos adicionales.","158","1","4227"
"5008",True,"2024-07-05 13:22:37.664516","","60","1","4228"
"5009",True,"2024-07-05 13:28:23.866615","Dividir el plato.","224","1","4228"
"5010",True,"2024-07-05 13:19:38.052423","Entrega rápida.","61","1","4228"
"5011",True,"2024-08-09 12:32:53.327926","Usar queso sin lactosa.","161","1","4229"
"5012",True,"2024-07-05 21:34:25.206722","Cocinar bien la carne.","154","1","4230"
"5013",True,"2024-07-05 21:37:08.61569","No añadir mayonesa.","128","1","4230"
"5014",True,"2025-04-30 15:17:10.282098","Con limón aparte.","455","1","4231"
"5015",True,"2023-07-03 14:51:47.30667","","296","1","4232"
"5016",True,"2024-06-21 15:02:52.512686","Con limón aparte.","215","1","4233"
"5017",True,"2023-06-10 13:54:41.090034","","82","1","4234"
"5018",True,"2024-08-12 16:32:29.256616","Preparar como la vez pasada.","289","1","4235"
"5019",True,"2024-08-12 16:29:10.823732","Entrega rápida.","126","1","4235"
"5020",True,"2024-08-12 16:29:53.813907","Servir en dos platos.","104","1","4235"
"5021",True,"2024-12-16 20:45:16.149893","Servir en dos platos.","178","1","4236"
"5022",True,"2025-05-05 22:38:10.506493","Servir bien caliente.","262","1","4237"
"5023",True,"2025-01-03 22:16:38.531399","Sin cebolla, por favor.","326","1","4238"
"5024",True,"2024-09-27 14:34:53.660596","Usar queso sin lactosa.","385","1","4239"
"5025",True,"2024-09-27 14:22:44.752064","Con limón aparte.","49","1","4239"
"5026",True,"2024-07-11 15:18:30.939223","Evitar ingredientes crudos.","173","1","4240"
"5027",True,"2024-07-11 13:35:17.061243","Entrega rápida.","273","1","4240"
"5028",True,"2023-06-16 20:21:29.495914","No añadir mayonesa.","330","1","4241"
"5029",True,"2024-10-18 23:03:13.244001","Usar queso sin lactosa.","133","1","4242"
"5030",True,"2024-05-24 22:19:09.638563","Plato para compartir.","283","1","4243"
"5031",True,"2024-05-24 22:56:58.684275","Sin aderezo.","105","1","4243"
"5032",True,"2023-07-20 21:39:25.338964","No incluir pan.","362","1","4244"
"5033",True,"2024-08-11 15:26:58.478088","No añadir mayonesa.","235","1","4245"
"5034",True,"2024-11-01 21:15:39.837239","Poco picante.","347","1","4246"
"5035",True,"2025-06-02 00:00:00","Plato para compartir.","226","1","4247"
"5036",True,"2025-06-02 00:00:00","Agregar cubiertos adicionales.","54","1","4247"
"5037",True,"2023-09-01 20:06:02.605744","Agregar salsa extra.","91","1","4248"
"5038",True,"2023-09-21 22:48:13.117469","Plato para compartir.","342","1","4249"
"5039",True,"2025-01-03 21:30:07.231433","Dividir el plato.","164","1","4250"
"5040",True,"2025-01-03 22:16:00.602683","Sin cebolla, por favor.","168","1","4250"
"5041",True,"2025-01-03 21:41:28.314846","Evitar ingredientes crudos.","90","1","4250"
"5042",True,"2024-09-13 20:26:57.855838","Entrega rápida.","94","1","4251"
"5043",True,"2024-12-18 14:40:25.279765","Servir en dos platos.","43","1","4252"
"5044",True,"2025-01-31 19:58:05.64158","Sin aderezo.","211","1","4253"
"5045",True,"2025-01-27 14:09:15.290075","Evitar ingredientes crudos.","164","1","4254"
"5046",True,"2025-03-21 13:04:02.70801","Entrega rápida.","43","1","4255"
"5047",True,"2024-12-06 15:00:07.216634","Con limón aparte.","302","1","4256"
"5048",True,"2024-12-16 12:23:58.787922","Preparar como la vez pasada.","48","1","4257"
"5049",True,"2024-12-16 12:15:12.182558","Agregar cubiertos adicionales.","205","1","4257"
"5050",True,"2024-07-11 14:12:19.856147","No añadir mayonesa.","212","1","4258"
"5051",True,"2024-02-16 19:34:01.115606","Cocinar bien la carne.","225","1","4259"
"5052",True,"2024-05-24 20:38:44.851052","","212","1","4260"
"5053",True,"2024-10-18 20:37:09.311442","Servir bien caliente.","213","1","4261"
"5054",True,"2025-02-07 17:04:34.484251","Poco picante.","207","1","4262"
"5055",True,"2025-02-07 15:51:35.791971","Sin cebolla, por favor.","130","1","4262"
"5056",True,"2024-08-03 20:39:21.050884","Servir en dos platos.","266","1","4263"
"5057",True,"2023-09-08 15:21:36.779764","Con limón aparte.","148","1","4264"
"5058",True,"2023-09-08 15:20:15.853914","Dividir el plato.","176","1","4264"
"5059",True,"2024-11-03 21:25:56.38184","Sin cebolla, por favor.","386","1","4265"
"5060",True,"2024-07-05 20:15:29.745453","Dividir el plato.","126","1","4266"
"5061",True,"2023-07-07 15:54:10.93521","No incluir pan.","76","1","4267"
"5062",True,"2025-03-14 14:51:23.474735","Cocinar bien la carne.","310","1","4268"
"5063",True,"2024-12-20 14:32:46.753784","Entrega rápida.","107","1","4269"
"5064",True,"2023-08-11 14:37:26.728626","Entrega rápida.","115","1","4270"
"5065",True,"2025-06-02 00:00:00","Sin cebolla, por favor.","124","1","4271"
"5066",True,"2023-12-20 22:14:53.621375","No añadir mayonesa.","300","1","4272"
"5067",True,"2023-12-08 23:24:27.547276","Evitar ingredientes crudos.","178","1","4273"
"5068",True,"2024-02-09 23:09:10.437637","No incluir pan.","255","1","4274"
"5069",True,"2024-02-09 23:57:28.539862","Preparar como la vez pasada.","198","1","4274"
"5070",True,"2023-11-18 16:52:35.562472","Servir bien caliente.","98","1","4275"
"5071",True,"2023-06-19 19:48:50.883365","Servir en dos platos.","173","1","4276"
"5072",True,"2023-06-19 20:44:57.747216","Sin aderezo.","159","1","4276"
"5073",True,"2023-06-23 20:07:14.469514","Con limón aparte.","110","1","4277"
"5074",True,"2025-03-11 20:32:09.474344","Agregar salsa extra.","293","1","4278"
"5075",True,"2023-06-09 14:46:15.410726","Cocinar bien la carne.","126","1","4279"
"5076",True,"2023-08-20 13:10:49.212313","No incluir pan.","111","1","4280"
"5077",True,"2023-08-20 13:51:29.800289","Evitar ingredientes crudos.","167","1","4280"
"5078",True,"2025-01-31 23:38:21.596213","No incluir pan.","388","1","4281"
"5079",True,"2023-08-01 20:33:54.972311","Plato para compartir.","92","1","4282"
"5080",True,"2023-08-01 21:25:17.839564","No añadir mayonesa.","51","1","4282"
"5081",True,"2024-08-31 14:07:54.418699","Servir bien caliente.","257","1","4283"
"5082",True,"2024-02-29 13:55:30.701272","Sin cebolla, por favor.","340","1","4284"
"5083",True,"2023-12-12 19:38:26.448021","Sin cebolla, por favor.","111","1","4285"
"5084",True,"2024-04-26 13:26:24.337253","Sin cebolla, por favor.","237","1","4286"
"5085",True,"2024-04-26 14:01:34.383103","Usar queso sin lactosa.","77","1","4286"
"5086",True,"2024-05-03 20:54:02.333203","Servir en dos platos.","91","1","4287"
"5087",True,"2023-09-15 20:43:59.426828","Agregar cubiertos adicionales.","135","1","4288"
"5088",True,"2023-08-18 22:10:56.969918","No añadir mayonesa.","71","1","4289"
"5089",True,"2024-11-29 15:49:06.176033","Usar queso sin lactosa.","81","1","4290"
"5090",True,"2024-02-23 14:47:23.098763","Evitar ingredientes crudos.","195","1","4291"
"5091",True,"2025-03-07 14:58:27.796583","Poco picante.","254","1","4292"
"5092",True,"2024-02-09 15:40:40.318167","Agregar salsa extra.","234","1","4293"
"5093",True,"2024-04-21 23:33:18.85438","Preparar como la vez pasada.","70","1","4294"
"5094",True,"2024-07-19 21:29:10.516262","Sin cebolla, por favor.","141","1","4295"
"5095",True,"2024-12-20 22:39:39.264772","Preparar como la vez pasada.","109","1","4296"
"5096",True,"2025-01-15 16:18:38.049488","Cocinar bien la carne.","145","1","4297"
"5097",True,"2025-06-02 00:00:00","Entrega rápida.","256","1","4298"
"5098",True,"2024-08-02 14:51:41.062258","Usar queso sin lactosa.","207","1","4299"
"5099",True,"2023-09-02 15:14:33.588527","Usar queso sin lactosa.","133","1","4300"
"5100",True,"2023-09-02 14:04:34.621372","No incluir pan.","190","1","4300"
"5101",True,"2024-07-12 21:45:42.844463","Con limón aparte.","169","1","4301"
"5102",True,"2024-12-17 21:34:16.421633","Usar queso sin lactosa.","72","1","4302"
"5103",True,"2023-07-01 15:45:16.070909","Sin aderezo.","134","1","4303"
"5104",True,"2024-08-16 16:53:02.847037","Usar queso sin lactosa.","73","1","4304"
"5105",True,"2024-06-07 20:45:34.514104","Sin cebolla, por favor.","262","1","4305"
"5106",True,"2024-06-14 21:37:08.53432","Servir en dos platos.","282","1","4306"
"5107",True,"2024-06-14 20:43:16.874254","Agregar cubiertos adicionales.","251","1","4306"
"5108",True,"2024-12-05 21:19:37.87966","Sin cebolla, por favor.","142","1","4307"
"5109",True,"2024-12-07 22:46:28.259189","Plato para compartir.","156","1","4308"
"5110",True,"2024-12-07 23:11:36.734815","Dividir el plato.","112","1","4308"
"5111",True,"2023-08-25 20:29:41.913309","Dividir el plato.","202","1","4309"
"5112",True,"2023-07-10 23:23:56.906977","No añadir mayonesa.","45","1","4310"
"5113",True,"2023-07-10 22:47:31.126825","Usar queso sin lactosa.","90","1","4310"
"5114",True,"2025-04-18 22:50:01.4039","Cocinar bien la carne.","261","1","4311"
"5115",True,"2025-05-02 13:12:12.281332","Plato para compartir.","293","1","4312"
"5116",True,"2024-08-16 13:53:56.680952","Sin cebolla, por favor.","74","1","4313"
"5117",True,"2024-03-25 14:37:40.010449","Evitar ingredientes crudos.","229","1","4314"
"5118",True,"2023-11-15 13:06:25.577298","Plato para compartir.","272","1","4315"
"5119",True,"2024-06-27 22:13:16.183259","Dividir el plato.","102","1","4316"
"5120",True,"2023-06-09 21:49:28.581442","Preparar como la vez pasada.","142","1","4317"
"5121",True,"2024-08-24 15:26:17.422205","No incluir pan.","218","1","4318"
"5122",True,"2024-04-24 15:36:50.277819","","126","1","4319"
"5123",True,"2023-07-29 14:56:03.550123","Servir en dos platos.","158","1","4320"
"5124",True,"2024-07-24 20:47:48.574795","Usar queso sin lactosa.","282","1","4321"
"5125",True,"2023-11-24 13:29:31.217462","Cocinar bien la carne.","335","1","4322"
"5126",True,"2023-11-24 14:38:04.634405","Dividir el plato.","168","1","4322"
"5127",True,"2023-11-24 13:29:09.249457","Servir en dos platos.","44","1","4322"
"5128",True,"2024-08-16 20:50:22.149914","Evitar ingredientes crudos.","188","1","4323"
"5129",True,"2024-12-25 15:06:41.047933","Evitar ingredientes crudos.","60","1","4324"
"5130",True,"2024-12-25 14:55:07.406542","Dividir el plato.","126","1","4324"
"5131",True,"2024-03-27 14:44:32.932078","No añadir mayonesa.","157","1","4325"
"5132",True,"2025-04-04 22:13:39.780388","Preparar como la vez pasada.","207","1","4326"
"5133",True,"2024-12-13 15:20:14.236793","Con limón aparte.","92","1","4327"
"5134",True,"2023-08-04 21:45:54.683839","Preparar como la vez pasada.","107","1","4328"
"5135",True,"2023-08-04 21:33:52.200166","Servir bien caliente.","241","1","4328"
"5136",True,"2025-06-02 00:00:00","Cocinar bien la carne.","73","1","4329"
"5137",True,"2025-06-02 00:00:00","Sin cebolla, por favor.","247","1","4330"
"5138",True,"2024-10-07 14:55:43.554744","Servir en dos platos.","199","1","4331"
"5139",True,"2024-10-07 14:38:11.409135","Sin cebolla, por favor.","84","1","4331"
"5140",True,"2024-07-22 20:55:59.931959","Con limón aparte.","124","1","4332"
"5141",True,"2025-06-02 00:00:00","Entrega rápida.","98","1","4333"
"5142",True,"2025-04-25 13:08:03.635845","Sin aderezo.","70","1","4334"
"5143",True,"2025-04-25 13:24:16.136759","Preparar como la vez pasada.","196","1","4334"
"5144",True,"2024-07-05 21:32:33.733475","Usar queso sin lactosa.","199","1","4335"
"5145",True,"2025-06-02 00:00:00","Entrega rápida.","77","1","4336"
"5146",True,"2024-06-07 21:26:58.230099","Plato para compartir.","176","1","4337"
"5147",True,"2025-04-22 19:53:50.567771","Evitar ingredientes crudos.","155","1","4338"
"5148",True,"2024-08-30 22:48:45.168946","Evitar ingredientes crudos.","170","1","4339"
"5149",True,"2024-07-01 21:07:48.906973","No incluir pan.","126","1","4340"
"5150",True,"2024-12-31 22:05:45.607134","Agregar salsa extra.","67","1","4341"
"5151",True,"2024-08-14 21:07:56.447865","No incluir pan.","248","1","4342"
"5152",True,"2024-08-14 21:36:25.275553","Plato para compartir.","218","1","4342"
"5153",True,"2025-05-08 15:34:35.30392","Agregar cubiertos adicionales.","196","1","4343"
"5154",True,"2024-07-19 15:31:13.941118","Dividir el plato.","49","1","4344"
"5155",True,"2024-07-19 15:05:12.340086","Sin cebolla, por favor.","205","1","4344"
"5156",True,"2024-02-09 13:57:29.846917","Agregar salsa extra.","230","1","4345"
"5157",True,"2024-02-09 16:11:43.469781","Plato para compartir.","56","1","4345"
"5158",True,"2023-06-16 15:32:38.300962","No añadir mayonesa.","177","1","4346"
"5159",True,"2023-12-15 20:26:10.76831","Usar queso sin lactosa.","59","1","4347"
"5160",True,"2024-02-17 22:48:39.944481","Agregar salsa extra.","313","1","4348"
"5161",True,"2024-09-20 22:09:01.263858","Plato para compartir.","67","1","4349"
"5162",True,"2024-06-09 15:45:19.737535","Agregar salsa extra.","303","1","4350"
"5163",True,"2025-04-11 14:07:39.601612","Con limón aparte.","225","1","4351"
"5164",True,"2023-07-28 14:51:51.193975","","125","1","4352"
"5165",True,"2024-01-12 14:09:05.718186","No incluir pan.","78","1","4353"
"5166",True,"2023-08-10 20:44:54.805553","","335","1","4354"
"5167",True,"2024-07-26 12:13:46.140546","Poco picante.","89","1","4355"
"5168",True,"2024-07-04 20:24:45.269444","Agregar salsa extra.","71","1","4356"
"5169",True,"2024-12-19 21:01:12.110182","","170","1","4357"
"5170",True,"2025-03-28 22:37:19.616363","Agregar salsa extra.","190","1","4358"
"5171",True,"2023-09-12 21:39:06.160913","No incluir pan.","142","1","4359"
"5172",True,"2023-08-04 20:55:31.332988","Con limón aparte.","121","1","4360"
"5173",True,"2024-10-25 21:58:01.309312","Sin cebolla, por favor.","453","1","4361"
"5174",True,"2024-07-05 23:09:25.605603","Cocinar bien la carne.","263","1","4362"
"5175",True,"2023-07-21 12:13:10.323645","Con limón aparte.","100","1","4363"
"5176",True,"2023-11-17 14:00:36.044072","Servir bien caliente.","214","1","4364"
"5177",True,"2023-08-10 16:23:48.299599","Con limón aparte.","135","1","4365"
"5178",True,"2023-09-27 21:27:46.06225","Servir bien caliente.","200","1","4366"
"5179",True,"2023-09-27 21:47:44.691428","Poco picante.","218","1","4366"
"5180",True,"2024-03-15 21:43:23.633851","Servir en dos platos.","86","1","4367"
"5181",True,"2025-06-02 00:00:00","Sin aderezo.","199","1","4368"
"5182",True,"2024-08-15 13:24:18.219922","Servir bien caliente.","238","1","4369"
"5183",True,"2024-08-15 14:02:09.776736","Dividir el plato.","246","1","4369"
"5184",True,"2024-07-04 15:35:56.367668","No incluir pan.","59","1","4370"
"5185",True,"2024-07-04 15:03:47.615758","Poco picante.","119","1","4370"
"5186",True,"2023-07-21 13:47:36.30981","Cocinar bien la carne.","192","1","4371"
"5187",True,"2023-11-03 19:18:10.812117","Plato para compartir.","74","1","4372"
"5188",True,"2023-08-15 13:04:29.97628","Usar queso sin lactosa.","91","1","4373"
"5189",True,"2023-11-10 13:53:28.842584","Dividir el plato.","186","1","4374"
"5190",True,"2024-09-20 15:18:09.141158","No incluir pan.","146","1","4375"
"5191",True,"2024-09-20 15:54:46.06059","Sin aderezo.","215","1","4375"
"5192",True,"2023-08-18 13:42:19.427704","Poco picante.","104","1","4376"
"5193",True,"2023-08-13 20:40:45.125364","Agregar salsa extra.","216","1","4377"
"5194",True,"2025-05-02 21:43:47.988535","Con limón aparte.","68","1","4378"
"5195",True,"2024-07-08 14:40:53.37579","Con limón aparte.","176","1","4379"
"5196",True,"2023-10-20 13:55:16.173377","Cocinar bien la carne.","236","1","4380"
"5197",True,"2024-07-03 22:13:33.685019","Servir bien caliente.","217","1","4381"
"5198",True,"2025-01-03 22:13:43.502138","No incluir pan.","134","1","4382"
"5199",True,"2024-12-27 14:04:33.66276","Con limón aparte.","154","1","4383"
"5200",True,"2023-12-15 20:01:22.130512","Servir bien caliente.","336","1","4384"
"5201",True,"2024-04-05 14:18:56.002387","Con limón aparte.","180","1","4385"
"5202",True,"2025-04-18 14:48:34.95957","Dividir el plato.","246","1","4386"
"5203",True,"2024-07-01 17:02:43.237606","Cocinar bien la carne.","285","1","4387"
"5204",True,"2025-04-04 21:07:49.188838","Poco picante.","81","1","4388"
"5205",True,"2024-08-16 14:37:50.795791","Agregar salsa extra.","252","1","4389"
"5206",True,"2025-06-02 00:00:00","No añadir mayonesa.","279","1","4390"
"5207",True,"2025-06-02 00:00:00","Evitar ingredientes crudos.","94","1","4390"
"5208",True,"2023-12-01 15:12:42.863492","Sin aderezo.","188","1","4391"
"5209",True,"2025-03-02 13:31:06.605897","Evitar ingredientes crudos.","134","1","4392"
"5210",True,"2025-03-02 13:52:34.725346","Agregar cubiertos adicionales.","366","1","4392"
"5211",True,"2025-05-02 23:41:56.717175","Plato para compartir.","359","1","4393"
"5212",True,"2025-05-02 22:50:19.737409","Entrega rápida.","134","1","4393"
"5213",True,"2023-10-27 16:43:05.200215","","200","1","4394"
"5214",True,"2023-09-22 15:24:49.844651","Sin cebolla, por favor.","191","1","4395"
"5215",True,"2023-07-16 21:53:38.174055","Plato para compartir.","117","1","4396"
"5216",True,"2023-10-19 21:48:16.277349","Cocinar bien la carne.","161","1","4397"
"5217",True,"2024-05-03 21:00:26.266479","Evitar ingredientes crudos.","128","1","4398"
"5218",True,"2024-12-13 14:21:33.609202","Preparar como la vez pasada.","171","1","4399"
"5219",True,"2025-06-02 00:00:00","Servir en dos platos.","213","1","4400"
"5220",True,"2025-06-02 00:00:00","Sin aderezo.","86","1","4400"
"5221",True,"2025-06-02 00:00:00","Dividir el plato.","138","1","4401"
"5222",True,"2023-08-20 20:35:54.119264","Agregar salsa extra.","174","1","4402"
"5223",True,"2023-11-01 15:22:17.400429","Plato para compartir.","209","1","4403"
"5224",True,"2024-03-01 14:49:37.525914","Dividir el plato.","359","1","4404"
"5225",True,"2024-03-01 17:24:10.248569","Con limón aparte.","366","1","4404"
"5226",True,"2024-07-05 13:29:20.55885","Con limón aparte.","264","1","4405"
"5227",True,"2024-06-14 21:38:47.244963","Sin cebolla, por favor.","141","1","4406"
"5228",True,"2024-10-16 21:09:07.503651","Dividir el plato.","177","1","4407"
"5229",True,"2023-08-04 22:02:37.403258","Usar queso sin lactosa.","126","1","4408"
"5230",True,"2024-06-01 00:13:35.124313","Evitar ingredientes crudos.","99","1","4409"
"5231",True,"2024-06-01 00:09:06.084693","No incluir pan.","119","1","4409"
"5232",True,"2023-07-10 15:23:08.488432","Preparar como la vez pasada.","31","1","4410"
"5233",True,"2024-07-05 21:15:55.119565","Preparar como la vez pasada.","176","1","4411"
"5234",True,"2024-10-18 13:23:28.100851","Sin aderezo.","195","1","4412"
"5235",True,"2024-07-16 16:05:26.774071","Sin aderezo.","124","1","4413"
"5236",True,"2025-04-23 15:47:10.799355","Preparar como la vez pasada.","264","1","4414"
"5237",True,"2025-02-21 14:23:34.924514","Con limón aparte.","270","1","4415"
"5238",True,"2024-07-13 20:06:44.697861","Poco picante.","192","1","4416"
"5239",True,"2024-07-24 21:48:14.726844","Con limón aparte.","159","1","4417"
"5240",True,"2025-03-14 00:27:18.951763","Usar queso sin lactosa.","73","1","4418"
"5241",True,"2023-08-31 21:50:40.935925","Usar queso sin lactosa.","147","1","4419"
"5242",True,"2023-10-16 21:35:28.527949","Dividir el plato.","187","1","4420"
"5243",True,"2024-03-15 21:28:59.512504","Dividir el plato.","99","1","4421"
"5244",True,"2023-12-09 14:14:11.851138","Dividir el plato.","258","1","4422"
"5245",True,"2023-12-09 13:05:09.300003","Agregar cubiertos adicionales.","223","1","4422"
"5246",True,"2024-09-23 21:09:23.18253","Plato para compartir.","258","1","4423"
"5247",True,"2024-07-07 22:14:35.848604","Sin cebolla, por favor.","156","1","4424"
"5248",True,"2024-12-20 23:52:46.211144","Evitar ingredientes crudos.","146","1","4425"
"5249",True,"2025-03-21 19:59:42.888763","Agregar cubiertos adicionales.","102","1","4426"
"5250",True,"2023-07-27 21:14:15.248867","Agregar salsa extra.","247","1","4427"
"5251",True,"2023-12-08 21:13:04.479462","Plato para compartir.","181","1","4428"
"5252",True,"2023-12-15 15:43:45.234375","Plato para compartir.","124","1","4429"
"5253",True,"2023-12-15 21:34:07.048978","Dividir el plato.","57","1","4430"
"5254",True,"2023-12-29 21:43:40.506995","Dividir el plato.","315","1","4431"
"5255",True,"2024-06-13 16:46:42.416513","Plato para compartir.","228","1","4432"
"5256",True,"2025-05-02 14:28:28.225411","Cocinar bien la carne.","115","1","4433"
"5257",True,"2023-08-24 22:21:17.416576","Sin aderezo.","57","1","4434"
"5258",True,"2025-03-28 13:49:22.969733","Usar queso sin lactosa.","79","1","4435"
"5259",True,"2023-08-21 14:45:45.414527","Preparar como la vez pasada.","88","1","4436"
"5260",True,"2025-06-02 00:00:00","Sin aderezo.","172","1","4437"
"5261",True,"2023-08-30 21:20:43.317819","Cocinar bien la carne.","259","1","4438"
"5262",True,"2024-05-31 22:44:45.946197","Plato para compartir.","133","1","4439"
"5263",True,"2024-12-20 13:18:23.613761","Cocinar bien la carne.","197","1","4440"
"5264",True,"2023-08-09 21:59:04.190212","Cocinar bien la carne.","186","1","4441"
"5265",True,"2024-10-18 15:22:55.639303","","92","1","4442"
"5266",True,"2024-08-30 21:58:43.651121","Evitar ingredientes crudos.","163","1","4443"
"5267",True,"2025-03-09 20:44:22.794617","Preparar como la vez pasada.","218","1","4444"
"5268",True,"2025-05-16 15:42:41.524706","No incluir pan.","132","1","4445"
"5269",True,"2025-05-16 15:52:26.658249","No añadir mayonesa.","203","1","4445"
"5270",True,"2024-08-24 15:16:36.000779","Servir en dos platos.","93","1","4446"
"5271",True,"2023-12-29 15:01:38.131976","Entrega rápida.","139","1","4447"
"5272",True,"2024-01-05 15:09:24.346592","Agregar cubiertos adicionales.","208","1","4448"
"5273",True,"2024-05-03 14:07:10.634687","Servir bien caliente.","106","1","4449"
"5274",True,"2024-12-25 22:02:19.036463","Sin cebolla, por favor.","98","1","4450"
"5275",True,"2024-10-06 22:17:09.714499","","207","1","4451"
"5276",True,"2024-10-04 22:41:56.188266","Servir en dos platos.","198","1","4452"
"5277",True,"2024-01-26 23:15:52.504847","Sin cebolla, por favor.","266","1","4453"
"5278",True,"2023-12-10 14:53:59.162485","Evitar ingredientes crudos.","342","1","4454"
"5279",True,"2024-10-18 19:56:56.513025","Preparar como la vez pasada.","90","1","4455"
"5280",True,"2023-12-01 20:56:22.700436","No incluir pan.","302","1","4456"
"5281",True,"2025-06-02 00:00:00","Servir en dos platos.","195","1","4457"
"5282",True,"2025-06-02 00:00:00","Sin aderezo.","134","1","4458"
"5283",True,"2025-06-02 00:00:00","Entrega rápida.","124","1","4459"
"5284",True,"2024-08-10 13:58:21.067232","Poco picante.","61","1","4460"
"5285",True,"2024-06-03 13:32:24.239937","Agregar salsa extra.","249","1","4461"
"5286",True,"2024-04-04 12:31:22.94529","Agregar cubiertos adicionales.","133","1","4462"
"5287",True,"2025-03-09 22:09:14.572872","Servir en dos platos.","157","1","4463"
"5288",True,"2025-01-16 20:26:07.641728","Servir bien caliente.","90","1","4464"
"5289",True,"2024-12-04 21:02:36.899416","Evitar ingredientes crudos.","194","1","4465"
"5290",True,"2025-05-23 20:05:06.866034","Plato para compartir.","196","1","4466"
"5291",True,"2025-05-23 19:16:39.08643","Servir en dos platos.","105","1","4466"
"5292",True,"2024-01-05 22:05:55.978364","Poco picante.","88","1","4467"
"5293",True,"2024-02-16 20:42:17.331489","Preparar como la vez pasada.","190","1","4468"
"5294",True,"2024-02-16 20:38:05.77717","Preparar como la vez pasada.","102","1","4468"
"5295",True,"2024-02-16 20:22:49.304781","Sin aderezo.","46","1","4468"
"5296",True,"2025-02-13 13:49:23.839186","Servir bien caliente.","150","1","4469"
"5297",True,"2023-09-01 16:14:35.371681","Agregar salsa extra.","110","1","4470"
"5298",True,"2024-06-06 16:22:03.622398","Evitar ingredientes crudos.","114","1","4471"
"5299",True,"2025-06-02 00:00:00","","121","1","4472"
"5300",True,"2024-12-09 20:46:34.472328","No añadir mayonesa.","158","1","4473"
"5301",True,"2024-12-05 22:46:41.148771","Servir en dos platos.","106","1","4474"
"5302",True,"2024-04-26 21:25:11.475144","Sin cebolla, por favor.","73","1","4475"
"5303",True,"2025-05-02 21:30:52.409478","Poco picante.","207","1","4476"
"5304",True,"2023-06-28 13:40:00.336017","Sin aderezo.","243","1","4477"
"5305",True,"2024-10-18 15:29:23.047816","No añadir mayonesa.","158","1","4478"
"5306",True,"2024-06-21 21:22:46.352727","Plato para compartir.","138","1","4479"
"5307",True,"2024-08-30 19:55:18.114001","Evitar ingredientes crudos.","253","1","4480"
"5308",True,"2023-11-24 13:13:09.966703","Con limón aparte.","97","1","4481"
"5309",True,"2023-11-24 13:17:13.949662","Con limón aparte.","230","1","4481"
"5310",True,"2024-02-09 14:11:21.283088","Sin cebolla, por favor.","215","1","4482"
"5311",True,"2024-02-16 13:42:06.371901","Preparar como la vez pasada.","217","1","4483"
"5312",True,"2023-12-17 19:47:33.123783","","136","1","4484"
"5313",True,"2025-01-10 15:15:07.525501","No añadir mayonesa.","79","1","4485"
"5314",True,"2024-08-10 15:29:08.78989","Agregar cubiertos adicionales.","343","1","4486"
"5315",True,"2024-04-05 21:35:53.530089","Sin aderezo.","73","1","4487"
"5316",True,"2024-02-09 20:19:14.856286","Usar queso sin lactosa.","60","1","4488"
"5317",True,"2024-02-05 14:54:15.639538","Sin cebolla, por favor.","241","1","4489"
"5318",True,"2025-06-02 00:00:00","Poco picante.","220","1","4490"
"5319",True,"2024-12-14 20:19:08.906205","Poco picante.","47","1","4491"
"5320",True,"2024-12-14 20:30:05.723655","Plato para compartir.","295","1","4491"
"5321",True,"2023-10-09 13:06:06.942341","","27","1","4492"
"5322",True,"2024-04-26 20:38:59.437372","Sin cebolla, por favor.","238","1","4493"
"5323",True,"2025-06-02 00:00:00","Preparar como la vez pasada.","103","1","4494"
"5324",True,"2023-07-15 14:48:49.5102","Entrega rápida.","134","1","4495"
"5325",True,"2024-05-17 15:11:18.992062","Con limón aparte.","230","1","4496"
"5326",True,"2025-01-10 20:11:46.053346","Sin aderezo.","154","1","4497"
"5327",True,"2024-11-22 22:16:05.994652","Dividir el plato.","47","1","4498"
"5328",True,"2023-12-15 13:15:30.196739","Sin aderezo.","353","1","4499"
"5329",True,"2024-08-22 21:08:12.399897","Dividir el plato.","209","1","4500"
"5330",True,"2024-08-22 22:27:30.113571","Preparar como la vez pasada.","320","1","4500"
"5331",True,"2024-05-10 14:39:53.517289","Dividir el plato.","217","1","4501"
"5332",True,"2024-08-29 14:15:16.86686","Servir en dos platos.","49","1","4502"
"5333",True,"2023-06-19 21:51:38.591912","Preparar como la vez pasada.","108","1","4503"
"5334",True,"2023-06-19 23:03:40.811222","","118","1","4503"
"5335",True,"2024-07-15 13:13:12.845047","Con limón aparte.","108","1","4504"
"5336",True,"2023-10-06 13:50:59.796313","Cocinar bien la carne.","173","1","4505"
"5337",True,"2023-11-17 20:05:34.52575","Dividir el plato.","189","1","4506"
"5338",True,"2024-11-01 20:48:59.491199","Preparar como la vez pasada.","233","1","4507"
"5339",True,"2024-06-14 20:56:02.800755","Plato para compartir.","155","1","4508"
"5340",True,"2023-07-06 12:28:22.464232","Poco picante.","302","1","4509"
"5341",True,"2023-07-06 13:04:50.945176","Preparar como la vez pasada.","189","1","4509"
"5342",True,"2024-09-06 20:21:55.652949","No añadir mayonesa.","261","1","4510"
"5343",True,"2024-09-06 21:39:19.57725","No incluir pan.","274","1","4510"
"5344",True,"2023-12-08 14:57:15.116342","Usar queso sin lactosa.","160","1","4511"
"5345",True,"2023-09-29 20:19:34.443611","Sin aderezo.","211","1","4512"
"5346",True,"2023-06-04 14:25:39.273205","","243","1","4513"
"5347",True,"2023-07-07 21:13:36.919661","Poco picante.","82","1","4514"
"5348",True,"2024-08-09 20:02:49.174311","Preparar como la vez pasada.","249","1","4515"
"5349",True,"2024-06-16 16:25:47.800502","Evitar ingredientes crudos.","396","1","4516"
"5350",True,"2023-06-09 23:46:29.603308","Sin aderezo.","126","1","4517"
"5351",True,"2024-03-29 23:00:44.715211","Servir en dos platos.","319","1","4518"
"5352",True,"2025-03-07 15:36:15.454559","Poco picante.","128","1","4519"
"5353",True,"2024-06-04 13:04:17.453318","Plato para compartir.","133","1","4520"
"5354",True,"2023-09-01 22:14:42.135972","No añadir mayonesa.","129","1","4521"
"5355",True,"2023-09-01 22:35:44.361975","Entrega rápida.","86","1","4521"
"5356",True,"2023-12-16 12:28:25.346383","Sin aderezo.","74","1","4522"
"5357",True,"2023-12-16 13:12:57.534857","Servir bien caliente.","75","1","4522"
"5358",True,"2024-08-24 19:53:44.470432","","245","1","4523"
"5359",True,"2024-12-10 21:25:50.399306","","55","1","4524"
"5360",True,"2024-12-10 21:09:49.67633","Preparar como la vez pasada.","119","1","4524"
"5361",True,"2024-12-10 21:27:36.281169","Poco picante.","57","1","4524"
"5362",True,"2025-04-04 15:19:16.176245","Sin aderezo.","155","1","4525"
"5363",True,"2025-05-02 14:49:44.743873","Entrega rápida.","93","1","4526"
"5364",True,"2024-04-12 22:12:15.433843","Usar queso sin lactosa.","209","1","4527"
"5365",True,"2024-04-12 22:27:02.664257","Servir en dos platos.","114","1","4527"
"5366",True,"2023-08-07 22:27:17.028652","Sin aderezo.","204","1","4528"
"5367",True,"2023-08-07 22:14:09.703275","Entrega rápida.","202","1","4528"
"5368",True,"2025-04-19 21:08:49.644882","Plato para compartir.","108","1","4529"
"5369",True,"2025-05-20 22:41:34.361583","Sin aderezo.","192","1","4530"
"5370",True,"2025-03-14 14:47:17.740124","Agregar salsa extra.","160","1","4531"
"5371",True,"2024-01-05 23:10:25.893651","Dividir el plato.","149","1","4532"
"5372",True,"2024-12-16 20:18:15.923412","Servir en dos platos.","234","1","4533"
"5373",True,"2024-06-14 15:07:54.97493","Agregar cubiertos adicionales.","86","1","4534"
"5374",True,"2024-01-26 14:16:23.328158","Cocinar bien la carne.","307","1","4535"
"5375",True,"2024-01-26 14:05:58.038266","Servir en dos platos.","101","1","4535"
"5376",True,"2023-12-25 16:45:00.582423","Agregar salsa extra.","105","1","4536"
"5377",True,"2024-07-18 22:24:06.802751","","210","1","4537"
"5378",True,"2024-08-25 20:54:57.083273","Servir bien caliente.","47","1","4538"
"5379",True,"2023-08-25 14:46:54.681984","Agregar cubiertos adicionales.","89","1","4539"
"5380",True,"2024-02-25 20:30:06.074879","No incluir pan.","290","1","4540"
"5381",True,"2024-02-25 19:42:08.988506","Preparar como la vez pasada.","243","1","4540"
"5382",True,"2025-02-04 22:04:40.976157","Servir bien caliente.","148","1","4541"
"5383",True,"2024-01-12 20:32:04.014376","Poco picante.","195","1","4542"
"5384",True,"2024-01-12 20:49:41.759025","Usar queso sin lactosa.","121","1","4542"
"5385",True,"2025-02-14 14:39:28.700598","Preparar como la vez pasada.","63","1","4543"
"5386",True,"2024-04-16 21:51:46.06112","Agregar cubiertos adicionales.","42","1","4544"
"5387",True,"2024-04-19 16:04:03.634059","","135","1","4545"
"5388",True,"2023-12-15 14:26:57.419003","Agregar salsa extra.","84","1","4546"
"5389",True,"2023-07-01 21:26:37.302096","Poco picante.","167","1","4547"
"5390",True,"2024-03-07 22:29:24.734532","Con limón aparte.","68","1","4548"
"5391",True,"2024-06-14 21:16:10.041774","No incluir pan.","241","1","4549"
"5392",True,"2025-06-02 00:00:00","Usar queso sin lactosa.","144","1","4550"
"5393",True,"2024-07-18 14:13:47.027161","Evitar ingredientes crudos.","113","1","4551"
"5394",True,"2023-10-13 20:43:01.431114","No incluir pan.","126","1","4552"
"5395",True,"2025-06-02 00:00:00","Cocinar bien la carne.","180","1","4553"
"5396",True,"2025-01-10 14:44:40.207025","No añadir mayonesa.","155","1","4554"
"5397",True,"2023-11-09 19:42:21.38798","Servir bien caliente.","248","1","4555"
"5398",True,"2024-01-26 20:11:43.235218","","44","1","4556"
"5399",True,"2023-08-18 22:22:51.889268","Poco picante.","183","1","4557"
"5400",True,"2024-07-17 20:47:41.113435","Sin aderezo.","79","1","4558"
"5401",True,"2025-04-12 20:44:49.403222","Agregar salsa extra.","112","1","4559"
"5402",True,"2025-04-12 20:35:48.012483","Poco picante.","306","1","4559"
"5403",True,"2023-07-10 14:11:27.200543","Preparar como la vez pasada.","258","1","4560"
"5404",True,"2023-09-22 22:14:20.664375","No incluir pan.","194","1","4561"
"5405",True,"2024-08-09 21:26:43.977529","Evitar ingredientes crudos.","189","1","4562"
"5406",True,"2024-08-09 21:22:20.331956","Preparar como la vez pasada.","144","1","4562"
"5407",True,"2023-12-08 13:10:49.126992","Evitar ingredientes crudos.","305","1","4563"
"5408",True,"2023-10-27 22:46:28.222962","Con limón aparte.","208","1","4564"
"5409",True,"2024-08-11 14:11:07.77464","Sin aderezo.","314","1","4565"
"5410",True,"2023-07-07 22:45:19.601132","Evitar ingredientes crudos.","153","1","4566"
"5411",True,"2023-07-07 22:29:35.240362","Servir en dos platos.","251","1","4566"
"5412",True,"2023-10-19 13:58:01.467931","Dividir el plato.","200","1","4567"
"5413",True,"2024-11-29 12:40:59.62873","Evitar ingredientes crudos.","147","1","4568"
"5414",True,"2023-09-29 14:05:45.970842","Usar queso sin lactosa.","78","1","4569"
"5415",True,"2023-12-22 12:55:25.202125","Evitar ingredientes crudos.","324","1","4570"
"5416",True,"2023-12-01 13:55:48.61102","No añadir mayonesa.","256","1","4571"
"5417",True,"2023-12-01 12:51:28.789518","No incluir pan.","234","1","4571"
"5418",True,"2024-11-08 20:06:21.18363","No añadir mayonesa.","158","1","4572"
"5419",True,"2023-08-11 21:58:00.728246","Agregar salsa extra.","225","1","4573"
"5420",True,"2023-12-01 21:42:58.438139","Servir en dos platos.","277","1","4574"
"5421",True,"2025-01-28 23:30:08.870762","Usar queso sin lactosa.","96","1","4575"
"5422",True,"2024-12-29 21:12:45.32282","Agregar salsa extra.","147","1","4576"
"5423",True,"2023-08-04 21:34:42.174644","Poco picante.","78","1","4577"
"5424",True,"2024-07-26 14:45:26.602911","Preparar como la vez pasada.","84","1","4578"
"5425",True,"2024-03-14 14:49:33.096714","Entrega rápida.","54","1","4579"
"5426",True,"2023-07-04 13:41:49.087481","Entrega rápida.","155","1","4580"
"5427",True,"2024-06-07 13:00:24.912823","Servir en dos platos.","298","1","4581"
"5428",True,"2024-06-07 12:35:40.42648","Poco picante.","110","1","4581"
"5429",True,"2025-06-02 00:00:00","","213","1","4582"
"5430",True,"2024-05-03 20:31:49.456809","Evitar ingredientes crudos.","70","1","4583"
"5431",True,"2024-05-03 20:50:09.899195","","206","1","4583"
"5432",True,"2025-06-02 00:00:00","Agregar cubiertos adicionales.","232","1","4584"
"5433",True,"2024-12-28 13:32:56.24679","Poco picante.","225","1","4585"
"5434",True,"2023-10-03 17:01:36.49284","Con limón aparte.","131","1","4586"
"5435",True,"2025-02-09 13:08:13.59952","Agregar salsa extra.","96","1","4587"
"5436",True,"2024-05-10 14:37:03.951455","Dividir el plato.","106","1","4588"
"5437",True,"2025-02-07 20:34:25.516611","Poco picante.","94","1","4589"
"5438",True,"2023-11-02 22:52:00.792805","No añadir mayonesa.","144","1","4590"
"5439",True,"2024-08-02 14:52:04.846505","Entrega rápida.","200","1","4591"
"5440",True,"2024-08-02 14:00:29.78966","Dividir el plato.","250","1","4591"
"5441",True,"2024-08-30 15:24:53.34183","Entrega rápida.","144","1","4592"
"5442",True,"2023-11-03 22:15:36.006646","Cocinar bien la carne.","92","1","4593"
"5443",True,"2023-12-17 20:50:43.584781","Agregar cubiertos adicionales.","132","1","4594"
"5444",True,"2024-07-16 13:23:36.19572","Servir bien caliente.","190","1","4595"
"5445",True,"2024-07-23 15:32:34.590109","Usar queso sin lactosa.","363","1","4596"
"5446",True,"2024-07-23 15:27:59.556491","Dividir el plato.","108","1","4596"
"5447",True,"2024-08-02 23:02:10.930238","Evitar ingredientes crudos.","116","1","4597"
"5448",True,"2023-09-08 22:57:35.072691","Servir en dos platos.","256","1","4598"
"5449",True,"2024-12-13 12:44:24.326556","Poco picante.","128","1","4599"
"5450",True,"2024-10-18 20:43:51.071611","No incluir pan.","248","1","4600"
"5451",True,"2025-06-02 00:00:00","No incluir pan.","105","1","4601"
"5452",True,"2025-06-02 00:00:00","No incluir pan.","176","1","4601"
"5453",True,"2023-07-02 20:13:01.899333","Usar queso sin lactosa.","228","1","4602"
"5454",True,"2023-06-16 22:28:42.676619","Evitar ingredientes crudos.","177","1","4603"
"5455",True,"2024-03-25 21:47:27.36273","Con limón aparte.","252","1","4604"
"5456",True,"2024-03-29 15:09:31.963734","Entrega rápida.","144","1","4605"
"5457",True,"2023-10-06 16:18:58.176984","","130","1","4606"
"5458",True,"2024-07-30 00:09:26.886211","Sin cebolla, por favor.","405","1","4607"
"5459",True,"2023-08-25 20:24:08.429829","Preparar como la vez pasada.","115","1","4608"
"5460",True,"2023-09-10 14:42:08.059277","Evitar ingredientes crudos.","265","1","4609"
"5461",True,"2023-08-07 19:53:58.564075","Evitar ingredientes crudos.","268","1","4610"
"5462",True,"2024-08-18 15:01:42.015354","Plato para compartir.","108","1","4611"
"5463",True,"2023-09-15 21:58:30.04098","Servir bien caliente.","94","1","4612"
"5464",True,"2025-03-21 14:28:17.151732","No incluir pan.","142","1","4613"
"5465",True,"2025-03-21 22:50:29.271017","Usar queso sin lactosa.","105","1","4614"
"5466",True,"2024-12-23 12:50:08.51364","Poco picante.","283","1","4615"
"5467",True,"2024-10-18 14:05:53.126578","Agregar cubiertos adicionales.","49","1","4616"
"5468",True,"2025-06-02 00:00:00","Servir bien caliente.","189","1","4617"
"5469",True,"2023-08-19 21:18:20.441454","Plato para compartir.","96","1","4618"
"5470",True,"2024-10-04 13:11:36.120234","Agregar salsa extra.","110","1","4619"
"5471",True,"2024-10-04 12:50:49.09103","Sin aderezo.","220","1","4619"
"5472",True,"2024-10-04 13:37:31.643716","Usar queso sin lactosa.","207","1","4619"
"5473",True,"2024-03-03 15:06:05.579222","Agregar cubiertos adicionales.","237","1","4620"
"5474",True,"2024-07-08 21:38:25.738004","Usar queso sin lactosa.","347","1","4621"
"5475",True,"2024-07-12 22:41:15.031017","Entrega rápida.","276","1","4622"
"5476",True,"2023-09-08 14:55:39.360192","Evitar ingredientes crudos.","37","1","4623"
"5477",True,"2023-09-08 14:17:39.583","Agregar salsa extra.","114","1","4623"
"5478",True,"2024-11-08 13:40:15.309102","Poco picante.","171","1","4624"
"5479",True,"2024-07-12 14:25:21.633706","Dividir el plato.","129","1","4625"
"5480",True,"2025-02-14 14:11:13.189002","Servir en dos platos.","190","1","4626"
"5481",True,"2024-12-25 23:07:05.512946","No incluir pan.","250","1","4627"
"5482",True,"2023-10-06 22:39:09.37506","Agregar cubiertos adicionales.","110","1","4628"
"5483",True,"2024-10-22 14:35:12.078675","Servir bien caliente.","171","1","4629"
"5484",True,"2023-12-03 15:57:59.228239","Preparar como la vez pasada.","307","1","4630"
"5485",True,"2025-01-31 13:34:43.717177","Cocinar bien la carne.","141","1","4631"
"5486",True,"2023-07-23 22:16:31.039981","Agregar salsa extra.","412","1","4632"
"5487",True,"2025-06-02 00:00:00","Sin aderezo.","182","1","4633"
"5488",True,"2025-02-13 13:50:55.70846","Entrega rápida.","342","1","4634"
"5489",True,"2024-09-20 14:34:42.669094","Sin cebolla, por favor.","116","1","4635"
"5490",True,"2023-12-01 21:37:30.86822","Agregar cubiertos adicionales.","38","1","4636"
"5491",True,"2023-12-01 21:48:48.794369","","206","1","4636"
"5492",True,"2024-05-03 21:17:15.617165","Agregar cubiertos adicionales.","263","1","4637"
"5493",True,"2025-06-02 00:00:00","No añadir mayonesa.","89","1","4638"
"5494",True,"2024-12-27 15:19:51.696509","No incluir pan.","112","1","4639"
"5495",True,"2024-01-05 14:20:28.686263","Entrega rápida.","159","1","4640"
"5496",True,"2024-11-15 12:52:49.420635","Preparar como la vez pasada.","117","1","4641"
"5497",True,"2024-06-20 22:01:20.81371","Agregar salsa extra.","112","1","4642"
"5498",True,"2023-08-17 14:40:05.578179","Entrega rápida.","82","1","4643"
"5499",True,"2023-12-22 22:49:25.305104","Usar queso sin lactosa.","98","1","4644"
"5500",True,"2023-07-08 22:47:47.706533","Evitar ingredientes crudos.","226","1","4645"
"5501",True,"2024-04-19 22:06:35.123349","Entrega rápida.","224","1","4646"
"5502",True,"2024-04-26 14:48:28.136174","","141","1","4647"
"5503",True,"2024-11-08 13:43:52.327931","Entrega rápida.","114","1","4648"
"5504",True,"2024-12-06 21:02:48.337214","Dividir el plato.","138","1","4649"
"5505",True,"2024-01-12 20:46:10.534417","Entrega rápida.","124","1","4650"
"5506",True,"2024-08-31 20:35:07.794348","Dividir el plato.","200","1","4651"
"5507",True,"2023-09-08 12:51:10.979233","Servir en dos platos.","147","1","4652"
"5508",True,"2024-07-12 20:55:40.096339","Agregar cubiertos adicionales.","29","1","4653"
"5509",True,"2024-01-26 20:06:45.05654","Con limón aparte.","135","1","4654"
"5510",True,"2023-06-30 20:14:04.670763","Servir bien caliente.","164","1","4655"
"5511",True,"2024-11-15 13:17:44.108263","Evitar ingredientes crudos.","118","1","4656"
"5512",True,"2024-08-16 13:28:53.560385","Usar queso sin lactosa.","189","1","4657"
"5513",True,"2024-08-09 21:53:35.602737","Sin aderezo.","130","1","4658"
"5514",True,"2025-06-02 00:00:00","Servir bien caliente.","226","1","4659"
"5515",True,"2024-02-02 14:27:34.954285","Agregar salsa extra.","75","1","4660"
"5516",True,"2024-12-05 21:35:24.147786","Sin aderezo.","155","1","4661"
"5517",True,"2024-09-06 13:38:01.488921","Preparar como la vez pasada.","149","1","4662"
"5518",True,"2023-08-27 22:30:36.231608","No añadir mayonesa.","180","1","4663"
"5519",True,"2023-07-21 20:24:40.43002","Sin cebolla, por favor.","258","1","4664"
"5520",True,"2023-08-18 22:19:20.327082","Entrega rápida.","307","1","4665"
"5521",True,"2025-03-14 16:22:04.210495","Poco picante.","232","1","4666"
"5522",True,"2024-11-15 13:29:27.08433","No añadir mayonesa.","187","1","4667"
"5523",True,"2024-08-17 21:55:35.56778","Usar queso sin lactosa.","103","1","4668"
"5524",True,"2024-05-31 15:12:53.950762","Servir en dos platos.","289","1","4669"
"5525",True,"2023-10-20 12:54:43.318269","No añadir mayonesa.","128","1","4670"
"5526",True,"2023-12-01 14:52:45.210655","Servir en dos platos.","240","1","4671"
"5527",True,"2024-06-14 14:55:08.44549","Dividir el plato.","154","1","4672"
"5528",True,"2024-10-25 21:32:17.520101","Poco picante.","326","1","4673"
"5529",True,"2023-12-12 12:41:46.798638","Dividir el plato.","281","1","4674"
"5530",True,"2025-05-23 20:24:54.56816","Servir en dos platos.","137","1","4675"
"5531",True,"2024-08-08 21:14:08.319854","Servir en dos platos.","163","1","4676"
"5532",True,"2024-12-14 21:27:45.96909","","60","1","4677"
"5533",True,"2024-02-04 16:22:30.092661","Servir bien caliente.","235","1","4678"
"5534",True,"2025-01-17 21:35:14.114032","Sin aderezo.","95","1","4679"
"5535",True,"2023-06-22 15:37:53.371817","Con limón aparte.","70","1","4680"
"5536",True,"2024-07-26 20:11:25.676917","Agregar salsa extra.","382","1","4681"
"5537",True,"2025-03-22 19:58:59.63114","Servir bien caliente.","45","1","4682"
"5538",True,"2025-06-02 00:00:00","Agregar cubiertos adicionales.","198","1","4683"
"5539",True,"2025-01-03 13:18:08.587388","Entrega rápida.","292","1","4684"
"5540",True,"2024-08-20 22:37:21.084814","No añadir mayonesa.","185","1","4685"
"5541",True,"2025-02-07 20:59:05.696652","","307","1","4686"
"5542",True,"2025-02-07 19:59:56.854027","Agregar cubiertos adicionales.","140","1","4686"
"5543",True,"2024-08-20 12:38:43.906043","Sin cebolla, por favor.","124","1","4687"
"5544",True,"2023-06-28 20:12:12.546616","Plato para compartir.","286","1","4688"
"5545",True,"2024-10-11 16:05:07.692903","Cocinar bien la carne.","94","1","4689"
"5546",True,"2024-03-08 20:25:31.669048","Usar queso sin lactosa.","262","1","4690"
"5547",True,"2025-05-16 16:16:25.101978","No incluir pan.","140","1","4691"
"5548",True,"2024-05-03 21:22:32.553556","Poco picante.","215","1","4692"
"5549",True,"2024-06-07 23:20:49.908924","","170","1","4693"
"5550",True,"2024-01-05 14:42:46.774002","Servir bien caliente.","298","1","4694"
"5551",True,"2024-12-31 13:37:50.823198","No añadir mayonesa.","135","1","4695"
"5552",True,"2024-10-04 22:49:02.357705","","266","1","4696"
"5553",True,"2023-11-10 21:35:13.07704","Agregar salsa extra.","130","1","4697"
"5554",True,"2025-03-14 22:10:09.529011","Usar queso sin lactosa.","47","1","4698"
"5555",True,"2023-07-21 20:35:46.088916","Agregar salsa extra.","188","1","4699"
"5556",True,"2025-06-02 00:00:00","Plato para compartir.","250","1","4700"
"5557",True,"2024-07-05 20:38:31.750097","Dividir el plato.","176","1","4701"
"5558",True,"2024-05-18 14:23:47.202932","Servir en dos platos.","247","1","4702"
"5559",True,"2024-07-05 20:14:11.968969","No añadir mayonesa.","138","1","4703"
"5560",True,"2025-06-02 00:00:00","Agregar salsa extra.","107","1","4704"
"5561",True,"2024-07-13 14:09:30.170416","Sin cebolla, por favor.","273","1","4705"
"5562",True,"2023-08-30 21:02:55.863849","Entrega rápida.","118","1","4706"
"5563",True,"2024-12-20 13:08:26.014249","Dividir el plato.","189","1","4707"
"5564",True,"2025-04-04 16:02:15.210781","Preparar como la vez pasada.","125","1","4708"
"5565",True,"2025-02-08 21:38:36.495034","Preparar como la vez pasada.","190","1","4709"
"5566",True,"2023-12-15 19:24:49.729848","No añadir mayonesa.","175","1","4710"
"5567",True,"2023-12-15 20:11:50.258818","Entrega rápida.","322","1","4710"
"5568",True,"2024-11-29 19:48:42.572449","No incluir pan.","307","1","4711"
"5569",True,"2023-07-26 21:15:44.79384","Agregar cubiertos adicionales.","179","1","4712"
"5570",True,"2024-09-13 20:38:38.933762","Preparar como la vez pasada.","190","1","4713"
"5571",True,"2024-09-13 20:18:01.61263","Poco picante.","199","1","4713"
"5572",True,"2023-12-22 21:09:57.985172","Dividir el plato.","172","1","4714"
"5573",True,"2025-04-23 22:44:49.036804","Sin cebolla, por favor.","166","1","4715"
"5574",True,"2025-05-30 23:01:37.69026","Dividir el plato.","60","1","4716"
"5575",True,"2023-11-24 20:32:56.225843","Poco picante.","213","1","4717"
"5576",True,"2025-06-02 00:00:00","Preparar como la vez pasada.","79","1","4718"
"5577",True,"2025-02-26 16:20:03.663358","Usar queso sin lactosa.","195","1","4719"
"5578",True,"2023-08-17 12:22:58.027057","Con limón aparte.","297","1","4720"
"5579",True,"2025-01-03 16:34:39.523108","Dividir el plato.","242","1","4721"
"5580",True,"2024-08-09 14:27:42.269224","Servir en dos platos.","259","1","4722"
"5581",True,"2024-08-09 14:19:45.843898","Poco picante.","254","1","4722"
"5582",True,"2024-08-09 14:01:46.791096","Poco picante.","103","1","4722"
"5583",True,"2023-08-25 12:54:23.340748","Sin aderezo.","150","1","4723"
"5584",True,"2024-11-08 14:43:52.840623","Preparar como la vez pasada.","154","1","4724"
"5585",True,"2025-05-16 22:09:51.080194","No añadir mayonesa.","215","1","4725"
"5586",True,"2023-06-30 13:15:18.123333","Entrega rápida.","191","1","4726"
"5587",True,"2024-01-12 22:46:47.924051","Agregar cubiertos adicionales.","359","1","4727"
"5588",True,"2023-09-10 21:48:16.052481","Cocinar bien la carne.","73","1","4728"
"5589",True,"2023-11-12 16:45:51.022205","Sin cebolla, por favor.","157","1","4729"
"5590",True,"2024-05-10 20:08:16.503863","Poco picante.","143","1","4730"
"5591",True,"2024-03-08 14:01:20.016752","Agregar salsa extra.","156","1","4731"
"5592",True,"2023-07-05 13:59:42.867889","Sin aderezo.","342","1","4732"
"5593",True,"2023-07-05 13:21:11.31559","Entrega rápida.","320","1","4732"
"5594",True,"2025-01-07 21:51:09.948026","Entrega rápida.","159","1","4733"
"5595",True,"2025-02-05 22:53:24.654788","Sin aderezo.","188","1","4734"
"5596",True,"2024-10-10 14:55:30.930973","Sin cebolla, por favor.","245","1","4735"
"5597",True,"2023-11-03 15:11:50.152096","Sin cebolla, por favor.","197","1","4736"
"5598",True,"2024-07-05 23:22:34.609198","No añadir mayonesa.","185","1","4737"
"5599",True,"2024-05-12 21:54:29.624062","Cocinar bien la carne.","169","1","4738"
"5600",True,"2024-04-05 13:06:29.677867","No añadir mayonesa.","166","1","4739"
"5601",True,"2025-01-03 16:55:25.529522","Sin cebolla, por favor.","270","1","4740"
"5602",True,"2024-12-20 13:18:22.692662","Sin aderezo.","117","1","4741"
"5603",True,"2024-12-20 13:45:46.30884","Preparar como la vez pasada.","309","1","4741"
"5604",True,"2023-10-20 14:44:39.728902","Plato para compartir.","372","1","4742"
"5605",True,"2025-06-02 00:00:00","Usar queso sin lactosa.","89","1","4743"
"5606",True,"2024-07-26 19:16:56.756449","Dividir el plato.","144","1","4744"
"5607",True,"2024-03-29 13:39:51.629671","Agregar salsa extra.","139","1","4745"
"5608",True,"2023-07-21 15:53:32.920364","Poco picante.","173","1","4746"
"5609",True,"2025-02-01 20:56:21.067063","Con limón aparte.","226","1","4747"
"5610",True,"2025-02-01 20:30:49.529513","Servir bien caliente.","249","1","4747"
"5611",True,"2024-09-14 12:54:46.748859","Sin cebolla, por favor.","155","1","4748"
"5612",True,"2025-05-29 14:29:50.014977","Usar queso sin lactosa.","126","1","4749"
"5613",True,"2024-06-14 20:49:46.464499","Con limón aparte.","130","1","4750"
"5614",True,"2024-12-18 14:33:09.990445","Preparar como la vez pasada.","165","1","4751"
"5615",True,"2024-02-23 22:00:45.983391","Con limón aparte.","144","1","4752"
"5616",True,"2025-06-02 00:00:00","Preparar como la vez pasada.","159","1","4753"
"5617",True,"2023-12-23 22:12:51.069334","Usar queso sin lactosa.","135","1","4754"
"5618",True,"2025-01-27 20:30:36.213454","Servir bien caliente.","136","1","4755"
"5619",True,"2023-07-13 22:34:49.470473","Poco picante.","116","1","4756"
"5620",True,"2023-07-13 21:12:34.472092","No añadir mayonesa.","111","1","4756"
"5621",True,"2025-06-02 00:00:00","Agregar salsa extra.","171","1","4757"
"5622",True,"2025-06-02 00:00:00","Servir bien caliente.","78","1","4757"
"5623",True,"2024-09-13 15:48:23.05961","Evitar ingredientes crudos.","130","1","4758"
"5624",True,"2023-10-06 12:32:32.250127","Poco picante.","255","1","4759"
"5625",True,"2024-12-07 21:55:09.945815","Servir bien caliente.","313","1","4760"
"5626",True,"2024-02-06 21:54:45.591272","Agregar cubiertos adicionales.","246","1","4761"
"5627",True,"2023-12-01 13:32:00.472652","Poco picante.","95","1","4762"
"5628",True,"2025-02-21 20:57:05.432872","Agregar salsa extra.","223","1","4763"
"5629",True,"2023-09-09 15:17:28.554006","Usar queso sin lactosa.","88","1","4764"
"5630",True,"2023-07-24 15:29:52.520048","Agregar cubiertos adicionales.","265","1","4765"
"5631",True,"2023-07-29 14:17:44.559348","","92","1","4766"
"5632",True,"2023-06-03 22:41:54.459903","Usar queso sin lactosa.","252","1","4767"
"5633",True,"2024-09-27 15:10:58.673168","Servir en dos platos.","167","1","4768"
"5634",True,"2024-12-20 19:16:14.617636","Sin cebolla, por favor.","150","1","4769"
"5635",True,"2024-12-20 20:09:10.761716","Servir en dos platos.","286","1","4769"
"5636",True,"2024-09-13 15:10:06.276241","Agregar cubiertos adicionales.","230","1","4770"
"5637",True,"2023-10-01 16:47:47.151326","","252","1","4771"
"5638",True,"2024-12-13 13:06:05.046228","Entrega rápida.","171","1","4772"
"5639",True,"2024-12-13 13:18:55.234437","Dividir el plato.","234","1","4772"
"5640",True,"2024-08-30 14:31:23.360484","Usar queso sin lactosa.","425","1","4773"
"5641",True,"2024-04-24 13:02:36.86776","","136","1","4774"
"5642",True,"2024-12-20 15:06:29.45378","Servir en dos platos.","250","1","4775"
"5643",True,"2023-09-01 13:11:17.099205","Sin aderezo.","243","1","4776"
"5644",True,"2023-09-01 14:01:46.382698","Sin aderezo.","193","1","4776"
"5645",True,"2025-03-10 21:59:06.108367","Preparar como la vez pasada.","224","1","4777"
"5646",True,"2025-03-10 22:03:41.485777","Preparar como la vez pasada.","109","1","4777"
"5647",True,"2025-03-10 21:51:19.452534","Preparar como la vez pasada.","189","1","4777"
"5648",True,"2024-10-04 20:27:52.354558","Plato para compartir.","126","1","4778"
"5649",True,"2024-10-04 21:30:39.570688","Usar queso sin lactosa.","63","1","4778"
"5650",True,"2024-01-19 14:33:34.908175","Usar queso sin lactosa.","255","1","4779"
"5651",True,"2025-02-14 15:09:55.976506","Dividir el plato.","128","1","4780"
"5652",True,"2023-11-03 12:28:04.280817","Agregar salsa extra.","268","1","4781"
"5653",True,"2023-10-20 12:37:35.357286","Cocinar bien la carne.","340","1","4782"
"5654",True,"2024-08-16 17:02:12.368266","No añadir mayonesa.","154","1","4783"
"5655",True,"2025-05-11 16:51:07.90043","Agregar salsa extra.","113","1","4784"
"5656",True,"2024-12-13 15:47:18.67748","Dividir el plato.","230","1","4785"
"5657",True,"2024-11-29 20:18:31.282969","No incluir pan.","359","1","4786"
"5658",True,"2023-06-16 14:46:51.0518","No incluir pan.","132","1","4787"
"5659",True,"2023-06-16 13:57:36.590637","Con limón aparte.","156","1","4787"
"5660",True,"2023-06-16 13:41:50.900968","Poco picante.","180","1","4787"
"5661",True,"2023-09-16 14:03:36.234724","No añadir mayonesa.","204","1","4788"
"5662",True,"2024-02-23 14:50:34.397436","Preparar como la vez pasada.","72","1","4789"
"5663",True,"2024-08-16 20:44:46.066838","Servir en dos platos.","88","1","4790"
"5664",True,"2024-10-02 20:23:44.968898","Entrega rápida.","97","1","4791"
"5665",True,"2024-10-02 20:59:35.857038","Entrega rápida.","148","1","4791"
"5666",True,"2024-11-29 21:28:26.057076","Sin cebolla, por favor.","124","1","4792"
"5667",True,"2024-11-29 20:38:38.316319","No añadir mayonesa.","194","1","4792"
"5668",True,"2023-07-07 21:04:07.34128","Poco picante.","216","1","4793"
"5669",True,"2024-06-07 19:56:26.122691","Sin cebolla, por favor.","71","1","4794"
"5670",True,"2024-06-07 20:11:02.124595","Sin aderezo.","109","1","4794"
"5671",True,"2024-07-19 21:24:56.045239","Poco picante.","118","1","4795"
"5672",True,"2023-06-16 20:12:42.039422","Con limón aparte.","261","1","4796"
"5673",True,"2024-10-18 14:07:26.261683","Cocinar bien la carne.","118","1","4797"
"5674",True,"2024-08-09 20:51:42.320796","Dividir el plato.","80","1","4798"
"5675",True,"2025-06-02 00:00:00","Usar queso sin lactosa.","228","1","4799"
"5676",True,"2025-06-02 00:00:00","Servir en dos platos.","170","1","4799"
"5677",True,"2024-02-23 20:06:07.242213","Agregar cubiertos adicionales.","80","1","4800"
"5678",True,"2024-02-23 21:07:16.332194","Servir bien caliente.","134","1","4800"
"5679",True,"2024-08-29 22:28:33.065532","Sin cebolla, por favor.","73","1","4801"
"5680",True,"2023-12-08 21:09:41.358202","No añadir mayonesa.","236","1","4802"
"5681",True,"2024-04-24 21:15:22.648024","Servir bien caliente.","76","1","4803"
"5682",True,"2024-12-27 20:46:05.315288","Poco picante.","272","1","4804"
"5683",True,"2024-12-27 20:49:28.932316","Con limón aparte.","226","1","4804"
"5684",True,"2024-12-27 19:41:08.739009","Evitar ingredientes crudos.","133","1","4804"
"5685",True,"2025-06-02 00:00:00","Entrega rápida.","152","1","4805"
"5686",True,"2023-06-30 17:37:17.636479","Evitar ingredientes crudos.","84","1","4806"
"5687",True,"2023-12-24 14:34:49.607526","Agregar cubiertos adicionales.","310","1","4807"
"5688",True,"2023-12-24 14:20:22.349738","Cocinar bien la carne.","231","1","4807"
"5689",True,"2024-12-11 15:16:24.888861","Poco picante.","189","1","4808"
"5690",True,"2024-12-19 22:06:33.44166","Sin cebolla, por favor.","195","1","4809"
"5691",True,"2024-08-30 21:00:32.463667","Cocinar bien la carne.","343","1","4810"
"5692",True,"2024-09-06 13:19:35.298759","Agregar cubiertos adicionales.","241","1","4811"
"5693",True,"2024-08-16 16:16:54.212318","Cocinar bien la carne.","199","1","4812"
"5694",True,"2024-07-19 20:38:56.973944","Evitar ingredientes crudos.","95","1","4813"
"5695",True,"2024-12-27 12:09:51.682642","Agregar salsa extra.","70","1","4814"
"5696",True,"2024-11-15 14:43:39.501045","Plato para compartir.","272","1","4815"
"5697",True,"2023-12-26 20:48:38.427239","Servir en dos platos.","217","1","4816"
"5698",True,"2023-12-15 13:13:23.385854","Servir en dos platos.","302","1","4817"
"5699",True,"2024-12-25 23:00:50.953899","Poco picante.","242","1","4818"
"5700",True,"2023-11-03 14:12:38.435286","Preparar como la vez pasada.","115","1","4819"
"5701",True,"2024-07-28 22:42:00.053039","Poco picante.","137","1","4820"
"5702",True,"2024-07-28 22:38:16.807449","No incluir pan.","286","1","4820"
"5703",True,"2025-02-10 13:02:22.63235","Entrega rápida.","115","1","4821"
"5704",True,"2024-04-19 22:00:31.338972","Agregar salsa extra.","85","1","4822"
"5705",True,"2024-07-19 20:35:50.589022","Agregar salsa extra.","194","1","4823"
"5706",True,"2023-06-06 22:04:49.427931","Cocinar bien la carne.","44","1","4824"
"5707",True,"2025-06-02 00:00:00","Evitar ingredientes crudos.","188","1","4825"
"5708",True,"2025-06-02 00:00:00","Cocinar bien la carne.","189","1","4826"
"5709",True,"2024-10-25 15:50:17.455593","Usar queso sin lactosa.","64","1","4827"
"5710",True,"2023-12-01 21:36:32.515124","Agregar salsa extra.","105","1","4828"
"5711",True,"2023-12-01 20:21:10.989356","Dividir el plato.","248","1","4828"
"5712",True,"2025-06-02 00:00:00","Con limón aparte.","50","1","4829"
"5713",True,"2024-10-25 14:40:34.986848","Servir bien caliente.","113","1","4830"
"5714",True,"2025-05-23 22:25:28.361045","Agregar cubiertos adicionales.","219","1","4831"
"5715",True,"2025-05-24 00:07:14.391695","Preparar como la vez pasada.","299","1","4831"
"5716",True,"2024-05-24 21:39:46.755694","Cocinar bien la carne.","149","1","4832"
"5717",True,"2023-08-12 16:09:34.850285","Sin cebolla, por favor.","58","1","4833"
"5718",True,"2023-07-22 15:58:44.97812","Servir bien caliente.","124","1","4834"
"5719",True,"2023-07-22 15:51:26.357271","Cocinar bien la carne.","112","1","4834"
"5720",True,"2025-02-08 16:34:55.724599","Usar queso sin lactosa.","92","1","4835"
"5721",True,"2025-01-29 20:47:15.235959","Sin aderezo.","160","1","4836"
"5722",True,"2025-05-30 19:59:12.542318","No añadir mayonesa.","79","1","4837"
"5723",True,"2025-02-28 22:35:40.703938","No añadir mayonesa.","56","1","4838"
"5724",True,"2024-07-26 22:54:59.657959","Usar queso sin lactosa.","204","1","4839"
"5725",True,"2024-03-26 15:26:52.660088","Agregar cubiertos adicionales.","428","1","4840"
"5726",True,"2023-10-13 22:47:29.496973","Sin aderezo.","203","1","4841"
"5727",True,"2024-08-22 23:10:56.701149","Poco picante.","106","1","4842"
"5728",True,"2024-08-22 22:43:53.568727","Servir en dos platos.","119","1","4842"
"5729",True,"2024-08-22 22:26:26.02414","Servir en dos platos.","136","1","4842"
"5730",True,"2024-01-26 19:53:39.133934","Cocinar bien la carne.","80","1","4843"
"5731",True,"2024-03-01 20:05:20.044721","No incluir pan.","44","1","4844"
"5732",True,"2024-03-01 20:25:30.875825","Agregar salsa extra.","94","1","4844"
"5733",True,"2023-08-13 16:50:13.747516","Servir bien caliente.","120","1","4845"
"5734",True,"2024-04-30 14:48:58.274198","No añadir mayonesa.","266","1","4846"
"5735",True,"2025-06-02 00:00:00","Plato para compartir.","100","1","4847"
"5736",True,"2024-04-26 20:32:18.34782","Preparar como la vez pasada.","168","1","4848"
"5737",True,"2023-07-28 13:14:06.808471","Poco picante.","206","1","4849"
"5738",True,"2023-08-13 21:55:19.841448","","76","1","4850"
"5739",True,"2023-08-13 21:36:56.382566","Cocinar bien la carne.","184","1","4850"
"5740",True,"2023-08-13 21:42:47.6318","Sin aderezo.","67","1","4850"
"5741",True,"2024-08-10 21:07:59.462456","Sin aderezo.","336","1","4851"
"5742",True,"2024-08-26 20:03:50.387433","No incluir pan.","290","1","4852"
"5743",True,"2024-08-26 19:45:14.115422","","208","1","4852"
"5744",True,"2023-12-22 21:59:04.591628","Agregar salsa extra.","247","1","4853"
"5745",True,"2024-11-02 23:39:34.422158","Agregar cubiertos adicionales.","102","1","4854"
"5746",True,"2025-02-14 15:28:41.262311","Poco picante.","118","1","4855"
"5747",True,"2024-03-22 21:36:48.818595","Evitar ingredientes crudos.","151","1","4856"
"5748",True,"2023-12-16 22:50:12.12184","Plato para compartir.","289","1","4857"
"5749",True,"2025-03-21 19:59:36.370113","Agregar salsa extra.","206","1","4858"
"5750",True,"2024-09-20 13:33:36.395266","","275","1","4859"
"5751",True,"2023-11-24 22:28:21.711965","Poco picante.","63","1","4860"
"5752",True,"2023-07-29 23:26:13.492415","Sin aderezo.","195","1","4861"
"5753",True,"2023-12-22 15:57:13.892195","No incluir pan.","125","1","4862"
"5754",True,"2023-11-23 23:03:30.431181","No añadir mayonesa.","94","1","4863"
"5755",True,"2023-12-15 22:58:58.486196","Sin aderezo.","122","1","4864"
"5756",True,"2023-11-16 14:28:33.103296","Servir en dos platos.","274","1","4865"
"5757",True,"2023-11-16 14:30:02.204138","Cocinar bien la carne.","139","1","4865"
"5758",True,"2024-07-03 15:14:30.90528","Sin aderezo.","256","1","4866"
"5759",True,"2025-01-29 16:13:16.768476","No añadir mayonesa.","48","1","4867"
"5760",True,"2025-06-02 00:00:00","No añadir mayonesa.","117","1","4868"
"5761",True,"2024-12-05 20:56:18.75501","Sin cebolla, por favor.","250","1","4869"
"5762",True,"2024-12-05 20:21:08.498897","Poco picante.","216","1","4869"
"5763",True,"2024-12-13 13:51:45.277088","Entrega rápida.","63","1","4870"
"5764",True,"2023-10-13 21:10:13.339148","No incluir pan.","125","1","4871"
"5765",True,"2024-08-14 20:16:29.388052","No añadir mayonesa.","249","1","4872"
"5766",True,"2023-08-04 15:41:54.310857","Entrega rápida.","149","1","4873"
"5767",True,"2024-07-07 20:46:14.001594","Usar queso sin lactosa.","263","1","4874"
"5768",True,"2023-12-16 21:53:15.129286","Con limón aparte.","208","1","4875"
"5769",True,"2024-08-23 21:46:22.918553","No añadir mayonesa.","108","1","4876"
"5770",True,"2025-05-23 20:27:04.903834","Servir en dos platos.","288","1","4877"
"5771",True,"2024-05-10 21:30:19.444508","Servir en dos platos.","81","1","4878"
"5772",True,"2024-04-05 21:20:23.704336","Dividir el plato.","207","1","4879"
"5773",True,"2023-08-04 19:18:58.191606","Dividir el plato.","188","1","4880"
"5774",True,"2024-08-23 13:09:05.489582","Plato para compartir.","45","1","4881"
"5775",True,"2024-08-23 13:32:49.202716","Usar queso sin lactosa.","213","1","4881"
"5776",True,"2025-06-02 00:00:00","Poco picante.","142","1","4882"
"5777",True,"2025-06-02 00:00:00","Poco picante.","144","1","4883"
"5778",True,"2024-12-20 13:02:43.126214","Sin cebolla, por favor.","82","1","4884"
"5779",True,"2024-11-08 20:38:42.980014","Agregar salsa extra.","115","1","4885"
"5780",True,"2024-02-19 21:06:35.224175","Servir bien caliente.","111","1","4886"
"5781",True,"2023-12-01 21:12:50.917779","Sin aderezo.","212","1","4887"
"5782",True,"2023-08-07 16:38:29.134687","Servir en dos platos.","308","1","4888"
"5783",True,"2023-08-07 17:16:29.557268","Servir bien caliente.","117","1","4888"
"5784",True,"2024-07-05 22:10:58.934754","","116","1","4889"
"5785",True,"2024-07-05 21:23:56.501852","Servir en dos platos.","176","1","4889"
"5786",True,"2024-12-15 15:25:32.593088","Servir bien caliente.","123","1","4890"
"5787",True,"2024-09-06 12:49:44.303898","Sin aderezo.","86","1","4891"
"5788",True,"2024-06-18 16:08:16.174636","Agregar cubiertos adicionales.","120","1","4892"
"5789",True,"2024-06-14 22:10:01.559368","Servir en dos platos.","354","1","4893"
"5790",True,"2024-06-14 22:47:23.960061","No incluir pan.","172","1","4893"
"5791",True,"2024-08-30 22:07:55.41504","No añadir mayonesa.","365","1","4894"
"5792",True,"2024-08-30 21:39:30.579787","Servir bien caliente.","110","1","4894"
"5793",True,"2024-08-30 22:25:02.613145","Cocinar bien la carne.","201","1","4894"
"5794",True,"2024-05-03 22:16:23.472382","Usar queso sin lactosa.","48","1","4895"
"5795",True,"2025-06-02 00:00:00","Servir en dos platos.","82","1","4896"
"5796",True,"2025-05-02 21:28:17.450835","Servir bien caliente.","110","1","4897"
"5797",True,"2025-05-02 22:49:46.389834","Servir bien caliente.","96","1","4897"
"5798",True,"2025-05-02 22:47:26.792032","Cocinar bien la carne.","297","1","4897"
"5799",True,"2024-08-14 22:28:02.725231","Agregar salsa extra.","141","1","4898"
"5800",True,"2025-02-14 21:42:34.71814","Dividir el plato.","330","1","4899"
"5801",True,"2024-12-20 12:45:28.174886","Usar queso sin lactosa.","204","1","4900"
"5802",True,"2024-12-20 12:31:24.027707","Servir bien caliente.","268","1","4900"
"5803",True,"2024-12-20 13:05:30.482236","No incluir pan.","164","1","4900"
"5804",True,"2023-12-01 14:04:56.149282","Cocinar bien la carne.","243","1","4901"
"5805",True,"2023-09-08 21:00:52.202665","Plato para compartir.","245","1","4902"
"5806",True,"2025-03-11 21:18:37.401427","Sin cebolla, por favor.","225","1","4903"
"5807",True,"2023-12-04 20:19:33.940585","Poco picante.","282","1","4904"
"5808",True,"2024-02-25 15:31:02.324777","Con limón aparte.","208","1","4905"
"5809",True,"2025-01-17 19:47:00.462884","Con limón aparte.","306","1","4906"
"5810",True,"2024-12-01 13:13:14.017079","No incluir pan.","64","1","4907"
"5811",True,"2025-03-26 22:25:58.259147","","179","1","4908"
"5812",True,"2025-03-26 21:12:29.025485","Agregar salsa extra.","222","1","4908"
"5813",True,"2024-01-03 15:12:36.500496","Poco picante.","164","1","4909"
"5814",True,"2023-08-16 13:13:44.958432","Agregar cubiertos adicionales.","268","1","4910"
"5815",True,"2023-11-02 13:45:05.378992","Agregar cubiertos adicionales.","252","1","4911"
"5816",True,"2025-01-10 21:17:30.007742","Cocinar bien la carne.","46","1","4912"
"5817",True,"2025-01-10 21:09:44.880273","Plato para compartir.","248","1","4912"
"5818",True,"2024-07-18 14:18:35.513782","Poco picante.","226","1","4913"
"5819",True,"2024-11-22 20:33:49.214989","Sin cebolla, por favor.","82","1","4914"
"5820",True,"2024-11-15 15:34:05.689644","Servir en dos platos.","310","1","4915"
"5821",True,"2023-06-25 14:37:05.085284","Cocinar bien la carne.","240","1","4916"
"5822",True,"2024-08-28 21:51:09.61659","Sin cebolla, por favor.","218","1","4917"
"5823",True,"2025-05-25 19:47:19.167598","Dividir el plato.","141","1","4918"
"5824",True,"2025-05-25 21:37:55.969583","No incluir pan.","160","1","4918"
"5825",True,"2025-03-14 14:05:12.621587","No añadir mayonesa.","124","1","4919"
"5826",True,"2024-10-02 23:12:48.81941","Usar queso sin lactosa.","118","1","4920"
"5827",True,"2023-09-01 20:54:56.982729","Agregar salsa extra.","84","1","4921"
"5828",True,"2024-02-16 20:51:35.839785","Evitar ingredientes crudos.","95","1","4922"
"5829",True,"2024-02-16 22:40:35.574285","Servir en dos platos.","47","1","4922"
"5830",True,"2025-06-02 00:00:00","Cocinar bien la carne.","164","1","4923"
"5831",True,"2025-03-28 15:45:18.702721","Dividir el plato.","109","1","4924"
"5832",True,"2023-12-07 22:16:57.018696","Cocinar bien la carne.","241","1","4925"
"5833",True,"2025-04-25 20:39:14.531002","Entrega rápida.","133","1","4926"
"5834",True,"2024-09-06 21:18:56.501053","Preparar como la vez pasada.","75","1","4927"
"5835",True,"2024-05-17 23:07:28.719295","Sin cebolla, por favor.","85","1","4928"
"5836",True,"2024-05-17 23:12:26.367565","Usar queso sin lactosa.","141","1","4928"
"5837",True,"2023-08-18 21:41:13.294445","Agregar cubiertos adicionales.","87","1","4929"
"5838",True,"2025-05-23 12:37:17.119737","Agregar salsa extra.","104","1","4930"
"5839",True,"2025-05-23 12:32:54.933012","","272","1","4930"
"5840",True,"2025-02-07 20:40:10.849177","No incluir pan.","101","1","4931"
"5841",True,"2025-02-07 20:10:16.824393","Usar queso sin lactosa.","255","1","4931"
"5842",True,"2023-08-18 22:29:41.027021","Cocinar bien la carne.","278","1","4932"
"5843",True,"2023-07-07 12:50:47.534219","","194","1","4933"
"5844",True,"2023-07-07 12:32:09.898623","No incluir pan.","185","1","4933"
"5845",True,"2023-07-07 13:40:05.483281","No añadir mayonesa.","270","1","4933"
"5846",True,"2025-06-02 00:00:00","Plato para compartir.","162","1","4934"
"5847",True,"2024-08-24 14:38:06.369493","","150","1","4935"
"5848",True,"2024-12-21 15:20:19.626231","Dividir el plato.","292","1","4936"
"5849",True,"2024-04-12 21:22:49.813137","Sin cebolla, por favor.","299","1","4937"
"5850",True,"2024-04-12 21:57:20.776282","Servir bien caliente.","246","1","4937"
"5851",True,"2024-05-04 22:29:26.616321","","244","1","4938"
"5852",True,"2023-08-08 19:37:43.497647","Agregar salsa extra.","142","1","4939"
"5853",True,"2023-08-08 19:23:20.927554","Entrega rápida.","250","1","4939"
"5854",True,"2023-11-12 21:41:42.939387","Sin cebolla, por favor.","293","1","4940"
"5855",True,"2023-11-12 22:21:46.674089","Agregar cubiertos adicionales.","197","1","4940"
"5856",True,"2023-09-22 13:39:33.499859","Plato para compartir.","161","1","4941"
"5857",True,"2023-09-22 12:47:14.459827","Evitar ingredientes crudos.","296","1","4941"
"5858",True,"2023-10-27 21:31:05.749743","Usar queso sin lactosa.","202","1","4942"
"5859",True,"2023-10-27 21:09:48.328039","Agregar cubiertos adicionales.","216","1","4942"
"5860",True,"2023-08-30 13:33:35.036347","Poco picante.","237","1","4943"
"5861",True,"2023-09-01 13:27:07.214564","No incluir pan.","101","1","4944"
"5862",True,"2024-09-14 14:52:12.325751","Servir en dos platos.","80","1","4945"
"5863",True,"2024-09-14 14:48:40.255614","Agregar salsa extra.","206","1","4945"
"5864",True,"2024-09-14 15:27:51.862692","Evitar ingredientes crudos.","189","1","4945"
"5865",True,"2023-12-22 15:32:24.785848","Entrega rápida.","228","1","4946"
"5866",True,"2025-06-02 00:00:00","Sin aderezo.","106","1","4947"
"5867",True,"2023-07-08 19:24:22.715137","Con limón aparte.","244","1","4948"
"5868",True,"2025-05-14 14:02:43.11545","Entrega rápida.","199","1","4949"
"5869",True,"2024-07-26 14:45:35.018085","Entrega rápida.","68","1","4950"
"5870",True,"2024-04-16 19:43:46.446933","","242","1","4951"
"5871",True,"2024-07-17 12:37:43.874244","Plato para compartir.","143","1","4952"
"5872",True,"2024-10-04 14:05:36.614991","Sin aderezo.","191","1","4953"
"5873",True,"2024-08-02 14:29:20.677972","Plato para compartir.","224","1","4954"
"5874",True,"2024-03-15 20:22:22.269564","Agregar cubiertos adicionales.","152","1","4955"
"5875",True,"2023-09-15 19:26:39.668772","No añadir mayonesa.","193","1","4956"
"5876",True,"2023-09-15 19:50:38.225262","Usar queso sin lactosa.","247","1","4956"
"5877",True,"2023-09-15 20:08:03.700191","No añadir mayonesa.","277","1","4956"
"5878",True,"2025-03-28 15:00:29.379491","Evitar ingredientes crudos.","145","1","4957"
"5879",True,"2024-06-07 21:42:35.241014","","82","1","4958"
"5880",True,"2023-08-04 23:38:51.906488","Agregar cubiertos adicionales.","275","1","4959"
"5881",True,"2024-12-20 22:23:36.623625","Servir en dos platos.","143","1","4960"
"5882",True,"2024-08-12 13:28:28.031703","Agregar salsa extra.","134","1","4961"
"5883",True,"2024-08-12 15:41:52.822013","Dividir el plato.","129","1","4961"
"5884",True,"2024-09-28 15:33:40.084697","Entrega rápida.","253","1","4962"
"5885",True,"2024-09-28 15:35:16.801995","","117","1","4962"
"5886",True,"2025-04-21 14:28:11.218181","Servir bien caliente.","122","1","4963"
"5887",True,"2025-04-21 16:00:48.266589","Con limón aparte.","363","1","4963"
"5888",True,"2023-11-17 15:12:48.701532","No añadir mayonesa.","148","1","4964"
"5889",True,"2024-01-26 15:01:08.539544","Entrega rápida.","209","1","4965"
"5890",True,"2024-03-26 21:56:30.585092","Dividir el plato.","226","1","4966"
"5891",True,"2024-08-05 15:06:01.080154","","97","1","4967"
"5892",True,"2023-10-28 20:32:05.54087","Sin aderezo.","207","1","4968"
"5893",True,"2024-02-23 14:24:51.995906","Con limón aparte.","158","1","4969"
"5894",True,"2024-02-23 14:20:57.050333","Preparar como la vez pasada.","75","1","4969"
"5895",True,"2025-06-02 00:00:00","Con limón aparte.","92","1","4970"
"5896",True,"2025-06-02 00:00:00","","163","1","4970"
"5897",True,"2024-08-30 20:20:24.358399","No incluir pan.","288","1","4971"
"5898",True,"2023-06-16 16:37:02.574727","Agregar salsa extra.","110","1","4972"
"5899",True,"2023-06-16 15:05:31.088825","Usar queso sin lactosa.","31","1","4972"
"5900",True,"2023-07-08 22:29:40.950231","Agregar salsa extra.","272","1","4973"
"5901",True,"2023-07-08 20:33:12.424868","","199","1","4973"
"5902",True,"2024-07-29 19:56:16.782235","Agregar salsa extra.","242","1","4974"
"5903",True,"2024-07-29 19:46:35.679748","Poco picante.","104","1","4974"
"5904",True,"2024-12-20 14:02:04.747921","Sin cebolla, por favor.","80","1","4975"
"5905",True,"2023-06-28 21:34:54.841797","Servir en dos platos.","290","1","4976"
"5906",True,"2023-10-19 20:09:31.343179","Dividir el plato.","306","1","4977"
"5907",True,"2024-09-20 13:41:28.358246","Cocinar bien la carne.","213","1","4978"
"5908",True,"2025-03-27 16:23:23.814359","Evitar ingredientes crudos.","171","1","4979"
"5909",True,"2024-12-31 21:15:54.908097","Con limón aparte.","129","1","4980"
"5910",True,"2025-03-07 15:14:02.207761","Sin cebolla, por favor.","201","1","4981"
"5911",True,"2025-03-07 14:26:58.307859","No añadir mayonesa.","248","1","4981"
"5912",True,"2025-03-07 15:11:02.890045","Con limón aparte.","195","1","4981"
"5913",True,"2023-12-27 22:45:47.152352","Entrega rápida.","168","1","4982"
"5914",True,"2024-12-29 16:01:36.079387","Agregar salsa extra.","107","1","4983"
"5915",True,"2023-12-22 14:18:23.124293","Con limón aparte.","111","1","4984"
"5916",True,"2023-12-22 14:02:45.564316","Cocinar bien la carne.","140","1","4984"
"5917",True,"2023-12-22 14:47:56.56965","Preparar como la vez pasada.","221","1","4984"
"5918",True,"2024-01-26 13:43:57.085042","Sin cebolla, por favor.","89","1","4985"
"5919",True,"2024-01-26 14:14:30.925244","Servir en dos platos.","57","1","4985"
"5920",True,"2025-01-31 13:20:03.353177","Servir bien caliente.","126","1","4986"
"5921",True,"2024-10-15 12:51:27.963741","Con limón aparte.","87","1","4987"
"5922",True,"2024-10-15 12:53:54.960589","Usar queso sin lactosa.","70","1","4987"
"5923",True,"2024-10-15 14:04:48.334013","Con limón aparte.","158","1","4987"
"5924",True,"2023-06-27 13:22:54.994964","Dividir el plato.","43","1","4988"
"5925",True,"2024-12-18 22:40:38.4662","Plato para compartir.","306","1","4989"
"5926",True,"2024-10-25 20:00:53.417719","Dividir el plato.","51","1","4990"
"5927",True,"2024-10-04 14:19:13.687431","Servir bien caliente.","149","1","4991"
"5928",True,"2024-05-03 23:25:39.192792","Preparar como la vez pasada.","189","1","4992"
"5929",True,"2025-06-02 00:00:00","Servir en dos platos.","312","1","4993"
"5930",True,"2024-06-29 23:09:37.879145","No añadir mayonesa.","154","1","4994"
"5931",True,"2025-01-24 13:44:15.216631","Entrega rápida.","197","1","4995"
"5932",True,"2024-08-30 21:00:09.677559","Agregar salsa extra.","115","1","4996"
"5933",True,"2023-12-22 21:54:28.686161","Agregar cubiertos adicionales.","101","1","4997"
"5934",True,"2024-08-02 15:27:15.013016","Sin cebolla, por favor.","324","1","4998"
"5935",True,"2023-12-29 14:44:43.133511","Entrega rápida.","244","1","4999"
"5936",True,"2024-08-02 15:02:05.927492","Servir bien caliente.","270","1","5000"
